id	OP_meta_p	OP_dir_consistent	OP_mean_logFC	OP_meta_FDR
ADAM29	0.000232054840712727	TRUE	-0.164837950782447	0.0417661879181208
HIVEP3	0.00405219882427342	TRUE	-0.122292765716422	0.12578993415208
MMP3	0.000146985531912765	TRUE	-0.121167833492242	0.0362776285337425
ART1	0.00740896620969044	TRUE	-0.114278839685972	0.161192131150488
ZNF528	0.00416888868656082	FALSE	0.10244688511778	0.126142333845694
COQ7	0.00184812184082543	FALSE	0.0583389004109587	0.0919116383908751
TLR3	0.00988284285888558	TRUE	0.130640257186334	0.181036438088697
IFNA2	0.0154944387459496	TRUE	-0.14051861029053	0.215044603354128
TRPV2	0.00478022244569376	FALSE	-0.0462069967926075	0.134587643408052
BIK	0.00221838595926025	TRUE	-0.125877326904044	0.100216248573912
EGLN2	0.014164493671594	FALSE	-0.0507472442260006	0.20750800225091
ZNF222	0.00999405937984239	FALSE	0.116309152793157	0.181316222892852
ZNF706	0.0246683717897262	FALSE	0.15379313422786	0.262021025112917
ELSPBP1	0.00744229460467735	TRUE	-0.0959444490257273	0.161192131150488
AP2A2	0.0122483059321201	FALSE	-0.0586555560018914	0.194787574985007
AZGP1	0.0192774480677109	TRUE	0.111880380294592	0.236565999610145
SDF2L1	0.0274002078103965	FALSE	-0.0955103901963798	0.273782581144005
C19orf10	0.00177158409144802	TRUE	-0.142476266050158	0.0906680095836422
TMEM177	0.0162368830978366	FALSE	0.0795637182443636	0.219047216772424
CNR1	0.00646818563056152	TRUE	-0.0976012935488854	0.152879112889354
TIMM13	0.00744904107265683	TRUE	-0.120269904221096	0.161192131150488
ACTR1B	0.0207553998866077	FALSE	-0.0673672633804873	0.245046875381046
ENOX1	0.0333059349546585	FALSE	-0.0531347769135917	0.295785280228938
CCT8L2	0.0199466644529991	FALSE	-0.124567043468324	0.241135533918911
LRRC36	0.0398618119953749	TRUE	-0.0723379152412587	0.315649780659111
NDUFB1	0.000881836862782591	FALSE	-0.055619548351477	0.0700145764944866
RRP8	0.030533605910519	TRUE	-0.107540373728328	0.28828119597518
ZNF79	0.00307538005214038	FALSE	0.0335602719009473	0.114647011330044
PPAT	0.0190815903580598	TRUE	0.121337252877334	0.235248110984553
CENPN	0.00405212880998039	FALSE	0.0674204209189643	0.12578993415208
EIF1	0.0289860911307357	FALSE	-0.064807780145917	0.280873858356871
BRD4	0.0048833956564474	TRUE	-0.227131763248487	0.135717704285434
COTL1	0.0251325751431933	FALSE	-0.0709482873347939	0.262356954225944
PEX26	0.00557477136881255	TRUE	-0.158376612582597	0.14289526848422
RASSF8	0.0555765670154706	TRUE	-0.0726352724735404	0.352254160641935
ACOT8	0.0244118778880496	FALSE	-0.0386194622353662	0.260945710413733
SH3BGRL	0.0127266813122162	TRUE	0.255647840833648	0.19795421823845
ATXN2L	0.0335569759403798	TRUE	-0.0891025338753917	0.296341549990628
ST18	0.0568987635558229	FALSE	-0.0429959920483025	0.3563035238434
C2CD2L	0.0503428197779142	FALSE	-0.156469422497688	0.342948264819582
UGT2A1	0.0013655283426123	TRUE	0.113197215995161	0.0805646145902433
TMEM5	0.0285592279065265	TRUE	-0.0986527047471596	0.279648605554494
CD80	0.0164752115753873	FALSE	0.0488794665688348	0.220541176034442
CXADR	0.0200107865216981	FALSE	-0.204631379332703	0.241135533918911
ZNF668	0.0566135236650742	FALSE	-0.0773839192113745	0.355935076973369
ACOXL	0.0625744660249779	TRUE	-0.0522059443823509	0.370512725982885
PIM1	0.0013629893454048	FALSE	-0.067199940061608	0.0805646145902433
HLX	0.00236346863880742	FALSE	-0.0193009333534805	0.104187822029736
PLSCR4	0.0426750914078176	FALSE	0.0638404443774247	0.320883860393398
MECOM	0.0665201610372358	TRUE	-0.053253038781086	0.379387188192066
EFCAB1	0.000286430466194894	FALSE	-0.0137775611975641	0.0444908911806014
ST3GAL4	0.0245917908182792	TRUE	-0.0917803967976751	0.261581910026705
LIPT1	0.00764338466215427	FALSE	0.074845228205762	0.162604763009695
DKK1	0.0118960540154114	TRUE	-0.0866415463230018	0.193780590549037
HSD17B6	0.0159394449368937	FALSE	0.0325396750834294	0.21696377673024
CACNA2D3	0.000366351562630181	FALSE	-0.0775684068123095	0.0454972172962296
GPR64	0.0774507656335563	FALSE	-0.0408215067579594	0.39864468067131
SALL1	0.0255418342953707	FALSE	-0.0556875377381817	0.264250783827744
IRF2	0.040869398644071	TRUE	0.143985712578299	0.317364908789891
DNASE2B	0.0417428716175372	FALSE	0.0429214244404918	0.318723219275291
MRPL49	0.0479015852294203	TRUE	-0.0929794166004769	0.338188665708987
GMCL1	0.0799073551884807	TRUE	-0.0752234434237668	0.40359443228605
WASF2	0.0293425790694511	FALSE	-0.0349429977616492	0.281676473985794
ZNF264	0.00136499055614022	TRUE	0.185955099049126	0.0805646145902433
WDR5B	0.00373665063864533	FALSE	0.0220135691485819	0.122456305178033
FRMPD1	0.0140370736391537	TRUE	-0.0700877285593266	0.206988577079226
RGS7	0.0649489916538923	FALSE	-0.055508135638016	0.376126974649379
GYPB	0.0574279908015542	TRUE	-0.142777222483694	0.357346528363767
CYP51A1	0.0811261456165775	FALSE	0.211496496586621	0.404718860056172
TPM3	0.017548760677251	FALSE	-0.0519928380495193	0.225857924140972
IL22	0.0670029914247896	TRUE	0.0766153580067634	0.380692155939657
MEF2C	0.0662388428985017	TRUE	0.120902030764025	0.378951684977856
NR4A1	0.081875952064224	TRUE	-0.158154766079083	0.405708879671919
GABRR1	0.0124003365125544	TRUE	-0.0676890471216332	0.195832055314561
ABCG1	0.0632937642621682	FALSE	0.0696318559255724	0.372051836686742
MAP1LC3B	0.000890082967638501	TRUE	0.24048421094686	0.0700145764944866
NDST4	0.00123856033583371	FALSE	-0.0133356491327313	0.0799607950943813
IFNA1	0.0520824006230323	TRUE	-0.186435860847102	0.347031879329511
SPATA20	0.0118880708329519	FALSE	-0.071453334816214	0.193780590549037
TP63	0.000262279941215372	TRUE	-0.100621068112568	0.0437351801976633
CYBA	0.0699199729077799	TRUE	-0.104468679444834	0.386931465496006
ZNF37BP	1.20349796309188e-05	FALSE	0.0581228448382795	0.0124058758213626
ABCA1	0.0254946774147129	FALSE	0.0807977909985502	0.264003787402218
DUSP13	0.0761383680659417	TRUE	-0.0843810685312177	0.395957406698881
GABRG3	0.0152272694107964	TRUE	-0.0775310518330792	0.213162972653112
AHCTF1	0.018024886585227	FALSE	-0.105421086370671	0.228316372015862
TRIM13	0.072026927246783	TRUE	0.078269549064034	0.389820912000371
SRD5A1	0.00636856533916674	FALSE	-0.00703124412184	0.151857618266516
HMGCS2	0.0690943237994546	FALSE	-0.0455834355062489	0.386078546394581
ARHGEF3	0.0101109524806988	FALSE	0.060497509652936	0.182270413638543
AKR1C2	0.0158803726724279	FALSE	0.0762587310682343	0.21696377673024
FEZF2	0.0241046200979424	TRUE	-0.087990974508078	0.260679249341885
UNC119	0.0884802127585657	FALSE	-0.0740279802201352	0.419022005261167
CPT1A	0.0119501012530155	TRUE	-0.187336127597341	0.193780590549037
G0S2	0.0578679896741833	FALSE	-0.206713841865238	0.358707666060615
MCM5	0.0848957304883251	TRUE	-0.0501719038624908	0.414035564734244
LOC100506571	0.0740267488298037	TRUE	0.0858417872989816	0.393340817704379
CD63	0.0477895124893061	FALSE	-0.0725570341346023	0.337623228732861
TMEM8A	0.00241117421354644	FALSE	0.0394706547295335	0.104195511035175
COASY	0.00670883482341049	TRUE	-0.0941173860749477	0.154931727215176
GIP	0.0532197009403795	FALSE	0.0744665298217609	0.347786552196209
C7orf26	0.0102462048241665	TRUE	-0.0953212126905109	0.183541416273655
FUT4	0.00818719962308068	FALSE	-0.060899342326966	0.166926263818315
SMR3B	0.0462240776736108	TRUE	0.113939596293166	0.334028893265042
CSF2	0.0965630706163012	FALSE	0.0562549564666474	0.432265557725322
ST6GALNAC4	0.00321907010120886	FALSE	-0.00123092701376949	0.115119738188728
NFKBIA	5.50893846076046e-05	FALSE	-0.0293775967293605	0.0306838931770202
SEPT8	0.020260271164088	FALSE	-0.0395724343217606	0.242302356577516
HEBP2	0.0589170835403415	FALSE	0.0595751491036324	0.360644597450668
STAM	0.0981990242945223	FALSE	0.0844267721516786	0.433935594885265
UPP1	0.0427395513317075	TRUE	-0.122526650517868	0.321155581544222
LRIT1	0.103951079615156	TRUE	-0.0880985827764957	0.443800242896057
HMHB1	0.100150098461322	TRUE	-0.0845313470431164	0.436509467534004
SMAD7	0.0348099139350356	FALSE	-0.0614753487465609	0.299931317712286
EIF2AK2	0.0904978193944101	FALSE	0.116418964522494	0.422690118013128
PLA2G16	0.0275013987056197	TRUE	-0.1632883977021	0.273782581144005
RHBDF2	0.000333417553612835	FALSE	0.0157372228516065	0.0454972172962296
MMP14	0.0392381830712033	FALSE	-0.0430263658886322	0.314883337108893
POLR2J	0.0574515143493384	FALSE	-0.178153521082277	0.357346528363767
CXorf40A	0.104598341886313	TRUE	-0.0646700515678822	0.443829305439923
PCSK5	0.0463842309523124	FALSE	0.0601381709657413	0.334028893265042
GOLGA2	0.0716250281258105	FALSE	-0.0697946418824486	0.389150068959542
ZNF14	0.0897493511882201	TRUE	0.106401465933663	0.42079241165159
GNG13	0.0322904979244839	TRUE	-0.0968820051245837	0.293757546820657
MEP1A	0.00770079606816518	FALSE	0.0290389159078231	0.162699532413254
CGRRF1	0.0872630361907215	TRUE	0.114034076291385	0.418356551032022
PTPRR	0.00278554414838588	FALSE	0.018938800133323	0.113095185309455
PIK3R3	0.0121467813070936	FALSE	0.0485261725582998	0.193989229917091
SVIL	0.0864526085602603	FALSE	-0.0778524787423278	0.417320616630392
GNB2	0.0462675583701998	FALSE	-0.0293234410114565	0.334028893265042
DAD1	0.0988730532775087	FALSE	0.195710891444594	0.434795758213988
SREBF2	0.00317251036761738	FALSE	-0.0056916795673875	0.114647011330044
CDCA4	0.0855201973611856	FALSE	-0.0515566641103481	0.414931437736174
PI4KB	0.0299972351791386	FALSE	-0.0162248235986979	0.286040112140437
NFE2L3	0.121949431048537	TRUE	-0.0950462922081517	0.472101262772059
BPESC1	0.0866423921570279	TRUE	-0.0720357728504654	0.417421760079403
FIS1	0.0783331051922446	TRUE	-0.107588916819837	0.400459458870542
ELOVL2	0.0155804202610567	TRUE	-0.0684432608267738	0.215678243952882
ASB12	0.0379076496798679	TRUE	-0.127833977516596	0.30990255206923
DNAJB5	0.0683700808910954	FALSE	0.0608608027925944	0.383910752305847
MMP7	0.118158975568272	TRUE	-0.0575854719088778	0.465371526213491
ZNF202	0.057001022334591	FALSE	0.0356999544196876	0.3563035238434
ZNF175	0.00552185093319452	FALSE	0.0970364801888221	0.14289526848422
CAMKK2	0.00183447236675086	FALSE	-0.00138079588295	0.0916347232008283
DND1	0.00230452120321149	FALSE	-0.324459376697863	0.102877818595335
SLC7A4	0.0447280701598966	FALSE	0.0599410048810575	0.328266399704251
KLHL1	0.0245852793077169	FALSE	-0.0231413820074948	0.261581910026705
RELB	0.100584925813785	FALSE	-0.102012871047915	0.437153113761024
BHLHE40	0.0524514028530991	FALSE	-0.0608535354081257	0.347162049761473
MARCH8	0.00751094732207808	TRUE	0.191670033675282	0.161300438797431
LPA	0.0656190727980678	FALSE	0.168746677890974	0.378270276031726
CCNB2	0.119785372269847	FALSE	-0.0988626813662525	0.467715680498553
KIT	0.0682340989047456	FALSE	0.0497286384399655	0.383782960059976
MFSD10	7.21095590084401e-05	FALSE	0.0787506227126595	0.0306838931770202
MEX3C	0.0174671387277576	TRUE	0.151444343852498	0.225857924140972
ZNF423	0.134702182804265	TRUE	-0.0474017695706275	0.488139357883529
APOC3	0.0511334882940839	TRUE	-0.105392471548949	0.345120609384891
TRIM28	0.000369670042877013	FALSE	0.0693869367909595	0.0454972172962296
HIST1H2BO	0.000255640945381989	TRUE	-0.18104545668404	0.0433824325877159
CYTL1	0.131006910888657	FALSE	-0.0482262038947607	0.483714543330017
ELAC1	0.11738133293503	TRUE	0.0561541024308592	0.465054833735256
TFE3	0.105952440706464	FALSE	-0.0566024474239472	0.44611761053494
TLX3	0.0392888396959565	FALSE	0.0478636764532065	0.314883337108893
PNPLA6	0.0698790047703889	FALSE	-0.0727912117265725	0.386931465496006
NFKB2	9.58468181194155e-05	FALSE	0.0336526136872185	0.0329335475956379
RFX2	0.0352317343468594	FALSE	-0.0403365315220532	0.301495107058277
PGC	0.0264745598314131	TRUE	-0.0896332099377624	0.269959562885246
SLC25A14	0.00027172569880356	TRUE	-0.131086266252886	0.0441717500099726
MAP3K8	0.135849721003155	FALSE	-0.0722764360845056	0.489136716266414
ALLC	0.0252962004305554	FALSE	0.0421932395184108	0.263391750855893
OR10H2	0.0174486512112298	TRUE	-0.200501274990814	0.225857924140972
FLOT1	0.0579159493633008	TRUE	-0.131959423334793	0.358707666060615
CSK	0.0437978379582923	FALSE	-0.0732441369256324	0.325292783149328
CCNJ	0.0258425088119537	TRUE	-0.0885815717700306	0.265905814354576
NRXN1	0.118144199580331	TRUE	-0.0818633910013068	0.465371526213491
PDE6H	0.119282696443425	FALSE	-0.0794833974012712	0.467052932024664
TRIP11	0.0963963982417299	TRUE	0.122223225776216	0.431797141918123
FZD1	0.0244438252759199	FALSE	-0.0248850620349724	0.260987320907397
GC	0.135113685842633	FALSE	-0.0381026094615588	0.488849420475306
IER3	0.0503165264684852	FALSE	-0.0595728539601585	0.342948264819582
SEPW1	0.108885196131425	TRUE	-0.0879268282974043	0.451921390532296
ZNF350	0.143343829620222	TRUE	0.0814324812770462	0.498085661632712
UQCR11	0.10926462706217	FALSE	-0.0605046424432916	0.452799135567336
ZNF155	0.0039005690041091	TRUE	0.106657452426049	0.123543441166461
CYB5B	0.0461392833607638	FALSE	0.131259724735632	0.334028893265042
SH3BP1	0.072863680191068	TRUE	-0.108660974329923	0.391511801015228
NUDT1	0.0650693625133003	TRUE	-0.0897225674814148	0.376595019437978
PLK3	0.0112017277519408	FALSE	-0.112149338999632	0.190715301770655
EIF5A	0.0320211215667087	TRUE	-0.172582419267855	0.293522633342692
FLRT3	0.00660335408335781	TRUE	0.100176328918169	0.154382333919988
ESRRA	0.0575975742002412	TRUE	-0.142232497035199	0.357862407592622
ZFP64	0.106547141907554	FALSE	0.0382894110641674	0.447191751798937
CLCN4	0.0922561963452865	TRUE	0.0935253026175967	0.424330155147084
ATP6V0B	0.0780332160835348	TRUE	-0.119070700303296	0.399827671564031
ZNF225	0.00942673461725089	TRUE	0.0969130797421927	0.179044797026814
OGFOD1	0.0396028833290583	FALSE	0.0771005784319874	0.315649780659111
HMGN5	0.0120029188394824	TRUE	0.0951332924762065	0.193780590549037
COPE	0.0352838880912191	TRUE	-0.219216581609465	0.301495107058277
TFF3	0.119702530230351	FALSE	-0.0690943570217725	0.467715680498553
MED25	0.0497607396758139	TRUE	-0.0924288365847055	0.341172813634031
LGALS8	0.0733499040992495	FALSE	0.0848978371534893	0.392411769896611
LIMD1	0.0793036537841796	TRUE	-0.110042135816309	0.402254990178429
EFHD2	0.0868951864903089	FALSE	-0.056232756966277	0.417501915090514
OXSM	0.00585693383045698	FALSE	0.0315243779029508	0.146928700671574
CASC1	0.119714306090051	TRUE	-0.0443931643639486	0.467715680498553
HDAC5	0.0112665376151256	FALSE	-0.0251964229208985	0.191127881827236
PLP1	0.0419855909279998	FALSE	-0.0482749858520808	0.318900165581219
ZKSCAN5	0.00599085221593307	TRUE	0.0797296107373562	0.14825975358844
TBCA	0.00118142305928544	FALSE	-0.0895952322530285	0.0794464460801913
ZDHHC18	0.100862067903354	FALSE	-0.0629695654417322	0.437276577293118
KBTBD4	0.08044449271713	FALSE	0.0777662638686694	0.404446980436354
ZSCAN12	0.110243172252137	FALSE	0.0575317819176137	0.453970160025283
TRIM68	0.139339227867036	TRUE	0.107938091867156	0.494097450017809
CCDC25	0.0359199188984205	FALSE	0.0946491818321505	0.303884161821354
TMED1	0.0110900981223304	FALSE	-0.0372562365162904	0.190469082960513
ATOX1	0.0740058472999072	FALSE	-0.0385759742042167	0.393340817704379
RBMS1	0.116514924775681	FALSE	0.0936942454654507	0.464703841013346
CIDEA	0.00625821596879492	TRUE	-0.111771690853144	0.151057846479984
STXBP2	0.0167176494188594	FALSE	0.046199727765895	0.221613581108449
EEF1A1	0.0400303716895495	TRUE	-0.143612690080292	0.315649780659111
POU2F2	0.0514653585994137	FALSE	-0.0649342941763969	0.345919206377447
ZCCHC2	0.0460577671378356	TRUE	0.129556960865651	0.334028893265042
POGLUT1	1.92074359714797e-07	FALSE	-0.012022215037936	0.000856572447883932
ING1	0.0230604623956405	TRUE	-0.0809552902074114	0.257077699632435
NEDD9	0.106880258816652	FALSE	0.0639501844418564	0.447696806325089
ACR	0.00253007176691247	TRUE	-0.127063441405187	0.107016286573487
PVRL3	0.0932827558886361	TRUE	0.0890573035664793	0.426569235707425
TNIP1	0.00130551266557725	FALSE	0.0436503559060915	0.0804522180161982
ELAVL2	0.0895953362478646	FALSE	-0.0469446699167479	0.42079241165159
GDF11	0.0815192396693305	FALSE	-0.0642181880875782	0.405350005941942
PPIF	0.00524114885821237	FALSE	-0.0485577421362715	0.14042612035311
NME3	0.0405609831580619	TRUE	-0.168274600701995	0.316359868821128
GABRA4	0.127254771279199	FALSE	-0.0588839623540156	0.477954320979065
CST2	0.143508762373584	FALSE	-0.0776801748847362	0.498085661632712
RNMTL1	0.0147081375539705	FALSE	-0.0459166348207188	0.211108318638572
GJB1	0.0174548148703071	FALSE	-0.0439198262627822	0.225857924140972
MAZ	0.0042882854508239	FALSE	0.0251899432911955	0.127960180860243
FPGS	0.161116599438084	TRUE	-0.102734237069076	0.517262277639015
MAPK8IP1	0.0691545956470049	FALSE	-0.069141317112945	0.386081406090799
HABP2	0.0846477834990582	FALSE	-0.0489675081257682	0.413537792803025
TNPO1	0.117836317962536	TRUE	0.10566504997163	0.465176008090599
IER2	0.000492495142155245	FALSE	-0.022905801481046	0.0534011269983601
SHMT1	0.113629542213124	FALSE	0.0883703427015363	0.460159063983789
TRA2B	0.0322892992867863	FALSE	0.004828797612346	0.293757546820657
ALDH1B1	0.0628459106496562	TRUE	0.103290834234353	0.370937844138902
ACSS3	0.0293607140646964	TRUE	-0.0771339469160389	0.281676473985794
GAS6	0.0164934224602881	TRUE	-0.11001619913438	0.220541176034442
MYLIP	0.00562322608469484	FALSE	0.030028551279849	0.14350679123868
PURA	0.0248795813886531	FALSE	0.048133299339526	0.262222209906497
MCOLN1	0.141214824428155	FALSE	-0.0956513402641466	0.496376019684525
TSC22D4	0.0203218574041112	FALSE	-0.0387741251423893	0.242302356577516
VASP	0.0394564478521778	FALSE	-0.0210095279863855	0.315290107255704
H1FX	0.0646954883306634	FALSE	-0.026631320132104	0.375346170185337
TTR	0.0574900259713378	TRUE	0.0869340813719398	0.357390024390899
WDR37	0.0563785439410283	FALSE	-0.0354626682260138	0.355665011262286
TNFSF9	0.027270320355126	TRUE	-0.0822690631644983	0.273782581144005
KIAA1279	0.128007760749072	FALSE	0.085096633487948	0.479049001236943
CDK5R1	0.0735985336976608	TRUE	-0.0885433389783406	0.392785545822049
CCL25	0.161193418471774	FALSE	-0.0658750607167419	0.517262277639015
CETN3	0.0525963490623797	TRUE	0.159890941452723	0.347162160757257
MORF4L1	0.0293147635455451	FALSE	-0.0666225833527435	0.281676473985794
TK1	0.0398248116014721	FALSE	-0.0482074102566429	0.315649780659111
NFKBIB	0.00826294835750488	FALSE	-0.0122665748905828	0.166989946604104
C14orf93	0.000872820509564011	TRUE	-0.0854699472952674	0.0700145764944866
CHPF2	0.0464570368190172	TRUE	-0.0897184849759204	0.334028893265042
CKB	0.0107097750961203	FALSE	-0.0360848873000777	0.18828210705163
PQLC1	0.159516411068422	FALSE	-0.0783106403715123	0.516639984320148
KIAA0040	0.00666050270260915	TRUE	0.198650781042977	0.154761147837879
SKA1	0.169628126374005	FALSE	-0.0647488722080272	0.527104868642523
ZFP36	0.00228060095327413	FALSE	0.0251484176808885	0.102212388178559
PLAG1	0.0626396101477396	FALSE	0.102776522085685	0.370599958842767
HMGN2	0.0896027073432795	TRUE	-0.21080400394262	0.42079241165159
RHOC	0.143735288275218	FALSE	-0.0880137247648287	0.498416883225829
ELL	0.00914663887596387	FALSE	-0.0241119466386174	0.177271498541381
CHODL	0.0145931945681475	FALSE	-0.0266537661507246	0.210256967227732
DAPK3	0.000163167744529577	FALSE	0.023803175673628	0.0362776285337425
ILVBL	0.0219265190146828	TRUE	-0.0954648613197667	0.251899492510119
ZNF132	0.0420064958217938	TRUE	-0.0834323491450883	0.318900165581219
FUT7	0.17391219354179	FALSE	-0.067378899149685	0.528971132021033
DHRS7B	0.145398695995779	FALSE	0.0916532744011	0.50035684791992
CA4	0.00564459201803079	FALSE	-0.024603018514036	0.14350679123868
NFKBIE	0.164202212507667	FALSE	-0.093188182060562	0.520703768558187
HBP1	0.000353866360722921	TRUE	0.877546430418646	0.0454972172962296
TESK1	0.122030801070344	FALSE	-0.0459788219384689	0.472255035268473
CCIN	0.0160089873402122	TRUE	-0.194155909029661	0.21696377673024
SPI1	0.0811025629782892	FALSE	-0.0322593243386335	0.404718860056172
GATM	0.156584994567288	FALSE	0.10218407854922	0.513155275548692
SEC11A	0.0309122744741648	TRUE	-0.1120521446925	0.289920827347027
CEBPZ	0.141308915384218	FALSE	0.104766146411655	0.496376019684525
EIF4G1	0.00741515247038555	FALSE	0.008267644716729	0.161192131150488
ZC3H3	0.173420508855998	TRUE	-0.0655464724548354	0.528971132021033
ZNF22	0.0645946054023937	FALSE	0.160589308348554	0.375346170185337
SLC39A2	0.0351879181422754	TRUE	-0.102813390234569	0.301495107058277
TERF2	0.120280764679397	FALSE	0.0270815800770539	0.468578980571615
CMKLR1	0.0552449689837002	TRUE	0.198927022158525	0.351330736571047
KIR2DL1	0.0950398525025778	TRUE	-0.136337696824788	0.428492405211399
CDC34	0.0069731225727864	FALSE	0.001845445876601	0.156471712789466
DNAH17	0.0135819611793956	TRUE	-0.0711562564154078	0.204187605414421
VPS53	0.134662251455236	FALSE	-0.126218701832335	0.488139357883529
SLC22A13	0.101400965946382	TRUE	-0.0588923075324316	0.438180469842237
PGS1	0.0147749724353738	TRUE	-0.150125664171061	0.211733340716708
CPT2	0.00197541337202923	FALSE	0.020688345054393	0.0957231291685446
IQSEC1	0.158901265435298	TRUE	-0.0773801055464994	0.515595080260899
ANKRD46	0.122343033193106	TRUE	0.121952650055548	0.472817877769812
JAK3	0.109125527627183	TRUE	-0.0770336239327833	0.45250729603179
POLE3	0.111818515938812	TRUE	0.0771784681554152	0.456082788572012
ZNF239	0.143462189515047	TRUE	-0.0654325949864263	0.498085661632712
REM1	0.00955909776107769	FALSE	-0.00432640457280885	0.179831745312785
UQCRFS1	0.128813144540125	FALSE	-0.19366725469064	0.480287256073997
PTPN6	0.00820583439312442	FALSE	0.048384519393563	0.166926263818315
RPS18	0.0327910834340237	FALSE	-0.123012031223962	0.294392791020107
TBC1D15	0.106704316967464	FALSE	0.0868002809900404	0.447475679426645
FRS3	0.149886087305057	TRUE	-0.0641012752553168	0.505719309595992
SARM1	0.0918928274934853	FALSE	-0.0426137593157911	0.424330155147084
GUSB	0.0151403464223363	TRUE	-0.0992280619659054	0.212414120565263
CYSLTR2	0.000119441706933937	TRUE	0.208157049528693	0.0359079766534698
APCS	0.000759728588617382	TRUE	0.0875303023313118	0.0650599446857973
PRDM12	0.0138503495860793	FALSE	-0.0541632823800695	0.206307701003418
SPP1	0.144665279066761	FALSE	-0.0429221895777916	0.499059231418942
CLDN14	0.105198595184956	FALSE	-0.0686777781325295	0.445065825259588
TEX264	0.122484373158134	TRUE	-0.076191297898304	0.473041657779321
CEBPA	0.0041939906393709	FALSE	0.034445270200284	0.126142333845694
PNPLA2	0.0635798617740748	FALSE	-0.0544902334141945	0.372785616570476
CETP	0.100272122919207	FALSE	-0.042228482404102	0.436798156658043
RIN3	0.0486923894670283	TRUE	-0.111903046595209	0.339309421545291
RRP12	0.035103919408114	FALSE	-0.0849486074603354	0.301495107058277
LIPF	0.0579234268063309	FALSE	-0.0294436553209048	0.358707666060615
GMIP	0.156942756500184	FALSE	-0.107829246499111	0.513437367557874
ERP29	0.0950306287524304	FALSE	-0.095757284330734	0.428492405211399
SIVA1	0.167538368535207	TRUE	-0.123888733475992	0.525199083098898
DCPS	0.0862614354573617	TRUE	-0.0690675791131921	0.416752627461024
SERINC3	0.0970971094985118	TRUE	0.0867634534736597	0.432967620343262
CDH11	0.0606794280144665	FALSE	-0.0242391312613042	0.366135237604887
RUNX1T1	0.171362671522073	FALSE	0.0385158084738082	0.528154751940414
PAM16	0.144575672539393	FALSE	-0.112215300469463	0.499039132701423
VARS	0.0491804591112477	FALSE	-0.0167760378358488	0.340271889850333
PI15	0.13355938485202	TRUE	0.0672732127400224	0.487111567975894
JMJD6	0.0105966209021789	FALSE	-0.0120959451212095	0.188036125836943
PITPNM1	0.170397703316995	FALSE	-0.0618801704254711	0.52733188473758
SLC12A9	0.170884976167191	FALSE	-0.0777722987009585	0.527686477331094
RSF1	0.146032552025805	TRUE	0.123926456812768	0.500598580720017
FLJ11710	0.167963493649676	TRUE	0.118610320151563	0.525314645980203
TAS2R9	0.107517441214847	FALSE	0.0866149311562875	0.448418118524473
PLEK	0.00331395708704063	FALSE	0.0095133105800905	0.116337335634531
CADM4	0.098744499844708	FALSE	-0.0397905559286653	0.434795758213988
RAB8B	0.00375950612260191	FALSE	0.0608645443239515	0.122578970654052
UBTD1	0.00809347922657155	FALSE	-0.0581802014730506	0.166858110818354
CD1B	0.0175564739342169	FALSE	0.0663174576448586	0.225857924140972
SERHL	0.176864596637636	FALSE	0.0608665079682513	0.533377180419738
KHDRBS2	0.00555263824512921	TRUE	-0.0964638266471572	0.14289526848422
FSTL3	0.0679758606945675	TRUE	-0.125058817510856	0.382900301525687
ABCC3	0.156935402096056	TRUE	-0.159944588719095	0.513437367557874
CHPF	0.161220372980364	FALSE	-0.0983539945981528	0.517262277639015
SELE	0.124506116616232	TRUE	0.0529354707936678	0.476060529651821
KLHL21	0.0953984388261696	FALSE	-0.0504026745100643	0.429098600991105
MAT2B	0.16454614236612	FALSE	0.114944888273636	0.520703768558187
HMGA1	0.136450284754306	FALSE	-0.148300513576559	0.489136716266414
LMF1	0.0618554216293773	FALSE	-0.0587195961496085	0.369551053234735
IER5	0.155972197370915	TRUE	-0.129404192327912	0.512945434624202
ATP5G2	0.105473014055239	TRUE	-0.106580706690494	0.445256331486355
PMP2	0.181205135883363	TRUE	0.0712248869903054	0.537594200884733
JUNB	0.00317765110952835	FALSE	0.0265151472358135	0.114647011330044
HJURP	0.0677348673560652	FALSE	-0.0256609674370167	0.382683438440669
RPS2	0.00325504187245052	TRUE	-0.168915327638123	0.115119738188728
CABIN1	0.0619341440157364	FALSE	-0.0492602124504759	0.369551053234735
SHOC2	0.106562493461569	TRUE	0.143433768759609	0.447191751798937
ADCK3	0.0329748917444613	FALSE	-0.00671887671927605	0.294875628935684
DLST	0.00763807809248342	FALSE	-0.0030560394449835	0.162604763009695
HARS	0.0164031608411333	TRUE	0.114885202297772	0.22009425044661
VOPP1	0.140692710710284	FALSE	-0.0710619998956767	0.496376019684525
ZC3H7B	0.0991435764965654	FALSE	-0.0498814192087005	0.43539715244562
HNRNPAB	0.124403176228166	TRUE	0.0902648610936894	0.476060529651821
GTSE1	0.143148980719575	TRUE	-0.0472226494181171	0.498085661632712
SH3BP2	0.0886038392917802	FALSE	-0.147122397996545	0.419315080855382
SIKE1	0.0880805057835193	FALSE	0.0633123540372664	0.4184038099236
RAB5A	0.0706295446766822	FALSE	0.0313751840259525	0.387642016983979
MTMR14	0.0426031850828488	TRUE	-0.0851575505371407	0.320813659267558
RGS5	0.109561578203597	TRUE	0.0663798360862267	0.453070290025742
NOL11	0.0214215473977706	FALSE	0.0445916693509605	0.249382880845299
FRZB	0.0658581522849587	TRUE	-0.0594282103934791	0.378270276031726
LPAR6	0.0748131060805987	FALSE	0.203528086815463	0.394194149557578
IFI16	0.113988494114502	FALSE	0.092942391092191	0.460463981117563
P2RY11	0.0483229383351447	FALSE	-0.0468223990063186	0.338823885721396
MLF1	0.196817633501408	FALSE	0.0627064469892154	0.55320324537085
FAM134C	0.134138513700837	TRUE	0.0850939048867146	0.487984185041447
HNF4G	0.0346087249484889	TRUE	-0.0555888601069503	0.299650606823466
JUND	0.105036963567166	TRUE	-0.289342419533804	0.444998352921034
GALNS	0.122720020483885	TRUE	-0.0982853190840895	0.473467952455519
PCMT1	0.0435474209077569	TRUE	0.177459945088705	0.324431146959958
ARRB2	0.19349623633848	TRUE	-0.0872923056255342	0.549640798372832
TSGA10	0.100737786701996	FALSE	0.076094345280215	0.437232776134713
INTS6	0.0374860046720762	TRUE	0.215280978962631	0.30913004143758
SKIV2L2	0.104268514728068	TRUE	-0.112901123351862	0.443829305439923
RAD51AP1	0.11704782562157	TRUE	0.0751308356175251	0.465054833735256
FAM184A	0.0942336707255522	TRUE	0.0481900442853189	0.427406236942815
PCGF2	4.62725348591904e-06	TRUE	-0.145531966311775	0.00749548961097657
TAF5	0.164364040503122	FALSE	0.0495071598877209	0.520703768558187
CROCC	0.0265434986691611	TRUE	-0.0979912039565359	0.270297425558098
ULK1	0.202198111637038	FALSE	-0.103264811714737	0.55811207104488
VRK3	0.0310553428672836	FALSE	0.0487356622374639	0.290147132064376
UBAC1	0.0574376459233629	FALSE	-0.0341189827283375	0.357346528363767
PGLS	0.116800588386824	FALSE	-0.0412740797425845	0.465028747092062
FLOT2	0.0533470593889124	FALSE	-0.0072174318409265	0.347786552196209
ZBTB7A	0.068562603227902	FALSE	-0.0698559152898966	0.384296271874039
C11orf63	0.113159372389153	TRUE	-0.0653180989219803	0.459264029597392
API5	0.154601536239322	TRUE	0.201304882803058	0.511683251435398
EBAG9	0.12452557817685	FALSE	0.0784629487862471	0.476060529651821
DRAM1	0.00324099046933751	FALSE	-0.073030603533633	0.115119738188728
STX18	0.0895859670128623	TRUE	0.0840665562677652	0.42079241165159
ARNTL2	0.0719757382451988	FALSE	-0.0387394383292647	0.389820912000371
EXOSC8	0.0952790145596477	FALSE	0.0712323099259026	0.428887950016612
METTL5	0.0175321201031471	TRUE	0.113660561797148	0.225857924140972
PTER	0.13565639621133	TRUE	0.163705770286493	0.489136716266414
MT1G	0.00902167293889567	TRUE	-0.157338401922354	0.175466122562844
POU4F1	0.0183604374237966	FALSE	-0.0561043438592232	0.230040485915922
MB	0.0763984189016741	TRUE	-0.0824333997127009	0.396120552567489
FAU	0.0112933839689786	TRUE	-0.122551837679217	0.191127881827236
TAGLN	0.129197813673077	FALSE	-0.0986970839641407	0.481108049011173
ACADVL	0.0938823307329582	FALSE	-0.127098470213393	0.427175167281097
RNPEPL1	0.181574264684124	FALSE	-0.0597424381830549	0.538209821967096
ADAM10	0.154342259551578	FALSE	0.090165498228207	0.511600895024217
CARS	0.19317169821363	FALSE	-0.0338442099759089	0.549499453723677
TMEM123	0.0695169930921557	TRUE	0.160182343921411	0.386392388296044
AUP1	0.213887365468616	TRUE	-0.0848857640237322	0.569980925275826
IQGAP2	0.191612390513976	TRUE	0.0947458350939652	0.548382861190805
GBF1	0.0172321172070186	TRUE	-0.0822003015976489	0.225247646188818
PIP5K1C	0.0434861342395639	FALSE	-0.0323539191305587	0.324400839567378
NDUFB3	0.0337353245577864	FALSE	-0.0792281089810442	0.29745322329762
CIC	0.143369670803439	TRUE	-0.0863081498549549	0.498085661632712
EMILIN2	0.100873667896351	TRUE	-0.169711037202049	0.437276577293118
CYC1	0.19785033774378	TRUE	-0.055804729686531	0.554479728046644
SETD8	0.117162516904078	TRUE	-0.152590403607475	0.465054833735256
SMPD2	0.0496437057367759	FALSE	-0.0261556327754664	0.341157563242001
TASP1	0.0687586297921955	FALSE	0.0930897731346676	0.385014371957385
GULP1	0.176099405719382	TRUE	-0.0587199841693559	0.532542046431866
PRTN3	0.00835909168316049	FALSE	-0.049782364251466	0.167462439214411
ITM2B	0.123978253403011	TRUE	0.10078822323644	0.475410691693182
CXorf36	0.183587582600952	TRUE	-0.0690470023636947	0.540603686224248
HTR1B	0.0869343885714139	FALSE	-0.0640708952545578	0.417513355362669
ASL	0.178126228656105	TRUE	-0.07610629282821	0.535464821508902
BAG2	0.128174192893873	TRUE	0.121314996741251	0.479049001236943
LASP1	0.000377170687524965	FALSE	0.0131755516377891	0.0454972172962296
BNIP3L	0.179404664113148	FALSE	0.0635899946997389	0.537029959445351
EBF2	0.0670617360489957	TRUE	-0.0725476198552641	0.380692155939657
PPP1R14D	0.044232155080525	FALSE	0.0389088161561265	0.327167910279238
RAB25	0.220541878407379	FALSE	0.059964280341984	0.574087318471365
GSTTP1	0.192134389186185	FALSE	-0.112511362478501	0.548562570181104
POLQ	0.0725096005872509	FALSE	-0.0100608789203083	0.39055133326086
KCNB1	0.00884478328946858	FALSE	-0.0313835668305175	0.173814554106212
MAPK13	0.151402607237035	FALSE	-0.0913994207099156	0.507221232094814
MIF	0.132465604563859	TRUE	-0.10352748152658	0.485935778113748
GSTA3	0.151258737275275	FALSE	0.0656950383172882	0.507221232094814
CCDC121	0.0564283759820841	TRUE	-0.0818097582545848	0.355665011262286
UNC45A	0.0199598865275014	FALSE	-0.00275243379635135	0.241135533918911
RAMP2	0.113566226335418	TRUE	-0.0742961939492879	0.460066966922938
MED27	0.015726755846835	TRUE	-0.129961077045734	0.215890659258186
KIAA0195	0.0409496847891469	FALSE	-0.0263368015707165	0.317383351314624
HCFC1R1	0.174929309431133	TRUE	-0.0753529560837509	0.530238039507173
GFRA2	0.0496209973785666	FALSE	0.118391472935657	0.341157563242001
CBX5	2.0007236102085e-05	TRUE	0.223019087556368	0.0189051708467952
ATP6V0E2	0.0600528007167101	FALSE	-0.0505283389254554	0.363039292280027
CLPS	0.120248642395011	TRUE	-0.0609355147842846	0.468578980571615
ZNF480	0.193092092579141	TRUE	0.201731047658447	0.549499453723677
PFN1	0.0754157127109984	FALSE	-0.0436420519735565	0.394822338855002
HSPD1	0.162552840924325	TRUE	-0.149767106051417	0.519207510772089
ADORA3	0.00132195139779149	FALSE	0.0329944589107415	0.0805646145902433
FN1	0.0344803498977962	FALSE	0.0612447003895117	0.299650606823466
JUP	0.217828009592005	TRUE	0.147158372662763	0.57209195400598
IVD	0.0610643947647024	FALSE	-0.0173865150018253	0.366695618978048
UBE2K	0.164537759971459	TRUE	0.122364891890144	0.520703768558187
DDX25	0.1266779834881	FALSE	0.0357474102973563	0.477954320979065
LIMK2	0.000309762688571589	FALSE	0.00832878477141899	0.0454972172962296
KDM4D	0.191149722569841	TRUE	-0.0491553514267586	0.548026979575077
PCYOX1L	0.000650127644727895	TRUE	-0.14128726311704	0.0614316446964134
TNFSF8	0.00650406531445611	FALSE	0.0137935632223225	0.153007461827008
DDIT3	0.00294086353603715	TRUE	-0.171870750478598	0.113423304881378
RLBP1	0.0255979784506748	TRUE	-0.0910458349873071	0.264301424983078
EDDM3B	0.0674194985693482	TRUE	0.0881850824589811	0.381342923865396
KIF21B	0.195059225742086	TRUE	-0.08156285448439	0.55103262202501
GPNMB	0.141137059167782	FALSE	0.0833653521254459	0.496376019684525
ZNF234	0.155348155055948	TRUE	0.0899992826637789	0.512718887041164
CD48	0.00443979539639618	FALSE	0.0697385848478271	0.130846457436584
SRF	0.20281494889636	FALSE	-0.0384198074643476	0.559398445421114
LFNG	0.189338039153187	TRUE	-0.107132517802632	0.545716272152157
DVL3	0.0621515497652281	FALSE	-0.0167044990622892	0.369551053234735
FMNL1	0.12051666604827	FALSE	-0.064103381820406	0.468753270300837
MBNL2	0.126511798517636	FALSE	0.0497158141790343	0.477954320979065
CSTF2	0.0141081082922004	FALSE	0.0196627026599591	0.207217409229612
RBM42	0.0636466198488526	FALSE	-0.004701507455645	0.372785616570476
GDPD5	0.159772372676677	FALSE	-0.0703175772255644	0.516878440451024
IBSP	0.126501268569432	TRUE	0.0631074882538918	0.477954320979065
HK3	0.0153137400298502	FALSE	-0.065233651137219	0.21394974706488
ALOX5	0.0518348827947964	FALSE	-0.0086953217106975	0.34696324439799
POLR2A	0.161056716733319	FALSE	-0.0384785371593575	0.517262277639015
PELP1	0.0367102245747865	FALSE	-0.0348466809950308	0.307200912511811
IFT27	0.0482705953658419	TRUE	-0.115044681808864	0.338703649109927
AGBL3	0.000768853742648984	FALSE	-0.121550594174667	0.0650599446857973
PHGDH	0.211582993791865	FALSE	-0.0513037881942551	0.568247173521071
UNC5B	0.212051419870711	FALSE	-0.0499002248275463	0.568645997504995
SLC28A1	0.142299314139991	TRUE	-0.0577472348431782	0.497599911417046
CYTH4	0.0973406140640126	FALSE	-0.0812453178920223	0.433181013685965
STAC	0.0464143061030256	TRUE	-0.0706005814544483	0.334028893265042
SIRT4	0.00806768039520101	TRUE	-0.0921853018983889	0.166758139395365
RPS6KA4	0.234157140511564	FALSE	-0.0994023428835493	0.589369104608352
B3GAT3	0.0665491769392379	FALSE	-0.0648673835853525	0.379387188192066
ATP5A1	0.0012738274757572	TRUE	-0.13723024378019	0.0799607950943813
TMEM209	0.109662727159203	FALSE	0.170835873125918	0.4533232458105
SLC38A10	0.175667872205988	FALSE	-0.0858894949456126	0.531881976753992
OR12D3	0.0679091176871664	TRUE	0.0705266062457264	0.382900301525687
PTPN18	0.119267576405299	TRUE	-0.0842591228293485	0.467052932024664
GDF3	0.0447056015532514	TRUE	-0.0895622307193423	0.328266399704251
RRP1	0.213620801057	TRUE	-0.0924086688315986	0.569672216177168
DACT1	0.0635591830012956	TRUE	-0.0656457929205707	0.372785616570476
E2F2	0.213308953991518	TRUE	-0.0529893056992803	0.569376231005137
OLIG2	0.0327466605040201	FALSE	-0.0510832405076837	0.294392791020107
HPGDS	0.143100464407604	TRUE	0.120491404499994	0.498085661632712
HIST1H4E	0.00341194743183005	FALSE	0.110568473181433	0.116882392536317
ARSD	0.0672414593564859	FALSE	-0.048600378072628	0.380692155939657
KCNIP2	0.217660331778262	TRUE	-0.0855274375707354	0.57209195400598
HAPLN1	0.173945737704327	TRUE	-0.0681492474420199	0.528971132021033
SNAP23	0.214900494146585	TRUE	0.110943836293696	0.570875139502127
NDUFB7	0.160260036672764	TRUE	-0.091545327196427	0.517043237797613
INCENP	0.138446886121136	FALSE	-0.0411859409221015	0.492733597529054
C8B	0.0979024379317119	TRUE	-0.0682299278208394	0.433589634619975
SULF1	0.0143262096027194	FALSE	-0.0100369459550467	0.207996018803118
CRTAM	0.128358207070527	FALSE	0.0524227685229585	0.479240602559336
ROPN1B	0.237299663701625	TRUE	-0.0762867200613171	0.590852192954045
MTCH1	0.0289290861771583	TRUE	-0.134904936484913	0.280604711858681
AIM2	0.0116934642639761	FALSE	0.008377350210231	0.193565242757993
MMP13	0.00919434344957053	TRUE	-0.0637045786219215	0.177271498541381
TRIM17	0.132635677122472	TRUE	-0.0917814420171454	0.486066030840592
ADAM8	0.230647246801004	FALSE	-0.104737344242625	0.584763762521969
ABT1	0.229226301012795	FALSE	0.0640299799308269	0.583957993076629
RNF14	0.18003129771118	TRUE	0.175306388792864	0.537587636872547
C19orf24	0.0376548457741426	FALSE	-0.0586570162033607	0.309397316110871
KRT2	0.0967296325864768	TRUE	-0.0567705008260266	0.432669547888781
ADAMTSL4	0.0803068121538294	FALSE	-0.0798473961301574	0.404392762407975
SNX6	0.00377348662334326	FALSE	0.0801130197056735	0.122578970654052
MPST	0.099437172770115	FALSE	-0.027370168403893	0.435973663285367
HDAC4	0.00325896780655981	FALSE	-0.00770883885816399	0.115119738188728
PWP2	0.212503244345142	TRUE	-0.0826786131310312	0.569116482422065
C20orf27	0.0273300653569531	FALSE	-0.020348369840584	0.273782581144005
GRK6	0.149816298582585	FALSE	-0.108823731588271	0.505719309595992
FEN1	0.0600278925765522	FALSE	-0.0449711585660187	0.363039292280027
PTPRO	0.226448098430814	FALSE	-0.0562681190791356	0.580138948962268
PXN	0.2376624784017	TRUE	-0.0799404551993792	0.590872026874655
MLC1	0.0832874422497047	FALSE	-0.0322974993255599	0.410851513194385
ASGR1	0.228866362553534	TRUE	-0.0937627831133101	0.583828050617441
RLN1	0.0461065542560955	FALSE	0.0626879414639302	0.334028893265042
ZNF136	0.147126373394041	TRUE	0.0957280246048918	0.502063050584502
SSBP2	0.0948594154551395	FALSE	0.086217619248471	0.428492405211399
KLF4	0.0446893403347605	FALSE	-0.0509807941797105	0.328266399704251
CRCT1	0.0767529190286231	TRUE	-0.0758789872353634	0.39702557903969
MKL1	0.166252491602648	FALSE	-0.0580232087791732	0.52277787084926
EGR3	0.00463960260389218	FALSE	-0.00506442142538049	0.132514997293535
ZNF747	0.0107967946600739	TRUE	-0.133769150772869	0.188636139677315
RNF122	0.131339814874906	TRUE	-0.0905636892865635	0.484628103113102
ID1	0.0589355520446008	FALSE	-0.09534447506661	0.360644597450668
KRT5	0.0334089565343923	TRUE	-0.0810423754337784	0.29595637354959
RAB6A	0.182264075773728	TRUE	0.143325496948132	0.538767129187948
BMP8B	0.221798498021358	FALSE	-0.12751386252312	0.575904091839746
GMPPA	0.241506995401261	TRUE	-0.0500169136065151	0.595572936481889
CDRT1	0.0414015341044221	TRUE	0.0954546855871006	0.318657086350813
HMX1	0.0520869096866495	TRUE	-0.141205847051812	0.347031879329511
PARD6A	0.00612233176708222	FALSE	-0.00892211095663399	0.149029088483356
MT3	0.0844430948276765	FALSE	-0.0638562189550256	0.413451828185956
PDP1	0.20216928012181	TRUE	0.208659497458842	0.55811207104488
MIPEP	0.00452348631406128	TRUE	-0.105719515931748	0.130846457436584
ALKBH1	0.00120670220750886	FALSE	0.056482828765758	0.0795511414589707
CAMK1	0.0587741097670459	FALSE	-0.036763550269644	0.360644597450668
BIN3	0.185940951882002	TRUE	-0.0744240617233681	0.541973872200225
TAB2	0.192058649491332	TRUE	0.163886757279603	0.548562570181104
SLC17A5	0.149889246663558	TRUE	0.128014363871158	0.505719309595992
SMARCE1	0.0841138694476993	TRUE	0.134503346047299	0.412529050894231
DENND4C	0.0818387472327607	FALSE	0.0690017859340412	0.405708879671919
CDK8	0.110396321189575	TRUE	0.15281339597717	0.453970160025283
CLDND1	0.0627199330645797	FALSE	0.097961146671506	0.370599958842767
CCDC22	0.00754577913511375	FALSE	0.034097802640517	0.161742135374395
ARHGAP25	0.00662352793442008	FALSE	0.014184697872637	0.154535356478167
PFKFB4	0.170528450020604	FALSE	-0.0584403933334965	0.527447379919155
H6PD	0.0119135442892097	TRUE	0.179653307014275	0.193780590549037
PTOV1	0.0778960226787287	FALSE	-0.0246166514553512	0.399809503737742
LSM6	0.235817488734407	TRUE	0.186008573772813	0.590221129422679
CABP1	0.0657667367501296	FALSE	-0.0346883105622091	0.378270276031726
CAMK1G	0.20617578578472	FALSE	-0.0306177363064224	0.563875358179678
UBN1	0.0507120814090559	TRUE	-0.100155795115271	0.343603794623373
MAD2L1	0.173311345925746	TRUE	0.0985321267468488	0.528971132021033
TFF2	0.0451658771082038	TRUE	-0.0774439115544197	0.329984459104332
TCF7L2	0.135387220534923	TRUE	-0.168034975706038	0.489136716266414
CEACAM3	0.255243617447579	FALSE	-0.071124995587837	0.606597566726057
TBC1D9B	0.204970517867724	FALSE	-0.0515199649477138	0.562478388698481
PPP1R3A	0.127423574593854	FALSE	0.0504581074112641	0.477954320979065
HOXB13	0.00796396809140312	FALSE	0.0383143266069321	0.165842102418408
AP4M1	0.091620907273233	TRUE	-0.0651063102997731	0.423871160413558
MASP2	0.0980149805727656	TRUE	0.0486230665431484	0.433629287832458
RAB31	0.171034989721067	TRUE	0.14448040806111	0.527718571006034
MSRA	0.190805167285316	TRUE	-0.0513221491922336	0.547836547308532
TM7SF3	0.00336001919139741	TRUE	0.142745670264543	0.116432424267267
ARID3A	0.104289485856675	FALSE	-0.0613238505758521	0.443829305439923
ASB1	0.196185492251591	FALSE	-0.0704488143876108	0.552408069689792
SLC27A5	0.0163220096634535	FALSE	-0.00854521814312471	0.219543615152905
SCGN	0.0792822757858636	TRUE	-0.0672625183344557	0.402254990178429
CCL2	0.184376218827105	TRUE	0.193792877846152	0.540804807720894
ID2	0.205705302313161	FALSE	-0.0820706485041925	0.563676274269922
SBNO2	0.171590169454789	FALSE	-0.0868999198193336	0.528425022120548
DENND1C	0.185164698076384	FALSE	-0.0609081112344186	0.541808774377569
C12orf49	0.0151434458558634	TRUE	0.175774118439985	0.212414120565263
OPA3	0.000136171002389911	FALSE	0.0137510216014132	0.0359079766534698
CBFA2T3	0.167985792955659	FALSE	-0.0783198603013178	0.525314645980203
BTNL2	0.024416914961546	TRUE	-0.0963534336041527	0.260945710413733
KCTD15	0.237013899062815	TRUE	-0.0726226616836329	0.590643081807954
CEP76	0.1614191365575	FALSE	0.0475584325503089	0.51733510159002
EXTL2	0.191034986159091	TRUE	0.107371676103774	0.547836547308532
SAMD9	0.125826320825269	TRUE	0.231501630280519	0.477803290287672
CYP11B1	0.160743447913608	TRUE	-0.0714486462528312	0.517262277639015
FBXO16	0.234816394542642	TRUE	0.0652685761661343	0.589458290396064
TTI1	0.192797892654717	TRUE	0.0917363748831415	0.549499453723677
SCAP	0.173142950988659	FALSE	-0.0436281607939532	0.528971132021033
MAP1S	0.0035000781993011	FALSE	0.0592289856173345	0.118117222327009
SNRPF	0.256069998347225	FALSE	-0.174061337873813	0.606733700886558
CASS4	0.221446365499605	TRUE	0.0972416973061286	0.575448611031465
PFKFB3	0.201485279326857	FALSE	-0.121860926711636	0.557565093680325
CHCHD3	0.117875433335324	TRUE	0.140500211018442	0.465176008090599
UBC	0.221296101217578	TRUE	-0.0680578847333847	0.575258251193517
CXCL11	0.0697287377296081	FALSE	0.297781917473836	0.386817102307253
TNFSF11	0.000199525027147352	TRUE	-0.0897506552519915	0.0383460047936241
FIG4	0.000215211454826268	FALSE	0.0480147941807575	0.0406500567639589
ASTE1	0.000615557678958893	FALSE	0.000703411031465997	0.0596564830915802
KLF6	0.0700051759312414	TRUE	-0.239658561751091	0.387057235027118
PAPOLA	0.107029705238972	TRUE	0.21522363791159	0.448034418858713
KRT12	0.0765131361111534	FALSE	0.0316802491003818	0.396337345986463
PLEKHM2	0.245470173826536	FALSE	-0.0510878205010319	0.598352651329515
ELF1	0.0763993257539138	FALSE	0.01544088286661	0.396120552567489
FLI1	0.167276552499746	FALSE	0.0442984637812148	0.524833654896133
SHANK2	0.134688715290125	TRUE	-0.0704926295635253	0.488139357883529
SERPINB2	0.193384166490598	TRUE	0.280000619777141	0.549640798372832
NFKBIL1	0.110347433648458	TRUE	-0.0871051381732943	0.453970160025283
ANO1	0.214853279455637	TRUE	-0.0439891777259365	0.570875139502127
RTF1	0.244495163586926	TRUE	0.0840463507069228	0.597776839829552
FAM96B	0.10135371185852	FALSE	0.0451667693709854	0.438143247717789
NIPAL2	0.0485997971674386	FALSE	0.128849343743092	0.339309421545291
MAP2K4	0.0372727894328257	FALSE	0.030691323111435	0.30804384794374
HNRNPL	0.140409258904047	FALSE	-0.0628534033054421	0.495890533103052
LMBR1L	0.00852834118446228	FALSE	-0.0151414760513265	0.168982587578519
DMD	0.00313785200631565	TRUE	0.0548591999269274	0.114647011330044
IQCA1	0.0211357801487949	FALSE	0.0104609563319414	0.247902231940792
ENTPD6	0.100167354662975	TRUE	-0.0939831607492516	0.436509467534004
FOSB	0.0118055418380214	FALSE	-0.0626863159981885	0.193780590549037
DAPK2	0.00106723680037747	TRUE	-0.115920387277318	0.0770365910016992
DPPA4	0.0809439945854205	FALSE	-0.0481367486357827	0.404505929750587
BTG2	0.136084728458423	FALSE	-0.007715370879062	0.489136716266414
TRAF4	0.248972221385955	FALSE	-0.0764215590096401	0.601426505814943
DSCR3	0.0641270104537455	FALSE	0.134771431181502	0.374041240501554
EMX2	0.141012846205999	FALSE	-0.0674517489342681	0.496376019684525
VAPA	0.040504034471626	FALSE	0.0917037827315628	0.316359868821128
P2RX7	0.102867791653784	FALSE	-0.0737566201093549	0.4414904956708
NRIP1	0.0529568999745639	TRUE	0.225666970839236	0.347786552196209
NBEAL2	0.00180024468869787	FALSE	-0.045871493003294	0.0907243312228671
ERH	0.0308161902579913	TRUE	0.291783772186283	0.289920827347027
CDKN2D	0.00828181245988298	FALSE	-0.0560333362636755	0.166989946604104
HLA-F	0.126072973526018	TRUE	-0.128359792381634	0.477947658579577
SCTR	0.21749295891306	FALSE	-0.0466493916522883	0.57209195400598
FAM168B	0.0467636967838935	FALSE	-0.0394048420528772	0.334028893265042
F2RL1	0.228605123038819	TRUE	0.0971638328269447	0.583491538460989
ARFIP2	0.184031239864679	FALSE	-0.0450167944980297	0.540603686224248
MRPS35	0.114876395135089	FALSE	0.100467210790908	0.462072878480588
SLC1A1	0.13414293189648	TRUE	-0.0586057554103223	0.487984185041447
POU5F1P4	0.0615437841011583	TRUE	-0.08589651104705	0.368450352652077
CEACAM7	0.097929540017793	TRUE	-0.0653300307209649	0.433589634619975
FZD5	0.264589813712072	TRUE	-0.0633853568768879	0.615422337985884
FLJ10038	0.135994979903285	FALSE	-0.0725055006871901	0.489136716266414
RTP4	0.0750937825401603	FALSE	0.0228141957592145	0.394466953575787
SLC45A2	0.249705522892157	FALSE	-0.0333792188798156	0.602427856185994
DYRK1A	0.169043043328771	FALSE	0.053867452793684	0.526304167374275
PPM1F	0.069353102291668	TRUE	-0.142810390151827	0.386392388296044
UPK1A	0.214639081843314	TRUE	0.0750801769413917	0.570776864217011
DISC1	0.129402591938844	TRUE	-0.104704659825445	0.481629357254238
ZC4H2	0.170085402671465	FALSE	0.0472417371710106	0.52733188473758
HCRTR2	0.110698757788423	FALSE	0.0343341975496107	0.454006280439059
SAP30	0.145078264941861	FALSE	0.0233669197346337	0.499709127027873
DNAJC28	0.275381779124955	FALSE	0.0612613497018469	0.625261112034014
TNP1	0.0835653389997526	TRUE	0.118315684294417	0.411169867465978
SLC16A1	0.23575968788042	TRUE	0.142576360053713	0.590221129422679
CENPB	0.10750739234112	FALSE	-0.0261768664268211	0.448418118524473
MBNL3	0.253635225663021	TRUE	0.123548021247197	0.605790595632738
CDKN2A	0.0860951465471697	TRUE	-0.0779877624881664	0.416601331107233
H2AFY2	0.0474476576420936	FALSE	-0.0113687220688225	0.33666216024249
LPPR4	0.134789534415578	FALSE	-0.106347326772757	0.488143893560599
SAMD4B	0.111546040185276	TRUE	-0.070640304392887	0.455531289105292
PIK3R2	0.0362248406531356	TRUE	-0.0946455040357806	0.305392913134501
ADAMTS20	0.19818063064786	TRUE	-0.034046784000215	0.554717093612632
EPB41	0.0097901279651974	FALSE	0.0490343984977873	0.180504489426623
DPEP3	0.00147647528795455	FALSE	-0.007553948634349	0.0849835192391709
TTLL12	0.0310123881481042	TRUE	-0.0797725358890702	0.290147132064376
LIN7C	0.0837279499055422	TRUE	0.209615277265058	0.411169867465978
NFYB	0.266878805120738	TRUE	0.0822870875206865	0.618589282760436
SLC2A8	0.00701228092782918	FALSE	-0.0297405202170127	0.156828902249813
OVGP1	0.225807302284338	FALSE	-0.0544472545415603	0.579676024587302
EYA4	0.26350998274977	FALSE	-0.0341590221502121	0.614170543555938
NRF1	0.0415920705352504	FALSE	-0.0402853757676784	0.318657086350813
AMPD2	0.147178550149297	FALSE	-0.0668233159602412	0.502063050584502
ABAT	0.0636487303713239	FALSE	-0.115766828811767	0.372785616570476
ACP6	0.1529955055005	TRUE	-0.0688615884928343	0.509940046111162
GSN	0.101097332767917	FALSE	-0.026951870034023	0.437683863074646
DAO	0.0874157507229077	TRUE	-0.0732264581486028	0.418356551032022
GNAQ	0.132658765957674	FALSE	0.0635177117230173	0.486066030840592
DSE	0.215562392259292	FALSE	0.100373047041127	0.571222707601802
KRT23	0.234606897791638	FALSE	0.0741190670783195	0.589458290396064
FAM65A	0.0160162420874334	TRUE	-0.130479410489443	0.21696377673024
MED17	0.0944549056214041	FALSE	0.0877283665240223	0.427725309441334
ANXA6	0.0149830829945659	TRUE	0.157921640650402	0.212366472594228
C14orf105	0.280210666169466	FALSE	0.0512426874475433	0.627598298428661
RASGRF1	0.0664115141071232	FALSE	0.0326428543215327	0.379314561978708
NETO2	0.0415651777245007	FALSE	0.15797487497207	0.318657086350813
MAVS	0.102028608871162	FALSE	-0.0310783120572869	0.439552582063111
VSX1	0.231953380631689	TRUE	-0.0486954088840408	0.585868787818951
FAM50B	0.210908472433138	FALSE	0.0394224062325778	0.567878457226801
PKP4	0.001751471833405	TRUE	0.0953731560601643	0.0906680095836422
NOX1	0.259280492481036	TRUE	-0.0459381829243939	0.609701680680728
ZNF696	0.0199608946728947	FALSE	-0.0574315477195607	0.241135533918911
PPP1R15A	0.016687294142137	FALSE	-0.0708233997231825	0.22156584107458
ZNF223	0.079766418115528	FALSE	0.0689541000571049	0.40324182568523
MAP7D1	0.0564782829389655	FALSE	-0.0214409337303495	0.355708744088266
STX5	0.127480887300076	FALSE	-0.0281452536783578	0.478011170997208
TUBA1A	0.0608018919137493	FALSE	-0.0624814198407656	0.366135237604887
FBXO46	0.282162814460805	FALSE	-0.0490201860157744	0.628615112092927
SPOCK1	0.164862623401497	FALSE	0.0364697353182066	0.52106529157198
RBM4B	0.0923434042384103	FALSE	0.080743993449074	0.424435290092961
PTGDS	0.198540444480613	TRUE	-0.142425480027623	0.555162716355681
PRDM1	0.214439875538601	TRUE	0.112929252876182	0.570380893439408
GRM8	0.0521742787961676	TRUE	-0.058459451156859	0.347031879329511
ZNF614	0.144416681064155	FALSE	0.151166358281221	0.49894156195605
DNPEP	0.0815072711402403	FALSE	-0.0165772623328806	0.405350005941942
EDA	0.00197218591318189	FALSE	-0.0159914993223027	0.0957231291685446
GRIA2	0.183757841383273	TRUE	-0.0412288044737008	0.540603686224248
CD1A	0.0983220046698589	FALSE	0.0777029303850851	0.434309782217191
MEOX1	0.0762645203267659	FALSE	-0.0584021634104878	0.396120552567489
TDG	0.254051480716969	TRUE	0.106962906857681	0.605790595632738
GCK	0.067119586182866	TRUE	-0.0723206918702392	0.380692155939657
SH3BGRL3	0.0695840247729538	TRUE	0.112839926401752	0.386392388296044
CDC5L	0.0695448009861418	FALSE	0.073367782471438	0.386392388296044
DSG3	0.0207209465864418	FALSE	-0.003820145461277	0.24499980536357
FMO3	0.20227941344398	TRUE	0.0591411600194529	0.558200600886174
OSM	0.0375620151229194	FALSE	-0.0546464154987775	0.309397316110871
HPS1	0.208777704458793	TRUE	-0.0827518362695407	0.565359779936547
ZHX3	0.274571932191383	FALSE	0.0311752699841859	0.624789883459375
SSTR5	0.0449184188923578	FALSE	-0.0962234034195462	0.329024516679874
HRH2	0.0199624077107359	FALSE	-0.0475833099649886	0.241135533918911
VIM	0.0567454540551345	FALSE	-0.0283088125121582	0.355935076973369
TMEM126B	0.000356058066742604	FALSE	-0.0114639845971535	0.0454972172962296
EPHX1	0.0390164572001447	TRUE	0.190872385661281	0.314280060724649
CTDSP1	0.00387909443155619	FALSE	0.00266327713491099	0.123484642661303
B3GAT1	0.2752429509641	TRUE	-0.0653063142383239	0.625261112034014
TFRC	0.0541452978078847	TRUE	-0.13901063884573	0.348788023910053
PPM1H	0.264416568955824	FALSE	-0.0867604066539127	0.615422337985884
HOXA4	0.283308610495005	TRUE	-0.0521472200617701	0.629211456414384
DNM1L	0.116030995275097	TRUE	-0.131021128944828	0.464410679641484
RPL18	0.143340679958685	FALSE	0.222190708534399	0.498085661632712
RPL13	0.170997865297023	FALSE	-0.0707327701865045	0.527718571006034
SNAPC2	0.125706257014741	TRUE	-0.0725228226604833	0.477803290287672
PPP6R1	0.149754870335273	FALSE	-0.0451224223948314	0.505719309595992
LTC4S	0.153251563752332	TRUE	-0.104994523023573	0.510343460025755
PSMA1	0.000167521778889547	FALSE	0.107043533411314	0.0364111136501258
RAP1A	0.0197351604645595	TRUE	0.192112472581025	0.24088544009114
CSH1	0.0150963049265488	TRUE	-0.189539685121442	0.212414120565263
CHFR	0.150934074244546	FALSE	-0.0861302674157678	0.50679344621229
UBE2Q1	0.289083009090707	FALSE	0.117484064706813	0.632033998189821
WNT5A	0.0284533938260966	TRUE	-0.0619793044461731	0.279335958955939
CASP1	0.00328563345286041	FALSE	0.0443086163604435	0.115701235161442
LGR5	0.167650984991429	TRUE	-0.0551035612753958	0.525199083098898
POU3F3	0.0317092824903968	TRUE	-0.120102298401216	0.292761626946306
B3GNTL1	0.0902936317961535	FALSE	-0.0397787632328469	0.422550347064212
SOCS3	0.00118415200146681	FALSE	-0.0342693318843725	0.0794464460801913
TRPM6	9.32645178654227e-05	TRUE	-0.124366187030915	0.0329335475956379
C21orf91	0.294870167681858	FALSE	0.136721622235592	0.636006452509361
TSSC4	0.0045008508187187	FALSE	0.000905215482258602	0.130846457436584
TMC6	0.14579764789974	FALSE	-0.0908206228817827	0.500598580720017
MAPKAPK2	0.193012101175783	FALSE	-0.0461310906232295	0.549499453723677
KLHL9	0.248508755538627	FALSE	0.120698907495528	0.601075251504372
TMEM206	0.217062926396116	FALSE	0.028492790484099	0.571802378496795
CRYGA	0.00335193222959115	TRUE	-0.110670803542512	0.116432424267267
PSMB10	0.0290063751773433	TRUE	-0.144295228392119	0.280873858356871
CLCF1	0.0365460080055935	FALSE	-0.0405234203357212	0.306732187102461
AASDHPPT	0.277481491430089	TRUE	0.163784662190921	0.625846273351116
CYP46A1	0.289024259091102	FALSE	-0.0489058739690572	0.632033998189821
CAND1	0.180375883839368	TRUE	0.121811903173108	0.537587636872547
U2AF1	0.0574386058372135	TRUE	-0.168726556057746	0.357346528363767
OGFOD2	0.0500224972040307	TRUE	-0.108701348012262	0.341895778056964
CAPZA2	0.21244161014551	FALSE	0.101310171251004	0.569116482422065
GFRA1	0.283319012946565	FALSE	-0.0388279106299705	0.629211456414384
GMEB2	0.216114972723496	FALSE	-0.0526750228387632	0.571751674221119
PTGES	0.223947638245496	FALSE	-0.0594838175684928	0.578337186286038
CCKAR	0.14897267295508	FALSE	-0.0334685720090171	0.505719309595992
MYO19	0.206325329550295	TRUE	-0.0942797546578727	0.563978296367619
C21orf33	0.0160345396331194	TRUE	-0.122234020496079	0.21696377673024
FCGRT	0.102535511331038	FALSE	-0.0677436032970868	0.440731676642397
CLCN1	0.242726364822725	FALSE	-0.036525169352342	0.595892543965345
TBX4	0.246063886863879	TRUE	-0.0554018083043798	0.598352651329515
FAM173A	0.0746557619704148	FALSE	-0.0534301487824429	0.393923455816058
ADRB1	0.00840997911824285	TRUE	-0.103038099098069	0.168136885552436
CLCN7	0.0759760486320389	FALSE	-0.0452784018582423	0.395651624719828
POLRMT	0.299972862366253	TRUE	-0.0814274354582498	0.639788564624894
BTNL3	0.0119132009743456	FALSE	0.001191248986902	0.193780590549037
TAF1A	0.173920935851346	FALSE	0.167794050725859	0.528971132021033
PMM1	0.266415973198546	FALSE	-0.0423877542791979	0.61820529144792
GGPS1	0.00418726574998729	FALSE	0.029494762561794	0.126142333845694
MKNK2	0.11592537235661	TRUE	-0.105818433454282	0.464151764530934
KLF10	0.18553707737665	FALSE	-0.0793565794881365	0.54187263283832
NDUFA10	0.00387418857606879	TRUE	-0.126374370413666	0.123484642661303
CREM	0.0132798477603842	TRUE	0.0935884181099665	0.201310419458551
ADAP2	0.180452533829523	FALSE	-0.0630362664420848	0.537587636872547
ASB8	0.173453065416415	FALSE	0.123344991383608	0.528971132021033
GPR135	0.0709332077511688	TRUE	-0.0715924373473023	0.388031421042701
PDE3B	0.0446126124314371	FALSE	0.0825520080176718	0.328266399704251
FAM35A	0.0653303783318168	TRUE	-0.139304716942145	0.377179816651971
CUL1	0.0509369987526187	FALSE	0.012230609680554	0.34461493368493
POLI	0.0398809558417423	FALSE	0.02255239373029	0.315649780659111
TMED3	0.176516212859238	FALSE	-0.0424023755585964	0.533099189913536
DYNLT3	0.210108689229515	FALSE	0.133501704840538	0.567196899051544
TMED10	0.0988921651321877	FALSE	0.095810998540731	0.434795758213988
MARCH5	0.0313601912742854	TRUE	0.166706086217947	0.29123112928675
ASF1A	0.258648197044946	FALSE	0.187817038378839	0.608758615214342
SDCBP	0.183977157606725	FALSE	0.0957864274368349	0.540603686224248
OSGEPL1	0.0405437603152028	FALSE	0.0600445051136737	0.316359868821128
C11orf30	0.179905823819326	FALSE	0.0940749400707348	0.537587636872547
KLF11	0.277527837185516	TRUE	-0.0911470308607508	0.625846273351116
RNF44	0.290605525435766	FALSE	-0.0671376469958088	0.633565862894856
TMEM14B	0.00845108810480384	TRUE	0.286409278211956	0.168412808471653
CHRM3	0.13596893134312	FALSE	-0.129571287775815	0.489136716266414
SMURF1	0.256082394752722	FALSE	-0.0765855991805149	0.606733700886558
METTL4	3.29867644072539e-06	FALSE	0.0321236849128735	0.00623394869356419
TBC1D4	0.0486808503502571	TRUE	-0.0924315538247666	0.339309421545291
DDX27	0.0218956488545949	TRUE	-0.0841120579008809	0.251899492510119
ZNF282	0.145982024473552	FALSE	-0.0254285448191172	0.500598580720017
ACVR1	0.263691800385803	FALSE	0.0684291238933282	0.614215555582297
PTPN1	0.000767315774262195	FALSE	0.0289546743949096	0.0650599446857973
MARCKSL1	0.160976894082864	FALSE	-0.056237380012951	0.517262277639015
CDC27	0.0592149822485958	FALSE	0.0358306757421817	0.360644597450668
GABRP	0.215443989186136	TRUE	-0.0412473845680493	0.571149500800157
NPAT	0.248156486160964	TRUE	0.13036505110192	0.600434015686753
ELAC2	0.180931455285588	FALSE	-0.0242599972094535	0.537587636872547
MAPRE2	0.126359630459273	FALSE	0.0750289441301424	0.477954320979065
ZNF85	0.0132360568734443	FALSE	0.0366873530378014	0.201310419458551
EIF1AX	0.0325607567694359	TRUE	0.252204111594273	0.293757546820657
PPP5C	0.134669476381258	FALSE	-0.0382423178272504	0.488139357883529
KLHL23	0.210014779995668	TRUE	-0.0707801643142543	0.567196899051544
PGAP2	0.0220913935991264	FALSE	0.0590686817531363	0.252587687946549
FHOD1	0.11907781872997	FALSE	-0.0555882675671517	0.467052932024664
GLI3	0.195215608648573	TRUE	0.0478484979935194	0.55103262202501
ZNF253	0.200136995097102	FALSE	0.0763853358042843	0.556352217678704
AR	0.241547094067604	TRUE	-0.0467751199241167	0.595572936481889
ZNF219	0.130216670727216	FALSE	-0.0400179346203383	0.482998635713414
SYMPK	0.104554949937264	FALSE	-0.0672286774389791	0.443829305439923
EBP	0.266440537905105	TRUE	-0.0499751232696144	0.61820529144792
TRAM1	0.00211389190656357	TRUE	0.468683238723874	0.0986766171387992
CST1	0.14114232082298	TRUE	-0.0775468515195615	0.496376019684525
FDPS	0.0334772760283264	TRUE	-0.104362244050669	0.29633008031631
FPR3	0.0631320737730116	FALSE	0.147689767090061	0.371679431210892
ZNF428	0.108635977145411	TRUE	-0.0899433933480795	0.451052121879097
MEOX2	0.0119493291944756	TRUE	-0.0735433899522396	0.193780590549037
ZNF549	0.165606148571152	FALSE	0.032105274937205	0.521903312575957
GRAMD3	0.0905098868097605	TRUE	0.0721704052978593	0.422690118013128
BRD2	0.0378959095472099	TRUE	-0.139097189755944	0.30990255206923
PNPLA4	0.126823169503498	FALSE	0.0472826128473399	0.477954320979065
ID2B	0.064111079186037	TRUE	-0.122982900688724	0.374041240501554
KRT37	0.0404457440972125	TRUE	-0.092493424791523	0.316359868821128
MINPP1	0.237428929582892	FALSE	0.184438052358846	0.590872026874655
PSG4	0.15020006836581	TRUE	-0.0636221134516334	0.505719309595992
NLK	0.182360723328631	FALSE	0.0786850627705385	0.538767129187948
CRYBA1	0.0715897472970385	FALSE	0.0379414859286246	0.389150068959542
SLC11A2	0.122647616046772	FALSE	-0.0529417276495112	0.473349665879628
ARAP1	0.223173187714827	FALSE	-0.123563621866955	0.577489907690193
TTC31	0.180760560963452	TRUE	-0.073434441843342	0.537587636872547
UBE2G1	0.147943701829326	FALSE	0.152714493625195	0.50346147510286
EIF2S1	0.208175080934254	FALSE	0.188652826609244	0.565359779936547
MRPS7	0.104911778699402	FALSE	0.0363426054925913	0.444708283615897
SERPINB13	0.0588890715074822	TRUE	-0.0645272189461528	0.360644597450668
SLMO1	0.00126648214382535	TRUE	-0.100522543969608	0.0799607950943813
PERP	0.0347244816444161	FALSE	0.051097712248244	0.299650606823466
PALB2	0.120621981525703	TRUE	0.123879603365866	0.468883321398681
NAMPT	0.0716182444959348	FALSE	-0.135015177707758	0.389150068959542
ZFP37	0.0420679680154439	TRUE	0.0774645344563387	0.318900165581219
PACSIN3	0.0867766982938697	FALSE	-0.0486274009975046	0.417468178116588
FAM106A	0.303984842794688	FALSE	-0.0504479552219214	0.642236655943539
OR2W1	0.130924723132428	TRUE	-0.0795365698324254	0.483590782031194
ARL6IP1	0.150555871274978	TRUE	0.120809089028513	0.506423323757632
CAP2	0.183096592687064	TRUE	-0.0452112443804702	0.539956375677144
ARF5	0.0663370876477057	FALSE	-0.0352448166915497	0.379131167760753
CLCA4	0.201557396507245	TRUE	0.0459465919811533	0.557565093680325
IGFBP2	0.307975015372877	TRUE	-0.0609595423414547	0.643710359320379
HAAO	0.171754428736068	TRUE	-0.0665730351666642	0.528634779578463
LRRC31	0.223415049606476	TRUE	-0.044680380003753	0.577588519719069
TAOK2	0.0523279855320571	TRUE	-0.076002595690007	0.347031879329511
GPR27	0.0155971567194076	FALSE	-0.0352302899380788	0.215678243952882
COLEC11	0.150257373139509	FALSE	-0.0435015741104504	0.505719309595992
SAMD4A	0.0228124080910452	TRUE	-0.105926488311425	0.256033514655861
LHFPL2	0.135852065030683	FALSE	0.0738783897737819	0.489136716266414
ADD1	0.268532559846914	TRUE	-0.0862791977918376	0.618987021170051
PPP1R10	0.242451965023714	TRUE	0.0933515370568881	0.595892543965345
ARID5A	0.00971444977582116	TRUE	-0.101564959611923	0.180113889730987
FTO	0.00270616509432605	FALSE	0.102573973215058	0.112192579671325
WNT7B	0.0486171446220824	FALSE	-0.0430567150162976	0.339309421545291
SLC11A1	0.100314843383604	TRUE	-0.211379153794565	0.436816439756791
PHYH	0.0639015125407482	TRUE	0.130887492171937	0.373494459123476
SPC24	0.297048192208523	TRUE	-0.0465430468906236	0.637851816852321
STRN4	0.0751566155906534	FALSE	-0.00764147810543	0.394466953575787
GGT1	0.140645194509684	FALSE	-0.0767912446779258	0.496376019684525
COPS6	0.0590675602017112	FALSE	0.0323084912101417	0.360644597450668
EDAR	0.0236377929902411	TRUE	0.0698133451072427	0.259096502177239
NLGN3	0.058975214821235	TRUE	-0.0844543641136695	0.360644597450668
CRIP1	0.0487704563266537	FALSE	-0.046620019472239	0.339309421545291
SLC35C2	0.139962739706845	FALSE	-0.0253209795284195	0.494918098835033
MOSPD2	0.0226137442807896	FALSE	0.143781815915576	0.25557858982027
NCOA3	0.0660236728343712	TRUE	0.135813108622919	0.378393616825819
RAC3	0.0754390942424261	FALSE	-0.0454183479681782	0.394822338855002
DVL2	0.0308998374135028	TRUE	-0.0827214714794795	0.289920827347027
CPN1	0.00285234173915792	FALSE	0.0560328210080085	0.113095185309455
TAF9B	0.102979311177264	TRUE	0.111680022462305	0.441528421432346
KCNAB2	0.272609050809472	TRUE	-0.0602138564156015	0.622204916893842
IDH3B	0.0757247677909094	TRUE	-0.0688944893757863	0.395197397596909
MRPS18C	0.288594320914513	TRUE	0.0940063805666117	0.632033998189821
HGS	0.04886606273776	FALSE	-0.00708913482103901	0.339309421545291
SPTLC1	0.306030255587201	TRUE	0.142864512544756	0.643439232326714
RNF123	0.127258850430039	FALSE	-0.0404130166501418	0.477954320979065
KLF2	0.0287870230618354	FALSE	-0.048036018052697	0.280185454504851
MGP	0.0391866967879272	TRUE	-0.0755174682050233	0.314883337108893
SKP1	0.302249070051426	FALSE	0.155134518222222	0.64088866499101
CWH43	0.0626711416488036	TRUE	-0.0421999738154568	0.370599958842767
NBR1	0.161009800645376	TRUE	0.101733193558166	0.517262277639015
PTP4A1	0.00160537474061391	FALSE	0.0784782556262035	0.0883657484651512
ECM1	0.160490507776823	TRUE	-0.0633493969144529	0.517262277639015
EXOC5	0.300430424416275	FALSE	0.108101512789706	0.639853603015805
DDAH2	0.260559629227906	TRUE	-0.0874703897419343	0.611256263468325
TRABD	0.133877407859031	FALSE	-0.0800254342770475	0.48768526756484
DAZAP2	0.119238580081832	FALSE	0.0861464409255407	0.467052932024664
IL1R1	0.0275972799104808	FALSE	0.0548716415863289	0.274496102548194
ATP1B2	0.0523431136575916	TRUE	-0.076506869451207	0.347031879329511
ACAA1	0.170931894163102	TRUE	-0.081868973656386	0.527687652577024
PTTG1	0.245163133481119	TRUE	-0.105273883757616	0.598086224299141
PLXND1	0.169091285099611	FALSE	-0.0533741891488806	0.526304167374275
CD83	0.0248784539080858	FALSE	-0.0481731421384605	0.262222209906497
ZNF468	0.152966397941249	TRUE	0.105763056750819	0.509940046111162
PKN1	0.00342689057041549	FALSE	0.0601970356239735	0.117040699331148
DDX21	0.00555021873662989	TRUE	-0.157719040689326	0.14289526848422
RGS14	0.0185084137331451	FALSE	-0.0299692578420032	0.231130950793097
CDKN1C	0.205045488740376	TRUE	-0.135624561974389	0.562547978908088
CYP17A1	0.0192490985822027	TRUE	-0.0799180946387894	0.236553918738314
CYP4F12	0.00883607457365551	TRUE	-0.0940826787993065	0.173814554106212
MAP3K11	0.245910037273446	TRUE	-0.0776655923649727	0.598352651329515
AHSP	0.327926571665112	TRUE	-0.0729759348822622	0.658310072708777
PUS3	0.127223637902066	FALSE	0.100631799556185	0.477954320979065
GABARAPL3	0.185934451652476	TRUE	-0.0768915951478314	0.541973872200225
ZNF324	0.240252360044937	FALSE	-0.0358082710836696	0.594337032007486
SAE1	0.0219106008915399	FALSE	0.0021348868279789	0.251899492510119
SLC25A4	0.160041110641551	TRUE	0.0674152800111568	0.517043237797613
RNASEH2A	0.066041182440982	TRUE	-0.0670989315685668	0.378393616825819
RAB14	0.326406609578503	TRUE	0.156109634502075	0.657300905470371
DCAF17	0.18796247796833	TRUE	0.0974537264442236	0.543700647368084
YBX2	0.0107388094749746	FALSE	-0.0761821889440844	0.18839085915109
ERCC6	0.134787702544595	TRUE	0.0636642771558975	0.488143893560599
GOLGA5	0.237417037283923	FALSE	0.110271218622774	0.590872026874655
LYRM1	0.160261030004683	FALSE	0.0461123419771143	0.517043237797613
CNPY3	0.0921418804166336	FALSE	-0.00901361741420805	0.424330155147084
MFSD11	0.315274659806143	FALSE	0.0906389454091663	0.647690746991241
HLA-DPA1	0.303321984305231	FALSE	0.109611457041177	0.641557502348857
BRD8	0.0462403886567036	FALSE	0.0116255403770092	0.334028893265042
BAP1	0.258624192912708	FALSE	-0.0365437909721979	0.608758615214342
C17orf80	0.251011585872219	FALSE	0.0588878456998949	0.603268412930287
GTF2E1	0.04024298104272	FALSE	0.0402587344854239	0.316359868821128
ERCC4	0.0875158073064605	FALSE	0.0915891325283257	0.418356551032022
PHC2	0.329259730793792	FALSE	-0.0467165410954564	0.65990492883544
HIST1H2AJ	0.0158622397893096	FALSE	0.12214496276631	0.21696377673024
ALDH1A1	0.088821826746056	FALSE	0.083538677990993	0.419996119046509
BAAT	0.155930345860807	TRUE	0.0553024953065	0.512945434624202
CAMTA2	0.243751908853821	TRUE	-0.090515115994718	0.59708422866569
ABHD10	0.0916225605585705	FALSE	0.0783012515805036	0.423871160413558
RAB11A	0.0183805168215738	TRUE	0.244675811134064	0.230040485915922
DNAJC15	0.161404197778681	TRUE	0.212331244555988	0.51733510159002
ATXN10	0.132409304245553	TRUE	0.243938738906814	0.485935778113748
DNAJC16	0.0537368409425662	FALSE	0.057178101534932	0.347786552196209
ZBTB17	0.186462762691433	FALSE	-0.0679797217638268	0.54217914036826
PPY2	0.285719660686553	TRUE	-0.104766104421465	0.631106658803079
MARCKS	0.149105856909054	FALSE	-0.020559502838058	0.505719309595992
REC8	0.217789368938579	FALSE	-0.133400824406311	0.57209195400598
BBC3	0.0274153879525099	TRUE	-0.150090541414457	0.273782581144005
AP2B1	0.00698251050987476	TRUE	0.190283206196896	0.156471712789466
LRRC8B	0.110545736957215	FALSE	0.109382676896404	0.454006280439059
CXCR2	0.169673936903185	TRUE	0.173113768530384	0.527104868642523
RFXANK	0.0772011206915247	FALSE	-0.0154465679650393	0.397901594327818
CYP26A1	0.315668159964871	TRUE	-0.0398598961313432	0.647730956540296
LRRN2	0.0323898186404805	FALSE	-0.0243624191047591	0.293757546820657
CYB561D2	0.155224785880476	FALSE	-0.0235451444526004	0.512698469880197
CYCS	0.267184111846425	FALSE	-0.0667288091881671	0.618987021170051
CFB	0.266785189143592	TRUE	-0.0423175325126794	0.618589282760436
PSMF1	0.0671534108559447	TRUE	0.136807872368924	0.380692155939657
CCDC30	0.30127917136643	FALSE	-0.089461731511305	0.640111671518361
ICOSLG	0.285810669156446	TRUE	-0.098733388652106	0.631106658803079
ADAP1	0.313529446593086	TRUE	-0.0847645187418793	0.647325272199381
SNAPC5	0.288246755571706	TRUE	0.111110428497421	0.632033998189821
GARS	0.134696543379042	FALSE	-0.0579813707532002	0.488139357883529
C11orf80	0.0344461954240892	FALSE	-0.0363689462722113	0.299650606823466
TMEM19	0.0272223324270444	TRUE	0.117523965348511	0.273782581144005
TM4SF20	0.302298463282348	FALSE	0.056362622520868	0.64088866499101
DHRS4	0.0808637404912492	TRUE	-0.155380538280128	0.404505929750587
MMP19	0.33073454919034	TRUE	-0.0661979725804331	0.66056307347869
APH1A	0.00195901170667955	FALSE	0.0221612852698465	0.0957231291685446
TXNL4A	0.15030782469171	FALSE	0.128601259769685	0.50573899827279
PYY2	0.219729370958803	FALSE	-0.0907529871029056	0.573156507315819
OSBPL2	0.267408173836818	FALSE	-0.0310366557126383	0.618987021170051
TAC3	0.235661460188304	TRUE	-0.0612028553376694	0.590221129422679
SNX3	0.205339531953931	FALSE	0.055830671151426	0.562983519372893
LARP4	0.204836705108288	FALSE	0.0699295162271956	0.56241509739134
CHIT1	0.300679051215633	TRUE	-0.115977784907361	0.639857916714752
TFAP4	0.090743261970754	TRUE	-0.068147155600748	0.422990145322678
GUK1	0.0828659537555664	TRUE	-0.0976989160276382	0.409419193740465
CD97	0.256018797166623	FALSE	-0.0430845469513193	0.606733700886558
SLC16A8	0.087484665677662	FALSE	-0.0383791341737043	0.418356551032022
PRDM4	0.123051653030581	FALSE	0.0522203294346031	0.474035694212474
ELK3	0.105757491740275	TRUE	0.142619525244584	0.445812200986659
HSPA13	0.292460474042111	FALSE	0.151914998826377	0.634317007491105
WT1	0.177496672599348	FALSE	-0.0456026093487445	0.534305071032724
FBXO9	0.227248576051394	TRUE	-0.0805038922655148	0.581443885381109
SF1	0.329507866704881	FALSE	-0.078901374737777	0.65990492883544
ABCF3	0.130808205261617	FALSE	-0.0345340800476777	0.483453141936594
GMNN	0.143891476106595	FALSE	-0.0152484311823256	0.498803255142979
OR11A1	0.228643822314669	TRUE	-0.0569388610329228	0.583491538460989
AP4S1	0.139627809543557	TRUE	-0.0839137253518687	0.494476502703593
PTPRN	0.0222991301163415	FALSE	-0.0187055940508714	0.254100462104056
SPCS3	0.0513780967824907	TRUE	-0.331845715665796	0.345902089605898
GLCE	0.196891629212504	TRUE	0.150440823682565	0.55320324537085
IP6K1	0.0260247097392699	TRUE	0.0932464964310667	0.267053559939892
POLD1	0.332435751144621	TRUE	-0.0630715941532753	0.661911219007552
PIK3R1	0.0363007587095706	TRUE	0.205353169744255	0.305578547147603
FABP2	0.10953670509855	TRUE	-0.0866155778592661	0.453070290025742
AMD1	0.137583607904446	TRUE	0.151092737583195	0.490739392899814
MYO15B	0.125260444023357	TRUE	-0.238587212406523	0.4772411338684
NFE2L2	0.247501570130441	TRUE	0.131968170673436	0.599989859026844
MKRN3	0.125325488778501	FALSE	-0.0363983153411876	0.4772411338684
OR1D5	0.215783957634646	FALSE	-0.0971321129394928	0.571342953275383
CAPRIN1	0.268398889632971	TRUE	0.106804980794149	0.618987021170051
TNFSF14	0.0625209197122097	FALSE	0.0191212372377875	0.370389084961727
LZTR1	0.235807927792949	FALSE	-0.0674710140612741	0.590221129422679
NDRG3	0.0550491394049224	FALSE	0.166422857281471	0.35051917887956
ATXN2	0.180368666357528	FALSE	0.0309488924247432	0.537587636872547
TYRP1	0.10280633607277	FALSE	-0.032834204785452	0.441455073889075
HNRNPU	0.234554540492449	FALSE	-0.0613316333119657	0.589458290396064
SULT1B1	0.0307975970905672	FALSE	0.150205206731727	0.289920827347027
ARMC6	0.104066021357313	TRUE	-0.0603148831893652	0.443800242896057
HOXB7	0.0734344988370125	FALSE	-0.039071822347518	0.392411769896611
CLEC4M	0.279794462830295	TRUE	0.0493408101603485	0.627598298428661
POM121	0.0467914638517726	TRUE	-0.169301655982971	0.334028893265042
VPS28	0.261410881508283	FALSE	-0.0261767357255209	0.612054270807065
PCDHB6	0.185021142867061	TRUE	-0.102368908646555	0.541687255091559
CORO7	0.203659261142575	FALSE	-0.0500953411207486	0.560643933502225
SOX17	0.2013762679828	TRUE	-0.0807816520028743	0.557472046547111
SLC30A5	0.124365035519488	FALSE	0.0954284615933946	0.476060529651821
LLGL2	0.00924081682176679	FALSE	-0.0169875832023237	0.177271498541381
HIST1H2BC	0.0346272820852823	FALSE	0.091610162129225	0.299650606823466
THBS4	0.249693975352683	TRUE	-0.0478952359810738	0.602427856185994
WIPI2	0.00692943583828359	FALSE	-0.014679706671882	0.155898557480749
SUZ12	0.30680285157352	TRUE	0.115915212640592	0.643439232326714
DHX32	0.335093897169592	FALSE	0.0958262095640503	0.662649058250089
SLC16A5	0.0364491624630252	TRUE	-0.115438524593066	0.306372908204776
GRIN2B	0.00166670826221517	FALSE	0.0029089762692114	0.0891453065342351
DUS4L	0.00166265061811308	FALSE	0.0045012828985087	0.0891453065342351
IDE	0.00381384035723642	FALSE	0.0424765514861775	0.122578970654052
TM7SF2	0.170398097334729	TRUE	-0.0805169404867629	0.52733188473758
LPAR2	0.207232764047927	TRUE	-0.142631995894636	0.564994544731772
C1orf50	0.0423230175218941	TRUE	-0.0821151993592109	0.319507786738187
KIF5B	0.306409203538735	FALSE	0.0663210256893318	0.643439232326714
PDXK	0.300634729887989	FALSE	-0.044580612275279	0.639857916714752
TMBIM6	0.11367439330498	FALSE	0.0947321631130744	0.460176346192492
TRAK1	0.137120777641838	TRUE	-0.0785898786548876	0.48963948907826
COQ9	0.0145198942385679	FALSE	0.00787324963010545	0.209467023881834
NDUFA13	0.333097032654854	FALSE	-0.0762059735512502	0.661911219007552
RENBP	0.0740252888422034	FALSE	-0.022320893207983	0.393340817704379
CDS2	0.21847397565001	TRUE	0.0880406601257823	0.572452846631042
SIRT1	0.0365935279147007	TRUE	0.14310203412618	0.306784789806797
TRAPPC3	0.0969544320118936	TRUE	0.197352647748908	0.432967620343262
ZNF839	0.325516590297805	FALSE	-0.0661984340700805	0.656884252960814
DNASE2	0.124948863103661	FALSE	0.0448427437517591	0.476786465539792
TRIO	0.246929168687938	TRUE	-0.097210057912352	0.599989859026844
NXF3	0.119232688776372	TRUE	-0.0528906191562855	0.467052932024664
PLA2G6	0.0971135952587093	TRUE	-0.102471569387094	0.432967620343262
ADRBK1	0.225505904114923	TRUE	-0.119598163050831	0.579164540602289
SLC25A31	0.283792373764536	TRUE	-0.0442981665365778	0.62985274064592
TNFRSF14	0.0223421960241418	FALSE	-0.08596730934778	0.254100462104056
AMPD3	0.132288081823075	FALSE	-0.0203122223323264	0.485913365659815
EVC	0.244990266119872	TRUE	-0.136271501418082	0.597921788104439
ZNF711	0.246043337310446	TRUE	-0.0364601035596706	0.598352651329515
NUP43	0.147049195845506	FALSE	0.0868733205924162	0.502063050584502
MAPK10	0.0419603523253014	FALSE	0.024189949316909	0.318900165581219
LZTFL1	0.186027190281619	TRUE	0.113003660932397	0.541973872200225
GPR65	0.340733582849814	TRUE	0.266536369990179	0.665982871695752
HSD17B11	0.0408916246355084	FALSE	0.130019637455337	0.317364908789891
ERP44	0.117840180702825	TRUE	0.269247342645361	0.465176008090599
VCPIP1	0.0125706883795607	TRUE	0.106581966041112	0.196845262989062
TACSTD2	0.0769478286804076	TRUE	-0.163962636748769	0.397137655624552
ADAMTS13	0.317848397615266	FALSE	-0.0631091944476457	0.650673944856382
EXOSC2	0.0151012213489764	FALSE	0.0175655892837758	0.212414120565263
NQO1	0.300100418668496	TRUE	0.0943020922331235	0.639788564624894
CRCP	0.307199213859567	TRUE	-0.0864766504913896	0.643439232326714
OAS2	0.125926542123346	TRUE	0.216569889966225	0.477871841076512
WFDC2	0.00544515452632464	TRUE	-0.0730851807915082	0.142264071829482
TFEC	0.297807232833713	FALSE	0.115987738756343	0.638140098267569
MYO1F	0.118047523157394	FALSE	-0.0816082011421824	0.465255775141361
NHLRC2	0.289057087207372	TRUE	0.104020401175171	0.632033998189821
RNH1	0.0358445305435353	FALSE	0.0053721850041635	0.303540800472851
WISP1	0.0529191422990188	TRUE	-0.0697287648336124	0.347786552196209
CCK	0.255577183080366	TRUE	-0.0771103855361298	0.606603524730911
RNASEH2B	0.129911599843853	TRUE	0.0936142566388306	0.482220607085427
TAF11	0.097612394891325	FALSE	-0.0332781626255203	0.433589634619975
KRT15	0.0011841059223582	FALSE	0.0288244971184058	0.0794464460801913
PPP1R2	0.307599607116608	TRUE	-0.144149318748474	0.643448719805029
PTK2B	0.0183233910953319	FALSE	0.0206092117224675	0.229868237886362
GOLGA7	0.14435278002124	FALSE	0.100746046041786	0.49894156195605
GRIA4	0.271615783122398	FALSE	-0.0245744092341593	0.620938244379509
RNF38	0.00409255871090863	TRUE	0.167456677519687	0.12578993415208
YWHAZ	0.0530551495673083	TRUE	0.32228816579028	0.347786552196209
IFT74	0.0393954178306926	FALSE	0.0763969930539481	0.315024430734995
SOCS1	0.273939317329166	TRUE	-0.110127983068971	0.624361390793048
CEBPE	0.00149607681811678	FALSE	0.026257312724271	0.0851360889095322
IL21R	0.0703207911883477	FALSE	-0.0439091782977098	0.387447741149016
TECR	0.268768085470845	TRUE	0.102739437443819	0.618987021170051
EML3	0.138611337632661	FALSE	-0.0634345111347689	0.493009396931223
FUT6	0.0017006413977225	TRUE	-0.123451775900425	0.0892758000406272
EXTL3	0.334976852499021	TRUE	0.0528856612818521	0.662649058250089
APOBEC3G	0.170648903833603	FALSE	0.0596070534797574	0.527582233154421
ACBD3	0.0260237596320226	TRUE	0.125447573674259	0.267053559939892
ASAH1	0.353819242797798	TRUE	0.0775756706171312	0.672999116398137
DENND3	0.0400237704311217	FALSE	-0.063457774919101	0.315649780659111
LRCH4	0.308850685277477	FALSE	-0.116382138262637	0.64439721071642
DUSP2	0.126749994603017	FALSE	-0.0906701645939434	0.477954320979065
PROX1	0.0861722476576345	FALSE	-0.0248970674435332	0.416676808609773
NEDD4L	0.289245074583601	FALSE	0.073491579459756	0.632033998189821
HERC6	0.16019107803275	TRUE	0.107419277107039	0.517043237797613
SLC44A1	0.0413029068714663	TRUE	0.155610876734416	0.318377743722336
FADS2	0.00815440601904807	TRUE	0.202260188974721	0.166926263818315
CRYGD	0.21005401916239	FALSE	0.0866588623370041	0.567196899051544
BHMT	0.127809287156232	FALSE	0.0190490477859844	0.478767594008758
PEX16	0.0117917304437183	TRUE	-0.118032851481913	0.193780590549037
STK10	0.00918208806675095	FALSE	-0.02813045434413	0.177271498541381
C10orf88	0.0178201223791991	FALSE	0.0495354690724238	0.227549281262741
BTD	0.208660000348624	TRUE	0.102306543380294	0.565359779936547
PIK3C2A	0.0422960136866588	TRUE	0.249210610540157	0.319507786738187
HBQ1	0.274222804634284	TRUE	-0.0915810165020558	0.624441174317542
RAB23	0.216475045830596	FALSE	0.0617479472200843	0.571802378496795
UBE2E1	8.5435163453103e-05	TRUE	0.156120650417762	0.0322916439464912
RGL2	0.146572540766537	TRUE	-0.125844240907317	0.501050961637552
PAPOLG	0.18454860792657	TRUE	0.174798037287216	0.541142142559963
SEP15	0.0790981765431731	TRUE	0.185243802753783	0.402254990178429
CCR9	0.34326308972959	TRUE	-0.0448338843280513	0.666820440546491
POMGNT1	0.00168335852948172	FALSE	0.0164559757834622	0.0891944035784728
SLC26A2	0.0935383165543164	TRUE	0.18551701350986	0.426865086993478
ABHD8	0.236754329568806	TRUE	-0.0646451754040832	0.590464307293497
SEC62	0.132126238373546	FALSE	0.0971236146418393	0.485633522501664
KIF1C	0.146500696672864	FALSE	-0.0150142325816807	0.501050961637552
CYSLTR1	0.0095324074466298	TRUE	0.226501430935369	0.179831745312785
RQCD1	0.272740836464223	TRUE	0.10725330939836	0.622255200134372
HIST1H2AE	0.00663815582988766	FALSE	0.074870561892165	0.154558622084386
ALG8	0.197033683085896	FALSE	0.158140621903356	0.55337738872276
ALAD	0.224032429673434	FALSE	-0.0233068007113957	0.578337186286038
TM9SF3	0.349023376088594	FALSE	0.177333518870598	0.67075988200818
AHNAK	0.0734366148443962	TRUE	-0.18044535055237	0.392411769896611
GIMAP6	0.319138273817573	TRUE	0.13640659469583	0.651417985497934
INO80B	0.0898367846985391	FALSE	-0.0532415656793535	0.42079241165159
TAGLN3	0.307630364292876	FALSE	0.0304064187966486	0.643448719805029
RAP1GAP2	0.360439887615324	FALSE	-0.108572429873846	0.677445364772113
NCOA4	0.202087887340455	TRUE	0.0906655021053827	0.55811207104488
SLC12A7	0.14471353319565	TRUE	-0.136237870164709	0.499059231418942
PSMC2	0.223100113454048	FALSE	0.0816903624330877	0.577489907690193
ALDH9A1	0.264300666023508	TRUE	0.0986724593104614	0.615422337985884
ADCK4	0.270367835718516	TRUE	-0.0465115321784899	0.619837490584263
RNF103	0.344818025281339	TRUE	0.108448118728337	0.667423540720056
PHKA2	0.337157193449006	FALSE	-0.0537237411634102	0.664296336493185
CXXC1	0.239251555731253	FALSE	-0.0669671611963793	0.593020937992142
PRKACB	0.299828974837354	FALSE	0.121709635666706	0.639788564624894
ATP11B	0.0714205262520393	FALSE	-0.0449916122278121	0.389150068959542
CKS2	0.327773325960013	TRUE	0.169139253433434	0.658310072708777
MYH7B	0.0292672451131773	TRUE	-0.0840581450804967	0.281676473985794
ZNF227	0.281653376571386	FALSE	0.0460203719408553	0.628615112092927
LMBRD1	0.0234303296526025	FALSE	0.118422543400125	0.258164815269655
MYO18A	0.020011335868921	FALSE	0.000330783076356991	0.241135533918911
MVP	0.318629918544114	FALSE	-0.0733416979168664	0.651098332379115
DRG2	0.110459502129595	FALSE	0.0275105718554167	0.453970160025283
NECAB3	0.0589246951647926	FALSE	-0.0271719289588897	0.360644597450668
SETD6	0.250218668769189	TRUE	-0.0537512017638412	0.602698937433418
FAM189B	0.053063946096988	TRUE	-0.0726879596922556	0.347786552196209
DBN1	0.364674106421144	FALSE	-0.0584963889433881	0.680440442470388
SIK1	0.172362075408891	TRUE	-0.134021767946657	0.5288895547097
NIF3L1	6.8185995334265e-06	FALSE	-0.020981714322341	0.008590677789947
ATRIP	0.00200386602680012	FALSE	0.147774207489416	0.0958727294425595
NAT9	0.214991041287406	TRUE	-0.109612418194953	0.570875139502127
NOS1AP	0.0242820679943509	TRUE	-0.0971940090899258	0.260772440791205
NCOR2	0.141414719048429	FALSE	-0.0537097112330942	0.496440092659485
C1QBP	0.109296343067978	FALSE	-0.0490793260293525	0.452799135567336
MRPS33	0.101265769193016	FALSE	0.0664859900509973	0.437930036948745
MSL2	0.176835252963715	TRUE	0.103310582485747	0.533377180419738
GADD45B	0.00513003390984715	TRUE	-0.16529610953013	0.138829247025673
CCDC6	0.0935352970946859	TRUE	0.157957154684316	0.426865086993478
FOXF2	0.034795033303236	TRUE	-0.0848924785443406	0.299931317712286
ZMPSTE24	0.0949160964363502	FALSE	0.143254597593022	0.428492405211399
TAPBPL	0.201214700359859	FALSE	0.0448500011785052	0.557296894816912
L2HGDH	0.330776711457095	TRUE	-0.0368712256182997	0.66056307347869
CELA3A	0.128844241333563	FALSE	-0.042004026962861	0.480287256073997
C18orf8	0.330403698716166	FALSE	-0.0425589676927771	0.660516138882687
DYNLL1	0.114768322519981	TRUE	0.271903948836142	0.46196592440684
CEP164	0.302385956230876	FALSE	-0.0493835894694903	0.64088866499101
CCL8	0.0270658840199323	TRUE	0.142762059074195	0.273529464262043
HPS4	0.363434186570224	TRUE	-0.0413706216932148	0.68000262661663
LDHAL6B	0.292250157153172	FALSE	-0.0613948900949988	0.634252605316474
ABO	0.0139264053452742	FALSE	0.0786083900114067	0.206307701003418
ORC3	0.00167868132920686	FALSE	0.0377349569190185	0.0891944035784728
RC3H2	0.000934277913290013	TRUE	0.179969749495368	0.0716127667934949
CCPG1	0.0822360668740484	FALSE	0.0867768238962837	0.407016482882948
ERBB2IP	0.0325351335933184	TRUE	0.195014621409826	0.293757546820657
STAT3	0.233528568289031	FALSE	0.0376792108084176	0.588437039183015
SH3TC1	0.357975869545308	FALSE	-0.0849247525418455	0.675838891903803
EIF3J	0.234709586303297	FALSE	0.0933110101823077	0.589458290396064
DGKZ	0.124967755144569	FALSE	-0.0491803687899515	0.476786465539792
GTF2B	0.0647096844844468	FALSE	0.0714134145636732	0.375346170185337
CSTF1	0.0301071533323502	FALSE	0.0822802651818394	0.286396821841878
CBR3	0.00124930102828848	FALSE	0.0288985413355325	0.0799607950943813
TCF25	0.00317227881256664	TRUE	-0.162272561267309	0.114647011330044
APOC2	0.117049410915986	TRUE	-0.0893649886284563	0.465054833735256
RSAD2	0.349716839199744	FALSE	0.119102147079057	0.670971106545837
MRPL52	0.0736638579655925	FALSE	-0.0570070032443782	0.392885458829658
LACTB2	0.0684261072766662	TRUE	0.213553925960748	0.383910752305847
ZNF146	0.125845144289682	TRUE	0.184030626963737	0.477803290287672
BLZF1	0.0885049565746975	TRUE	0.143058563700217	0.419022005261167
HAT1	0.173186567535342	TRUE	0.196372684828246	0.528971132021033
IPO7	0.300748934348339	TRUE	0.15735151413774	0.639857916714752
CSE1L	0.358462030400838	TRUE	0.13938856835566	0.67597936172593
RNF126	0.0827040040679094	FALSE	-0.0354062145353606	0.408975447939828
LAMB4	0.269591768925635	TRUE	0.0328333025564769	0.619657166085933
MTTP	0.074609708318944	TRUE	-0.0408050943193308	0.393923455816058
HEBP1	0.00734342477102303	FALSE	0.058440964298403	0.16074728470778
SEC13	0.237111500872194	FALSE	-0.0309798851797476	0.590643081807954
CREBL2	0.0609855531732209	FALSE	0.137609544947458	0.366695618978048
CYLC2	0.341107091326088	FALSE	0.0468145794317951	0.666175216766537
G3BP2	0.181839829610719	FALSE	0.0603687810295908	0.538209821967096
CCDC90B	0.182890341666437	TRUE	0.0998387842079034	0.539769282705812
TRAK2	0.298770879484946	FALSE	0.076357492435732	0.638718514796343
LHX2	0.0302602181514645	TRUE	-0.0749829951104606	0.287394078862809
PHLDA2	0.0179183909539165	FALSE	-0.0432053850127464	0.227776496666434
HCLS1	0.0314782674623449	FALSE	-0.0737439896531888	0.291688195879567
HERC2	0.0644152852545185	FALSE	-0.0242505666415824	0.375187038939951
SLC19A2	0.204872734689973	TRUE	0.0526064987555985	0.56241509739134
NDUFS7	0.048575354449357	TRUE	-0.10812958572773	0.339309421545291
HMHA1	0.0950727168517006	FALSE	0.166980383335711	0.428492405211399
SLC38A2	0.211168499595485	TRUE	0.112680680684854	0.567941085605598
EGLN1	0.0845937244370242	FALSE	-0.0468512887235681	0.413451828185956
LRRC23	0.0795980831675209	TRUE	-0.0613521171197027	0.402929761177017
MAPK4	0.0214753004144782	TRUE	-0.0609954679731825	0.249465225211778
EPRS	0.120283414881003	FALSE	0.0781617937093051	0.468578980571615
USO1	0.0111953104052547	FALSE	0.0674179182905285	0.190715301770655
TAAR2	0.264571095145449	TRUE	0.093306210199968	0.615422337985884
AMACR	0.3523078648641	FALSE	0.0489723739043449	0.671908051470096
FKBP2	0.173149616324253	TRUE	-0.081280816484365	0.528971132021033
NFRKB	0.223605318471672	TRUE	-0.0640019311769944	0.577818827598132
CSNK1D	0.334839806319368	FALSE	-0.0968786880964607	0.662649058250089
TOP1	0.306168738998722	FALSE	0.0362160362919752	0.643439232326714
GAB1	0.334904602998011	TRUE	0.125844416525654	0.662649058250089
RPS6KA2	0.0124238800191922	FALSE	0.0060344713881206	0.195930981276246
GIT1	0.0567768593826532	FALSE	0.012965191486857	0.355935076973369
MAPK6	0.118776508067281	TRUE	0.144046901452945	0.466830788552823
TRIM3	0.0523396693684319	FALSE	-0.0213036930966979	0.347031879329511
EPN1	0.0675681365845167	FALSE	-0.0382303731492686	0.381931755100616
S100A11	0.0372657489687827	FALSE	-0.024804102750927	0.30804384794374
MANEA	0.217767668108522	TRUE	0.236073305218059	0.57209195400598
TJP1	0.054004509898559	TRUE	-0.0483445066015911	0.348788023910053
IDS	0.297290249409869	TRUE	0.062420435459802	0.637851816852321
MXRA8	0.143075043017	FALSE	-0.121581253966042	0.498085661632712
SCN2B	0.0398065475769933	TRUE	-0.0893001803051599	0.315649780659111
CPSF3L	0.292398590764595	TRUE	-0.0796725457820519	0.634304117214413
AP1B1	0.0793117921423306	FALSE	-0.00706079352069545	0.402254990178429
C11orf57	0.200330969066581	TRUE	0.129882887634381	0.556480367037228
ZBTB22	0.0977212774258789	FALSE	-0.00550860233311035	0.433589634619975
DOK2	0.285666878914576	TRUE	-0.0838200521492292	0.631106658803079
ANXA7	0.36632651554433	FALSE	0.117416039716838	0.681391179888347
PPP1CC	0.136849254814326	FALSE	0.131591752967837	0.489499940943032
KLHL20	0.280949378445005	FALSE	0.0331421449470422	0.628340237117932
FZR1	0.00207332926318413	FALSE	-0.008968994437063	0.0979561688135202
HTT	0.171961895782705	TRUE	-0.0613018032576682	0.528708225672477
ST8SIA4	0.155931825122067	FALSE	0.108603265982539	0.512945434624202
POLR2H	0.000173401546618466	FALSE	-0.018425479006404	0.0364111136501258
SPRY1	0.349438228578754	FALSE	0.0452030934061605	0.670966479902986
DYNLT1	0.33550934339384	TRUE	0.0968395839821864	0.66289256747565
MID1	0.286635280469402	TRUE	-0.0414251569141482	0.631977936338563
NPR3	0.28516821989548	FALSE	-0.0396196134323756	0.630804313860432
TBC1D10B	0.00128336780267105	FALSE	0.059714187005924	0.0799607950943813
VEGFB	0.30008738712116	FALSE	-0.0744414996983784	0.639788564624894
RNASE1	0.210380443071846	FALSE	0.0834359308378197	0.56738060953722
ARL2BP	0.286796196286159	FALSE	0.119799353263043	0.632033998189821
CTNNBIP1	0.117299104127202	TRUE	-0.14018094808699	0.465054833735256
HOPX	0.0692219528801437	TRUE	-0.114113955464698	0.386081406090799
MNX1	0.336148290618269	TRUE	-0.0708222916513858	0.663637038586754
CHRNA6	0.0187709174768224	TRUE	-0.0852014009320821	0.232819358608153
CTBP1	0.311149664207329	FALSE	-0.0644523058698521	0.646058605099231
THRB	0.163510058249357	FALSE	0.0456717082166474	0.520651656975415
PDPK1	0.112018986713659	FALSE	0.0493288337623438	0.456531184689598
HIPK3	0.0114034515457603	TRUE	0.26674050062354	0.191277717570082
DEAF1	0.241667619264122	TRUE	-0.0518899006084705	0.595572936481889
ORMDL2	0.0420084877607984	TRUE	0.225824204239691	0.318900165581219
NLGN4X	0.238821359325079	FALSE	-0.0276617163910098	0.5924295325721
CREG1	0.308937451687442	FALSE	0.163649844266906	0.64439721071642
PIAS2	0.00658523133616626	FALSE	0.000179042219771802	0.154276731654523
FUT3	0.0211413227168838	TRUE	-0.0844025626547531	0.247902231940792
ZNF204P	0.0592495620976742	FALSE	0.0686749616730363	0.360644597450668
OSR2	0.252863688118711	FALSE	-0.0458746277403995	0.605154360400605
MAP3K6	0.0672473370034561	FALSE	-0.0144379584597416	0.380692155939657
SFRP1	0.105629811640031	TRUE	-0.071675432009529	0.445586471051457
CBX6	0.0416849860854324	FALSE	-0.0169842718283271	0.318723219275291
CCL21	0.198754339211172	TRUE	-0.0587046888462832	0.555366055277347
MFSD1	0.0433236929579877	FALSE	0.0885050216519205	0.323890385401955
UBE4A	0.077060239366053	FALSE	0.036384558859716	0.397536876329242
SCD5	0.00125892373076233	TRUE	0.259822545916133	0.0799607950943813
RPL35A	0.0415064145426136	FALSE	-0.094311093911798	0.318657086350813
USP36	0.0681359800815024	FALSE	-0.0490804689228852	0.383421279476008
HIST1H2BK	0.338835719222268	TRUE	0.234015017485823	0.66524204992795
SERINC1	0.101131644876583	TRUE	0.168561253736162	0.437683863074646
CD209	0.3670574602941	TRUE	0.104760079681573	0.681391179888347
RNPS1	0.0751598265885994	TRUE	-0.212879345433597	0.394466953575787
ACHE	0.0758584803635623	FALSE	-0.0275868546974211	0.395293800019501
NADSYN1	0.278567469933606	FALSE	-0.0485128846679361	0.626812972257022
SLC10A2	0.0715287308932416	TRUE	-0.0525030836410041	0.389150068959542
ZNF654	0.001630992618008	FALSE	0.056352597329676	0.088487202371257
RHOB	0.178650257272164	FALSE	-0.035486679592168	0.536369870036069
TRIM25	0.0348823937127379	FALSE	-0.0196326070592625	0.300327609953481
PLA2G1B	0.0140525120085883	FALSE	-0.0306359041008569	0.206988577079226
IQCC	0.23426519060947	TRUE	0.0578106463529666	0.589379408990633
MRFAP1L1	0.158143209032152	FALSE	0.031365753877366	0.515147093182848
HLA-E	0.00272338706448207	TRUE	-0.130972904751114	0.112192579671325
ZBTB32	0.081412052862412	TRUE	-0.0762056128352386	0.405350005941942
EMD	0.367048272384615	FALSE	-0.0640300731902615	0.681391179888347
ARHGEF1	0.073782060780646	FALSE	-0.122768338991615	0.393037706133413
EXOC3	0.015962061984406	FALSE	-0.0392268751557585	0.21696377673024
CLIC4	0.318900384337887	FALSE	0.122105513083527	0.651298893733304
CXCL3	0.210761038118819	FALSE	-0.0473747446635455	0.567801803872118
NFATC2IP	0.136530356026387	TRUE	-0.0958004766225413	0.489136716266414
TMEM80	0.0465308136458268	FALSE	-0.0148162948927026	0.334028893265042
SF3B3	0.220178575044179	FALSE	0.0355237437487846	0.573734791842128
JTB	0.00969877348517525	TRUE	-0.0803390170661036	0.180113889730987
INPPL1	0.279126461674111	FALSE	-0.0906429759155341	0.627045371634545
USP10	0.258260086688395	FALSE	0.102613379250877	0.608758615214342
PIK3CD	0.216655609740319	TRUE	-0.126689133676932	0.571802378496795
LHCGR	0.189282862208811	TRUE	-0.0404745045802897	0.545716272152157
GSTCD	0.0932202394758062	FALSE	0.0291753259014409	0.42656877092722
NR1D2	0.0452674534032926	TRUE	0.245082598360432	0.330513621468084
ZNF701	0.343626544851228	TRUE	0.16072949710367	0.666846036636672
HECA	0.128190093842425	TRUE	-0.0797119086240581	0.479049001236943
NR1D1	0.124792195626648	FALSE	-0.0349203350338479	0.476437274818371
LRRC8E	0.287214210235179	TRUE	-0.049680601204503	0.632033998189821
NRIP3	0.335886186301631	FALSE	-0.0603919390874792	0.663290398201705
NACC2	0.00791757923049549	FALSE	-0.000131979209657004	0.165335968498321
EIF2S2	0.032961790173249	FALSE	0.100115835932398	0.294875628935684
HLA-DOB	0.310843620588896	FALSE	-0.10756463502623	0.645896245896553
EIF2B5	0.21548439583941	TRUE	-0.0807275006240813	0.571149500800157
RFXAP	0.351419462315339	FALSE	-0.0560889741031593	0.671609071591121
RPL4	6.30193734495536e-06	FALSE	0.0721712846919875	0.008590677789947
TNFRSF9	0.169754616468331	TRUE	0.0827168943550365	0.52721106440274
ARPP19	0.191029218392774	FALSE	0.132757099705955	0.547836547308532
RECK	0.00156988983038359	TRUE	0.168249973003423	0.0876895605257117
RANBP17	0.00403599596605001	TRUE	0.0902498661466957	0.12578993415208
C21orf62	0.208292256330785	FALSE	0.0366223076547891	0.565359779936547
RAD21L1	0.13963000009108	FALSE	-0.0535556622414213	0.494476502703593
CD8B	0.0980818626996767	FALSE	-0.0511165450001451	0.433755944286909
STK39	0.104777660597459	FALSE	-0.0453789619797377	0.444305868928419
MEPCE	0.0224802124651711	FALSE	0.009299673083179	0.255158287430005
NCKAP1L	0.350441955942392	FALSE	-0.0342433827078983	0.671444428188378
FLII	0.142506494874268	TRUE	-0.079511513368332	0.497599911417046
MRPS14	0.0193494693470559	FALSE	0.139723779367798	0.237193116677045
ALDH6A1	0.303799867945942	FALSE	0.0966448067028391	0.64208512630737
RPL17	0.014491124466417	TRUE	-0.162550838665789	0.209318293407264
TKTL1	0.318386039943392	FALSE	-0.0340825204477664	0.650942896683309
GATA4	0.138582459479393	FALSE	-0.0397756129303779	0.493009396931223
SPRED2	0.035261626530631	TRUE	0.0799644957887671	0.301495107058277
GNL3L	0.372545725842716	FALSE	-0.0465955912348415	0.683543039697501
ARFGAP1	0.106495461817914	FALSE	-0.0436082450155387	0.447191751798937
ARL6IP5	0.358510363849522	TRUE	0.13210093855828	0.67597936172593
GAK	0.297352915061414	TRUE	-0.0856834597453607	0.637851816852321
ATP5G3	0.242522631587968	TRUE	-0.0602962694461988	0.595892543965345
GALNT1	0.338869219541744	TRUE	0.165111660441012	0.66524204992795
SRPR	0.346373272964894	FALSE	0.0603949354810401	0.668054794086202
FBLN2	0.107145230507943	FALSE	-0.14754212058908	0.448034418858713
RIMS3	0.218269073612311	FALSE	-0.0291750981299019	0.572452846631042
ABCC10	0.0172586345348982	TRUE	-0.100635033155455	0.225247646188818
COX5A	0.195424702620455	TRUE	0.0856715302192523	0.551215346434566
SND1	0.129745557001279	TRUE	-0.0675372075060956	0.482197597783515
JMJD4	0.368800744543124	FALSE	-0.0383980748333208	0.682030462421455
TMEM161A	0.0167495227983015	TRUE	-0.0831876722745699	0.221613581108449
CD2BP2	0.00678985819076796	FALSE	0.0113806703021525	0.15552284683168
PRKCD	0.0632738178312968	FALSE	-0.0031737326283305	0.372051836686742
RXRG	0.184378576076964	FALSE	-0.0302428019214007	0.540804807720894
COIL	0.0594920938563022	TRUE	0.108923882303274	0.361511710737733
DBP	0.180596372214463	TRUE	-0.0741592115471982	0.537587636872547
GNB2L1	0.294184629303865	TRUE	0.0778581281204743	0.635574613792148
SIDT2	0.0467154153644055	TRUE	-0.129182276997932	0.334028893265042
ADM	0.366879432596684	TRUE	-0.0786845288558146	0.681391179888347
FOXI1	0.302122969827518	TRUE	0.0527816294379	0.640850362625704
EHMT1	0.175535053429747	FALSE	-0.0357021880510029	0.531621787083307
CACNA1F	0.340717208067538	TRUE	-0.0408508079563408	0.665982871695752
TPP1	0.382250604374359	FALSE	0.0997805196923175	0.689908277635289
GRAMD1C	0.0148714876636053	FALSE	0.0168368713512872	0.212168611362796
KHDRBS1	0.226436116567832	TRUE	0.127619780181842	0.580138948962268
MDM2	0.24453475001502	FALSE	0.087577644086805	0.597776839829552
BANP	0.0325922410086342	TRUE	-0.096565332889565	0.293770604767013
CENPM	0.240921375081442	FALSE	-0.0394891883116203	0.595229026678882
PPP1R3C	0.316910910826847	TRUE	-0.0620352104416286	0.649106361608675
ENGASE	0.363717600315051	FALSE	-0.128790110079671	0.68000262661663
SIGLEC15	0.0429242545384086	FALSE	-0.0135641494110308	0.322116560033762
KCNJ6	0.047188963458439	FALSE	-0.013750419984953	0.33553359725835
CDC42EP1	0.169502405494614	FALSE	-0.0443709309930597	0.526860684184053
PEX11B	0.241734098227125	TRUE	0.0977402615240364	0.595572936481889
CRTC3	0.187825335197369	TRUE	0.0956176874125438	0.543442581220457
KIF22	0.231813093347572	TRUE	-0.0825841024784455	0.585845782381171
H2AFY	0.062150995713476	FALSE	0.000825739353176799	0.369551053234735
TNFAIP8	0.20082857826216	TRUE	0.101431566420875	0.556771454502354
AMZ2	0.396786159674221	FALSE	0.0849765614777114	0.697976470331022
MAP3K10	0.374039855724044	TRUE	-0.0852936478758453	0.684729441475259
BCL7B	0.0031564281420966	FALSE	0.0283687967616605	0.114647011330044
MADCAM1	0.164234838275309	FALSE	-0.0492546920522769	0.520703768558187
EPO	0.337838683519258	TRUE	-0.0533409079195351	0.664835544444941
KL	0.0815081690440668	FALSE	0.0674779552616867	0.405350005941942
TP53TG1	0.0108231481153478	FALSE	0.0100529801480585	0.188805656122968
NT5C	0.351698741401994	FALSE	-0.0776596749428028	0.671704906309114
ARAF	0.298093383837657	TRUE	-0.0511551059674824	0.638353329430631
PNRC1	0.00310018344282612	FALSE	0.0276915201804346	0.114647011330044
SEPP1	0.214845405463225	TRUE	0.0512379444419655	0.570875139502127
MLST8	0.129000322586708	TRUE	-0.0682452228459978	0.480530439491025
PABPC3	0.279205641997345	FALSE	0.031029688326973	0.627045371634545
ENOX2	0.268246937059727	FALSE	0.090077143910838	0.618987021170051
PDE1C	0.0561404736013334	FALSE	0.00775819925371925	0.354821092002943
FAM160B2	0.33816469990038	TRUE	-0.0762621654202185	0.664835544444941
CAMTA1	0.00408209316708686	FALSE	0.0218053039263941	0.12578993415208
PPIH	0.00394607430369536	TRUE	-0.148389793663116	0.124636592004462
SCYL2	0.377599043674079	TRUE	0.150358039962727	0.686695848989435
BAG1	0.320180127294471	TRUE	-0.068096780415808	0.652619533236025
HDAC6	0.293795262566459	TRUE	-0.0582663309157425	0.635448283525042
PRR15L	0.0928087164473387	FALSE	-0.0613970777413578	0.425539035906338
GDF9	0.382865082882902	FALSE	-0.0401330121099104	0.690206304263531
TOM1	0.18374706982114	FALSE	-0.0581908723094554	0.540603686224248
KLHL24	0.307679597740794	FALSE	0.0601333885801296	0.643448719805029
SF3B2	0.104046949576271	FALSE	-0.0178733815449865	0.443800242896057
QSER1	0.224439495649717	TRUE	0.152156937600771	0.578337186286038
VEZF1	0.236342243510018	FALSE	0.0785664205926391	0.590328303792921
RXRB	0.243732926691636	FALSE	-0.0551871909912311	0.59708422866569
NDUFA6	0.324223168720328	TRUE	0.132993184902627	0.655323798595329
HP1BP3	0.250326537969442	FALSE	0.0397449663930819	0.602698937433418
EXD2	0.288125268301224	TRUE	0.112541908018413	0.632033998189821
KDM6B	0.109949354166663	FALSE	-0.0433544826344451	0.453846278447683
SLC35E1	0.318284396422866	TRUE	0.0956923031539596	0.650912202288482
C4BPA	0.40098988190938	FALSE	0.0346205704144169	0.701237549501921
INSM1	0.0431377221458097	FALSE	-0.0464084198842751	0.323417047758554
TRIM32	0.243561865351503	TRUE	0.0644336876256856	0.596876592007931
DLK2	0.118290201988276	FALSE	-0.0497793038472521	0.465501516974787
RFX7	0.284806408943595	TRUE	0.133405119366784	0.630641681051751
CNOT2	0.359372217390333	TRUE	0.0608865583593595	0.676594475568427
TAF6	0.368490112348036	TRUE	-0.0307559880782185	0.682012590916769
F8A1	0.173444721989748	FALSE	-0.0125108652177932	0.528971132021033
SPIN1	0.216401295189675	TRUE	0.121927694941006	0.571802378496795
GYG2	0.0817445857808978	FALSE	-0.0221193910455977	0.405708879671919
NXT1	0.345678056563556	FALSE	-0.0894494754543442	0.667860358902977
EBNA1BP2	0.371947260263024	TRUE	0.0563865538799726	0.683016716760221
CXCL6	0.145214328657082	FALSE	-0.057410450295469	0.500025895123794
NTN3	0.13150533876509	FALSE	-0.0493651779920068	0.485043434346024
IPO4	0.203607426709213	FALSE	-0.0118023092094867	0.560643933502225
IFNAR1	0.0743876803336933	FALSE	0.110106685001166	0.393923455816058
RANBP10	0.245950070278794	FALSE	-0.0270084652453382	0.598352651329515
APOL6	0.0544255253990364	FALSE	0.0234568369335667	0.349056013857282
POLE2	0.224741451644257	FALSE	0.0881814717671293	0.578511536933992
TMEM184C	0.171891386568991	TRUE	0.231671103264258	0.528634779578463
LCMT2	0.288759181761779	FALSE	0.0518298056921647	0.632033998189821
MUS81	0.301681232888011	FALSE	-0.0614016967821105	0.64059241567737
CCNG1	0.307492360868358	FALSE	0.132148202985799	0.643439232326714
GTF2A1	0.0781666204659362	TRUE	0.130668318240541	0.400149575378443
TDRD3	0.158140917661508	FALSE	0.0461392611545952	0.515147093182848
UCN	0.0916049676412161	TRUE	-0.129718576513941	0.423871160413558
TMEM35	0.193124673133126	FALSE	-0.0485367292828329	0.549499453723677
GDI2	0.0172824280963288	FALSE	0.0748302467737387	0.225247646188818
PTP4A3	0.35445609054679	FALSE	-0.0689510646742409	0.673189314629355
MMS19	0.251367629212819	FALSE	-0.057268653760061	0.603271251468065
NEU3	0.399182943224834	TRUE	-0.0380844251515104	0.700129217823108
SLC16A4	0.350733340520307	TRUE	0.0556875674498338	0.671444428188378
PAOX	0.0517641119382756	TRUE	-0.10005952009045	0.34669419094395
NEUROG2	0.400559966402762	TRUE	-0.0341288950296366	0.701061934300499
C9orf9	0.206048179385395	FALSE	-0.0339268413049534	0.563875358179678
SSTR2	0.354196339233812	TRUE	0.0535145177782467	0.673173300390351
IGSF9B	0.262308416265217	FALSE	-0.0750059339934047	0.612881749851906
ZKSCAN4	0.0902203586804276	FALSE	0.0317790406216509	0.422381770056717
SUMO1	0.292948886096351	FALSE	-0.0525582543012616	0.634526727687971
NCOA6	0.0703129777195531	TRUE	0.0887508966643473	0.387447741149016
HOXB2	0.199739697020687	FALSE	0.0375257780921057	0.556067714326007
ITGA8	0.104192050963776	TRUE	-0.0457049586301279	0.443829305439923
ABCF1	0.357936511944235	FALSE	-0.0445615178458452	0.675838891903803
EIF3G	0.077923891283218	FALSE	0.0375163336078617	0.399809503737742
QRICH1	0.0127616662432584	FALSE	0.0105605435793314	0.19795421823845
TULP2	0.00537681338339467	TRUE	-0.0843480607459557	0.141729636549285
LECT2	0.0217467356373539	TRUE	-0.0760212293585294	0.251106146020322
DENND4A	0.379346103774908	FALSE	0.087837640860218	0.688306161435166
A4GALT	0.0121166274538555	FALSE	-0.002262804312071	0.193780590549037
CCNI	0.211035616976352	FALSE	0.0796355486616332	0.567878457226801
CLINT1	0.240947282163865	TRUE	0.0637603457467783	0.595229026678882
DNM1	0.296241177278094	FALSE	-0.0481498659089168	0.637313407044525
GTF2H1	0.310554215800623	FALSE	0.0961253355538161	0.645636629808139
SLC1A4	0.0166445759772037	FALSE	-0.0011917710033605	0.22156584107458
PLEKHM1	0.107621959393777	FALSE	-0.0615516157810808	0.448649043222808
NEUROG1	0.2252234025816	FALSE	-0.0491512035925049	0.578768646716507
SMYD2	0.108562310970035	FALSE	0.0386847608308578	0.450911371461256
QPCTL	0.0873642530169428	TRUE	-0.067777271191232	0.418356551032022
SDF4	0.0501024502666007	FALSE	0.197118808813678	0.342029911844061
CXXC4	0.173520892054043	FALSE	0.0442051900456056	0.528971132021033
GJB3	0.260758359817813	FALSE	0.0358805717524074	0.611491752173424
MAOB	0.236714230556782	FALSE	-0.0479037935139922	0.590464307293497
ABCD4	0.0002522937200044	TRUE	-0.144441609545306	0.0433824325877159
NFIL3	0.341249904122166	FALSE	-0.0927714863369012	0.666224632031893
CHPT1	0.0941159793180093	FALSE	0.0952059219495389	0.427214207160491
ZXDC	0.288717426646656	TRUE	-0.0875661737569928	0.632033998189821
CYTH2	0.0465916343121253	FALSE	-0.046551698250319	0.334028893265042
C2orf42	0.098877557467261	FALSE	0.0724435745040675	0.434795758213988
PFDN5	0.000457423479491814	TRUE	-0.178292953789825	0.0505900371877312
SLC25A17	0.235346465463487	TRUE	0.0578090689845943	0.590005211561018
SLC5A3	0.12621056244939	FALSE	0.0886717788801465	0.477954320979065
ITGAX	0.0159335229823968	TRUE	-0.155519682125628	0.21696377673024
RLN2	0.391271149121357	TRUE	0.0868156333788291	0.694480671524407
TALDO1	0.247456745203545	FALSE	0.0523652029428884	0.599989859026844
CLN8	0.148866699534196	FALSE	-0.0344901067862642	0.505719309595992
GPATCH1	0.273426248466541	FALSE	0.025128050947425	0.623442636509572
CDK13	0.274120490694187	TRUE	0.0722129000261429	0.624441174317542
C10orf12	0.226076704393595	TRUE	0.0809218579659816	0.579842513259211
DCAF15	0.0804685058527573	FALSE	-0.0292948631597596	0.404446980436354
DDX58	0.355999447568295	FALSE	0.129012454262725	0.674772621849481
AQR	0.0435468670349668	FALSE	0.0446658279082816	0.324431146959958
ARMCX4	0.0100280801367574	FALSE	0.00298675211543075	0.181642812572991
MTSS1	0.270773365159068	FALSE	-0.0041048476010785	0.619837490584263
BLCAP	0.110588748077148	FALSE	-0.0263611800838113	0.454006280439059
SLC25A37	0.00538720110704134	FALSE	-0.025972813118843	0.141729636549285
MAPK9	0.33371362757221	TRUE	0.117536957538597	0.6622294055025
GABBR1	0.291667771694384	TRUE	-0.207122371618607	0.634252605316474
EP400	0.36855074389296	FALSE	-0.0591101162324221	0.682012590916769
SEPHS2	0.199472067468194	TRUE	0.0884762388606725	0.556067714326007
PSMA4	0.277125085053172	FALSE	0.191554351413296	0.625846273351116
TEP1	0.340832401838826	FALSE	-0.109214081168007	0.665982871695752
ZNF274	0.00917599966379453	FALSE	-0.0416209621095273	0.177271498541381
CD177	0.0370539658019067	FALSE	-0.0719463846430932	0.308031464976407
DOT1L	0.379390908278489	FALSE	-0.0795631639060448	0.688306161435166
MGAT1	0.0959042577713131	FALSE	0.008998732651734	0.430506088229976
C8orf4	0.25565061532317	TRUE	-0.0734169697728777	0.606603524730911
DSG1	0.343319316686693	FALSE	0.0248237012047779	0.666820440546491
ERCC6L	0.170204741357208	TRUE	0.0491818277741842	0.52733188473758
HS2ST1	0.118921668069935	TRUE	0.121457018601986	0.467052932024664
ZNF783	0.0108991020160237	TRUE	-0.112615281572738	0.189515923136741
RAB8A	0.0526367672397713	FALSE	0.0481560003951025	0.347206692106904
P2RX1	0.275324021703308	FALSE	-0.0580310241717851	0.625261112034014
TMX4	0.145822743884373	FALSE	0.0375516455814832	0.500598580720017
DAG1	0.151707294910119	FALSE	0.0337845276412936	0.507436288196412
DENND4B	0.334582061426523	TRUE	-0.123447007372435	0.662649058250089
ARSA	0.156320180026231	TRUE	-0.0869794222839595	0.513155275548692
ZNF394	0.280090682122122	TRUE	-0.0567626050033212	0.627598298428661
SUPT4H1	0.0661770981245109	TRUE	0.243987598333258	0.378789558623841
SLC39A9	0.0631214558788219	TRUE	0.137102614653581	0.371679431210892
PHF11	0.386163220717535	TRUE	0.116372419835846	0.691419552627705
GIMAP4	0.155633911351874	FALSE	0.092834234718394	0.512804403662896
CTBP2	0.34050833103907	TRUE	-0.0647609596389747	0.665962792028683
NFATC3	0.0895149041713912	FALSE	0.0655291758357166	0.42079241165159
CNOT7	0.001228776436664	FALSE	0.0816815823468395	0.0799607950943813
RGP1	0.050174451643072	FALSE	0.000408459161278102	0.342315347280863
RBMX2	0.322471977816166	FALSE	0.086914525891007	0.654670820227981
ADCY2	0.358568963428635	TRUE	-0.0398596973732555	0.67597936172593
IL6ST	0.413627357845015	TRUE	0.0946905690974631	0.7077290796144
PUS1	0.0998857481193032	FALSE	-0.0421386529821446	0.436473184994697
NPHP4	0.0865453548409951	TRUE	-0.0824935504060531	0.417421760079403
FBXO7	0.299455304581137	FALSE	0.0888458507071928	0.639670856611352
DCAF8	0.173923718926985	TRUE	-0.11431408342137	0.528971132021033
CHIC2	0.0895894984391105	TRUE	0.189220901024595	0.42079241165159
CUX1	0.189121497825452	TRUE	-0.0749482438447402	0.545522427840957
LRRFIP1	0.34145568578183	TRUE	-0.0869847437236342	0.666303315229786
SDC3	0.212959090794228	FALSE	0.0404890055927036	0.56926492925149
BMI1	0.159082379045016	FALSE	0.065484964622114	0.515737559307784
USP20	0.0241581153985042	FALSE	-0.0313426619418374	0.260772440791205
CDK5RAP3	0.0345811151914042	TRUE	-0.226909333192562	0.299650606823466
TMEM110	0.0440833976684708	FALSE	-0.0533481857510299	0.326280447886939
KRT8	0.328574650029144	FALSE	-0.12896533052969	0.658837192069794
C9orf40	0.256665876443122	TRUE	-0.065573638494546	0.606908777809239
GAR1	0.0739048484439104	FALSE	-0.045117065182066	0.393245929847724
TYK2	0.241769311811106	FALSE	-0.0901235609089978	0.595572936481889
HEATR6	0.0253986403003861	FALSE	0.0363941436198452	0.263973586036735
PDE1B	0.241587970947638	FALSE	-0.0894947533735796	0.595572936481889
SLC10A3	0.196276183952991	FALSE	-0.0348139409989413	0.552526228858729
NEFL	0.207678282002037	FALSE	0.0356270486994568	0.565218394317161
MARCO	0.256700594688499	TRUE	-0.0823175359571991	0.606908777809239
PHF20	0.218136556758293	FALSE	0.00278313368883155	0.572448662119247
DEF6	0.00970376896153438	FALSE	-0.0146260129854685	0.180113889730987
RAB11FIP2	0.142260991917256	TRUE	0.062970836813919	0.497599911417046
SYT11	0.331406049961363	TRUE	0.127281316451693	0.661353959963374
KIF26B	0.0665366081480245	FALSE	-0.0207389773784809	0.379387188192066
IGLL1	0.370878469240521	FALSE	0.0544820926608205	0.682693338103615
TUBD1	0.341446892555724	FALSE	0.0762537499265843	0.666303315229786
IAPP	0.254009883688536	FALSE	0.0546784834653895	0.605790595632738
RAP2B	0.0342640304313005	TRUE	-0.316602795779683	0.299552691642649
PPP1R12B	0.097048775501777	TRUE	-0.118598913993395	0.432967620343262
CRYBA4	0.373936923560475	TRUE	-0.0530269901233968	0.684655381277608
YIPF6	0.0230452707139588	FALSE	-0.0160587050952142	0.257077699632435
KIF24	0.0353440602485506	TRUE	-0.051654487542784	0.301653343099569
SRPX2	0.401405151034868	FALSE	-0.0468751598703942	0.701530981440254
INTS1	0.0753368806174364	FALSE	-0.0549226242317759	0.394752721497741
RCVRN	0.156552251346086	TRUE	-0.103647724471191	0.513155275548692
TMEM214	0.302821340841988	FALSE	-0.129763759245137	0.641331935712981
MTHFR	0.410637443252858	TRUE	-0.0450555914824711	0.706388751268942
PDLIM2	0.0711042774697956	FALSE	0.0216811114412057	0.388237719909167
LILRB5	0.151550246974047	FALSE	-0.0313348866144953	0.507221232094814
ASH2L	0.416463257748507	FALSE	0.0727681229878252	0.708624981934322
SKP2	0.381802547331363	TRUE	0.0944061421374191	0.689785756521464
CYP4F2	0.000942379834780222	TRUE	0.116022858587846	0.0716127667934949
CCNL1	0.0370884514480464	TRUE	-0.249042112730202	0.30804384794374
GPSM3	0.388654205230286	TRUE	-0.0465451605459508	0.69335014501144
PLLP	0.192016949164518	TRUE	-0.0795554906339389	0.548562570181104
U2AF2	0.00282742199130026	FALSE	0.0326241239661045	0.113095185309455
SH2D3C	0.125719888461076	TRUE	-0.0669118639341009	0.477803290287672
SERPINA4	0.319119311175505	FALSE	0.0410854472382896	0.651417985497934
SMARCA4	0.00582544245312689	FALSE	-0.0174717456364043	0.146462731654115
GIN1	0.120281309381557	FALSE	0.0978428539188661	0.468578980571615
PTGES2	0.0249004850550758	FALSE	0.0052166399762	0.262222209906497
SYT17	0.140775318880133	TRUE	-0.066319979663132	0.496376019684525
ZNF137P	0.420162234877008	FALSE	0.0916326129130811	0.711927612263956
PGAP3	0.0159720795107367	TRUE	-0.0716154721925175	0.21696377673024
MMP12	0.339365634255995	TRUE	-0.0395576942476641	0.665774799341707
NUP62CL	0.40283401129371	FALSE	0.0449574830282451	0.702619953432908
RECQL5	0.0937503613494825	TRUE	-0.0667743392156033	0.427093349675284
DDB2	0.00247425343506353	TRUE	-0.128509120878473	0.105472028948065
TEX28	0.283260118603866	FALSE	-0.0416796416997879	0.629211456414384
AHCYL1	0.0264393639177649	FALSE	0.0797184679869984	0.269843337050888
GRIN1	0.0824323950727289	FALSE	-0.0285301041849045	0.407810177892527
SLC17A6	0.221650823499356	FALSE	0.0245851290536114	0.575784349979197
FAM124B	0.287918940393091	TRUE	0.0545285140361625	0.632033998189821
MBIP	0.144382646132982	TRUE	0.114274803049907	0.49894156195605
SCN9A	0.236208328012941	FALSE	-0.0433265704383849	0.590221129422679
STK38L	0.375557412991622	TRUE	0.139298783944341	0.685740017055072
C7orf43	0.183988786575978	FALSE	-0.0645791967453482	0.540603686224248
AKR1A1	0.00292238198215629	TRUE	-0.125108410554208	0.113095185309455
HNRNPA1	0.0131162876732858	FALSE	0.111309534674697	0.200485298451238
FXYD3	0.0929304331038665	TRUE	-0.0762967073868887	0.425752800389795
NUP54	0.0336255728499209	FALSE	0.037712468193129	0.296716241669458
CBX4	0.119327307882128	FALSE	-0.0169601122158326	0.467052932024664
GTF2A2	0.252521964209077	TRUE	0.100622767332276	0.604847180432345
PCDH7	0.0597943166694759	TRUE	-0.0553244390826535	0.362533879855351
TNFRSF12A	0.10097774359964	TRUE	-0.100295915574349	0.437437992760154
ATP1B1	0.0416955107585345	FALSE	-0.000905961205378503	0.318723219275291
TAF1	0.156866039937394	FALSE	-0.0273689699470272	0.513437367557874
TSHR	0.23674374506204	FALSE	-0.0254828135702341	0.590464307293497
LY75	0.337130794389008	FALSE	0.0903649021535544	0.664296336493185
SIRT6	0.40615611041458	TRUE	-0.0470009521323807	0.704836874195121
LMAN2L	0.000719508366343692	FALSE	0.0110773364435567	0.0642401997320561
GLRA2	0.256822478450671	FALSE	-0.0256073447160246	0.606942493362267
SP1	0.0518943637767118	TRUE	0.14883096986812	0.346999179498713
CLTB	0.33699778901602	FALSE	-0.0675948478176984	0.664263683627246
BTG3	0.259561687120317	FALSE	-0.0332947413669556	0.610236361239327
GPR19	0.0574034079901225	FALSE	0.0890378608303486	0.357346528363767
B3GALT4	0.413269229926023	TRUE	-0.0449829909634278	0.707662245823443
LONRF1	0.00975324357700157	FALSE	-0.00563573032881851	0.180117310944008
POLG	0.0176746290064427	FALSE	0.024652326217796	0.2267107466309
SKAP2	0.0709815176646324	TRUE	0.137053268929178	0.388031421042701
PLEC	0.0137613223781234	FALSE	-0.00946988589867449	0.205585816133784
CAMP	0.0210185416537183	FALSE	0.21049037507285	0.247229506028539
TJAP1	0.0805476839118255	TRUE	-0.072593903301454	0.404457621572658
PPCDC	0.397057894753606	FALSE	-0.0475771008838462	0.698238130988079
PHF1	0.329408788108847	TRUE	-0.0991080077596519	0.65990492883544
SNX5	0.000276584729756421	TRUE	-0.122137107997463	0.0441717500099726
BAHD1	0.00995591251199707	FALSE	0.00780209685878665	0.181316222892852
TTYH1	0.186524449135101	FALSE	-0.0480135166603971	0.54217914036826
UBQLN3	0.139751245248594	FALSE	0.0308842364619651	0.494631144988705
LEPREL4	0.208278853567713	FALSE	-0.0444411461109047	0.565359779936547
POLE	0.326500122446655	FALSE	-0.0440367713820751	0.657345766659779
TRAF3	0.344647480967932	TRUE	-0.0575855209239358	0.667423540720056
GCKR	0.267780239877165	FALSE	-0.0221102977288195	0.618987021170051
NFIC	0.155978116111143	TRUE	-0.0649960540629011	0.512945434624202
RNF13	0.0163901893393394	TRUE	0.177491816655474	0.22009425044661
NUP153	0.176511043993993	TRUE	0.106601059982951	0.533099189913536
ADAMTS5	0.00384899380421308	FALSE	0.00649920511339851	0.123287403237209
DPM1	0.18806628413616	TRUE	0.244468018228082	0.543862176949737
PROC	0.0907089502246973	TRUE	-0.0809858280378155	0.422990145322678
DNAL4	0.274270441636463	TRUE	-0.0686755573661786	0.624441174317542
FECH	0.0940028725707605	FALSE	0.00964479392401785	0.427175167281097
PI4KA	0.158303854912331	TRUE	-0.185682633699517	0.515362449282493
TRAF2	0.0855381054835631	TRUE	-0.0763683687966273	0.414931437736174
PEX2	0.398616629363441	FALSE	0.102577561725558	0.699677083645829
FLJ20712	0.266563150886871	FALSE	-0.0541809394150776	0.618363250389981
KLK3	0.00240336004974553	TRUE	-0.0894311647152524	0.104195511035175
SH3GLB2	0.000131930736426999	FALSE	0.08035957325851	0.0359079766534698
APPBP2	0.314721594021293	FALSE	0.0997117245227293	0.647690746991241
PPEF2	0.20772619032669	TRUE	0.0339658182391979	0.565218394317161
ILF3	0.327936071467583	FALSE	-0.062121158916524	0.658310072708777
STX4	0.363352065582295	FALSE	-0.117424884231422	0.68000262661663
SUN2	0.345179647403326	FALSE	-0.0865728010648884	0.667423540720056
SELPLG	0.203930927608502	TRUE	0.177201345807822	0.561007569807315
USPL1	0.17493786981183	FALSE	0.0603067858650451	0.530238039507173
RPL8	0.302451411606345	FALSE	0.156335612303532	0.640907597870369
ADAM9	0.0192556016399563	FALSE	-0.04995264409533	0.236553918738314
CA8	0.40951705347754	TRUE	-0.0520817852339784	0.706345279796444
PHACTR2	0.14396844090326	TRUE	0.105050755259027	0.498917527934618
TMED2	0.261695792723011	FALSE	0.0696040012725839	0.612054270807065
PRKAR1A	0.00897225576484987	FALSE	-0.041196012627763	0.175105693834135
CDK19	0.431669736400978	TRUE	0.0482174041700682	0.718646768617044
ITFG1	0.375356719859701	FALSE	0.0753104352791381	0.685740017055072
SIL1	0.00569627449249612	FALSE	0.00432833219368906	0.14385313245081
CTNNA2	0.201675341896781	FALSE	-0.0152794628743007	0.557755293114049
LTBP4	0.104071333085864	FALSE	-0.0396364978673656	0.443800242896057
GML	0.326786269456584	TRUE	-0.04291947236046	0.657572984842224
TEX10	0.305295820202074	FALSE	0.0674258345318031	0.643439232326714
NDUFB2	0.0273067515921447	TRUE	-0.121650184941259	0.273782581144005
RPL14	0.0170239668434392	TRUE	0.162205067591024	0.223938236702735
CHST7	0.392328052733723	FALSE	-0.0396076531810126	0.695272788275951
ACTN4	0.199165362673082	TRUE	0.0808256983946904	0.556059834810056
ZZEF1	0.00924403308436115	FALSE	0.016517131120465	0.177271498541381
PLCB3	0.000848501451640199	FALSE	0.0177613882559455	0.069718535943103
MDK	0.149931525015988	FALSE	-0.0444617793030879	0.505719309595992
MXD3	0.0006113467372282	FALSE	-0.0033173007078065	0.0596564830915802
SEMA4G	0.00613812930423917	TRUE	-0.0797100389481376	0.149036934005927
E2F1	0.0134565429334956	FALSE	-0.0157753737213788	0.202903910003866
EMP2	0.138035344906747	TRUE	0.060913849769352	0.491577504992965
PBX3	0.146886190856913	FALSE	0.0813336334812969	0.501971825836812
ADIPOR1	0.316059431590827	FALSE	0.0904263374813778	0.64806471877186
PTP4A2	0.0104417239277551	TRUE	0.346854716080086	0.186161489963547
SMAD2	0.0647148569285064	FALSE	0.0421528790820254	0.375346170185337
HSPA8	0.371543479968831	TRUE	0.1170152823429	0.68285512382125
HOXB3	0.392150236843282	TRUE	-0.05281154749993	0.695272788275951
NIT2	0.000444784900581563	FALSE	0.0333675012544415	0.0505900371877312
BRMS1	0.235579303531115	FALSE	-0.0242167466777579	0.590221129422679
COX16	0.0836695108885686	TRUE	0.254259454594163	0.411169867465978
SERBP1	0.0659153979807006	FALSE	0.185150731438235	0.378270276031726
RRP9	0.223068294848768	TRUE	-0.0587298937382861	0.577489907690193
HRAS	0.0205791447397484	FALSE	-0.0336095709259094	0.244440843767785
RYBP	0.427365608286828	TRUE	0.0676234535189267	0.715815877863958
DECR2	0.374361922512025	FALSE	-0.0357357113846248	0.684880580729889
EFS	0.314795184308669	TRUE	-0.0473130223420774	0.647690746991241
ARHGEF10L	0.266821765947753	TRUE	-0.090159008827081	0.618589282760436
TSTA3	0.236073242080042	FALSE	0.0344306322998027	0.590221129422679
ZNF787	0.000452365981442403	FALSE	-0.007845277656161	0.0505900371877312
TDP1	0.151257005038363	FALSE	0.0509491786220892	0.507221232094814
RPL15	0.111004813193818	FALSE	0.0383899980140879	0.454398403178592
TIPRL	0.349596081071244	TRUE	0.123021407317448	0.670966479902986
ZNF574	0.0190626533867483	FALSE	0.0195958950223395	0.235248110984553
RB1	0.062339220404999	TRUE	0.204319112225708	0.369551053234735
CDC23	0.161210989252603	FALSE	0.0320566641300695	0.517262277639015
NOL4	0.27879181393629	TRUE	0.0372190807145922	0.626812972257022
PPP2R5B	0.200146273919668	TRUE	-0.0786214384367858	0.556352217678704
SRRT	0.165849934753784	TRUE	-0.0993077411176735	0.52198983801595
NET1	0.0775226863760991	FALSE	-0.0797281891422372	0.398833820698089
PRG2	0.269065134498287	FALSE	-0.0377403667943997	0.619304397325374
SKIV2L	0.274623227723919	TRUE	-0.0726684056043514	0.624789883459375
VDAC2	0.00623281524763033	FALSE	0.0356577052817504	0.151012589942052
CELSR2	0.422064887071294	FALSE	-0.0372649290359868	0.713020523614632
INPP5K	0.254464593836562	TRUE	-0.0399350116847348	0.605880424175519
CUL9	0.051100206783528	FALSE	-0.0428742417132334	0.345120609384891
THOP1	0.289660643716048	FALSE	-0.0303162833755759	0.632478728884319
SSX3	0.194469121997589	TRUE	-0.087114519434828	0.550858199932716
TNFAIP1	0.196906984594475	FALSE	0.0403157310168014	0.55320324537085
S100A9	0.000698651954011928	FALSE	0.010797411024982	0.0635366291255485
MBD3	0.289787478005128	TRUE	-0.0833832173163715	0.632633849268416
MEIS2	0.380535815862785	TRUE	-0.0307781571989785	0.689170358739517
FHIT	0.425140221697215	FALSE	-0.05726392930602	0.714964545855657
MIIP	0.42422274062102	TRUE	-0.0591731258362282	0.714749131634732
MYBBP1A	0.173005438455909	FALSE	-0.0280659412056807	0.528971132021033
STK3	0.135192081934169	TRUE	0.116656915199096	0.488901796146324
MUT	0.358835779513993	TRUE	0.106562005962081	0.676223849743921
SMAD6	0.0588765525391443	FALSE	-0.00849508929025065	0.360644597450668
POLR2E	0.0453626387255189	FALSE	0.00485184004641855	0.330782611259588
WNT4	0.310672147875556	FALSE	-0.0398277649147958	0.645658263335948
VPS72	0.0134464353429507	FALSE	0.0423125222703374	0.202903910003866
ARL8B	0.0315637548588261	FALSE	0.0713372319610723	0.291688195879567
OXSR1	0.133333485737266	FALSE	-0.0384303662707312	0.487071003471283
MRPL2	0.172428162742469	FALSE	-0.011767040298404	0.5288895547097
LSM1	0.25528803551025	FALSE	0.0592636047854579	0.606597566726057
AFF1	0.0239480151521353	TRUE	0.106652485041621	0.260314470284927
MAGEB1	0.229789584241872	TRUE	-0.0450885702343889	0.584763762521969
RING1	0.367831291931532	TRUE	-0.0645961778673884	0.682012590916769
LRRC8D	0.438348869357164	FALSE	0.0632397868482723	0.720562167242807
SLC38A3	0.305442352902949	FALSE	0.0247929919703549	0.643439232326714
KCNE1	0.00494853803034577	TRUE	-0.117812879257102	0.136148242252537
FAM32A	0.314737942567733	FALSE	0.0723080522312484	0.647690746991241
NUP88	0.0404107309601736	FALSE	0.0297925914748812	0.316359868821128
STS	0.176118192852972	FALSE	0.106362106255999	0.532542046431866
FRYL	0.324781574747825	FALSE	0.109487117793065	0.655984730328748
STARD5	0.0477465316208299	TRUE	-0.0800997777100902	0.337623228732861
RGS13	0.105374620460933	FALSE	-0.0467849165298105	0.445172437185737
GOT1	0.203650497486277	FALSE	0.0633490125243067	0.560643933502225
SCAND1	0.0991441438940463	FALSE	4.48704336619699e-06	0.43539715244562
CHAF1A	0.0450955400841701	TRUE	-0.0729241970595065	0.32969517508846
SH2B1	0.401762981689113	TRUE	-0.0875585422402189	0.701803874179973
CYP2F1	0.424754304507253	FALSE	-0.0743571028324121	0.714948193214849
IARS	0.0209505362704336	FALSE	0.008566113754003	0.246771098061619
DPH1	0.36249168761224	TRUE	-0.0522953021069785	0.679211140161558
CRHBP	0.428872997269211	TRUE	-0.0561142106578619	0.716710957450616
NUDT21	0.0777740909090733	FALSE	0.0651025946533835	0.399514567943457
ERGIC2	0.00455714700437851	FALSE	0.077357239750672	0.131150989549868
ZWILCH	0.413595421742482	FALSE	0.0696909132975627	0.7077290796144
CTAGE5	0.0265792071167898	FALSE	-0.0219429145809407	0.270297425558098
MAGEL2	0.185877305011458	FALSE	-0.0397679262643413	0.541973872200225
TCIRG1	0.279389721085226	FALSE	-0.0546648637717475	0.627202543533038
ABHD14A	0.280230195338593	TRUE	0.0769427306353732	0.627598298428661
SNCB	0.0243087106372964	FALSE	-0.0146055170913897	0.260772440791205
TTC4	0.0897210935074442	FALSE	0.0150083837705952	0.42079241165159
ANAPC2	0.0331660469566696	FALSE	-0.0373410292784225	0.295762119938774
TMEM62	0.209028552719614	FALSE	0.065564365473112	0.565809204890834
PPIB	0.144852922374708	FALSE	-0.028078977921389	0.499236257388088
COPS4	0.142570518058929	FALSE	0.125790098734634	0.497599911417046
METRN	0.0988753675380181	FALSE	-0.0758957231961659	0.434795758213988
NDUFAB1	0.247834011686606	TRUE	0.125420159536339	0.600434015686753
TGM3	0.386168094787129	TRUE	-0.0428701780860683	0.691419552627705
CPNE7	0.00686085973771197	FALSE	0.008150854477928	0.15552284683168
DOHH	0.037015308267166	FALSE	-0.014286811233954	0.307935862392806
STK11	0.367611188370063	FALSE	-0.0750289550340995	0.681881770804539
EXT1	0.42651405258392	FALSE	0.0919298731202669	0.715632264316227
ARHGAP4	0.0866036223397121	FALSE	-0.053077804062514	0.417421760079403
ADD2	0.136186854997231	TRUE	-0.0769399981596279	0.489136716266414
UGP2	0.0419850027468842	FALSE	0.0706393018235882	0.318900165581219
PSMD5	0.389053456023372	TRUE	0.152543563338577	0.693519436857258
HHEX	0.34269326325694	TRUE	-0.0631297525091917	0.666517823682751
SOCS5	0.177551945290705	TRUE	0.0625547166861917	0.534305071032724
C14orf1	0.161259560054142	TRUE	0.152050604403095	0.517262277639015
CKAP2	0.375087843911916	FALSE	0.0992122477857377	0.685544980998906
TAF2	0.231200169492655	TRUE	0.113058198743915	0.584912700106474
ARF1	0.181838540998296	TRUE	0.158981570468637	0.538209821967096
SLC35A5	0.309824992750651	FALSE	0.126202494976802	0.644843170484514
PFKL	0.0993420720018145	FALSE	-0.0172327659409665	0.435973663285367
NR4A3	0.253976652183687	TRUE	-0.0643867911185129	0.605790595632738
KCNMB4	0.135995112406822	TRUE	-0.0583067970485471	0.489136716266414
SHB	0.0738272497716977	TRUE	-0.082015202088705	0.393037706133413
ESPL1	0.136715289283562	TRUE	-0.0488092789838847	0.489394800023052
MTF2	0.264560436656493	TRUE	0.0880544548535589	0.615422337985884
NDUFV1	0.408715609787094	FALSE	-0.0542835272449231	0.705929367764792
DSG2	0.224120383189023	FALSE	0.0216498524038529	0.578337186286038
C1R	0.351698569538077	TRUE	-0.0382968273518287	0.671704906309114
ZNF287	0.0760318273449604	FALSE	0.0156028782897097	0.395651624719828
NUP37	0.109363719742494	FALSE	0.0531710105581719	0.452912789685953
IL16	0.311545468649982	TRUE	0.056652062828988	0.646525268854712
XYLB	0.258803051912498	FALSE	-0.0203419116668005	0.608957834744929
RAB35	0.251705494094142	FALSE	-0.0192372793467914	0.603424265458608
INSL3	0.182094470038123	TRUE	0.0654075982905389	0.538682284310534
FASTKD3	0.400721068551072	TRUE	0.110116119893219	0.701061934300499
WNT8B	0.319762501828836	TRUE	-0.0520353962924873	0.652042396838664
MKL2	0.161075966782128	FALSE	0.036169172095504	0.517262277639015
SUB1	0.307431478625529	TRUE	0.174450724355995	0.643439232326714
HSPB6	0.0493921419865286	TRUE	-0.0924604199579711	0.340460485097415
POMP	0.0121026038676308	TRUE	0.197451297128867	0.193780590549037
ARHGAP19	0.257348092782579	FALSE	0.058439281501766	0.60767805582292
SFXN3	0.0318699609501958	FALSE	0.0161816252851746	0.292761626946306
IRF7	0.385036997652308	TRUE	-0.0937033371370121	0.691063060319362
LIPA	0.214985373694916	FALSE	0.117279285010778	0.570875139502127
APLP1	0.0598067890446661	TRUE	-0.0788218043874594	0.362533879855351
NEBL	0.291609343535949	TRUE	0.201743373601646	0.634252605316474
MYL6	0.261712564068319	FALSE	-0.109212132848409	0.612054270807065
RPP38	0.0151550422027779	FALSE	0.143747485841679	0.212414120565263
PIGK	0.389143276709663	TRUE	0.17275786948568	0.693557879521198
RNF216	0.0588455802545486	TRUE	-0.100322215414882	0.360644597450668
SPHK1	0.37409814709756	TRUE	-0.0741943748244005	0.684729441475259
ERAL1	0.216456639528329	TRUE	0.0978931206935222	0.571802378496795
PYROXD1	0.059022543821482	FALSE	0.0964557349795875	0.360644597450668
OSBP2	0.110708824888791	TRUE	-0.0908623054595443	0.454006280439059
TMC5	0.00457022617168228	TRUE	-0.0611109391314208	0.131194416609381
TGFB3	0.343976422678087	TRUE	-0.0371276286459485	0.667057181062751
SOX4	0.0112767288440931	FALSE	0.069339561034067	0.191127881827236
GATAD2A	0.000937361914160191	FALSE	0.005495266677975	0.0716127667934949
RAP1GDS1	0.362161915688897	TRUE	0.1094859549766	0.679108755654081
ANXA1	0.294802639717107	FALSE	0.0862473564659822	0.635990702388181
BAI1	0.0523773334568222	FALSE	-0.0230789634954005	0.347031879329511
MED13	0.141129781484416	TRUE	0.104332833790191	0.496376019684525
MCM2	0.140020924337489	FALSE	-0.00154823228784195	0.494918098835033
ARF4	0.341015659441114	FALSE	0.0956860003315636	0.666175216766537
INSIG1	0.313099052525314	FALSE	-0.0432766301227748	0.646735264704011
DALRD3	0.352132373472484	TRUE	-0.0352591642288522	0.671908051470096
TSC2	0.0525226315059624	FALSE	0.0277416293845646	0.347162049761473
LSM4	0.236445710262876	TRUE	-0.0664911903340784	0.590411343023727
RRBP1	0.129467657043219	FALSE	-0.0252981924572635	0.481638373757564
BPGM	0.147402074219514	TRUE	0.080417686025428	0.502372142944114
NCALD	0.0468555336696291	TRUE	0.0837403091946725	0.334028893265042
CARD10	0.282285367885222	TRUE	-0.0780310320023418	0.628615112092927
FBXO2	0.0404677683490999	FALSE	-0.0162618815311104	0.316359868821128
ARFGAP2	0.411434330767547	FALSE	-0.0488485125820286	0.70674956469826
ADNP	0.262152285983768	FALSE	0.0570337632821288	0.61276948480106
ATF5	0.218782771961818	FALSE	-0.0355107376040428	0.572618336753129
FCHSD2	0.342616236257366	FALSE	0.0493899533038923	0.666482330231991
KRCC1	0.153214566460644	TRUE	0.195693797560915	0.510343460025755
MRPL12	0.07175482259687	FALSE	-0.0294917747372682	0.389295661926272
OSGIN1	0.337355643047992	FALSE	-0.0424594595830268	0.664571861800067
DHRS11	0.343513859535179	TRUE	0.0418417278439547	0.666846036636672
TNFAIP2	0.0750698185501852	FALSE	0.015883217089211	0.394466953575787
DGKQ	0.440279648627591	TRUE	-0.0678620846164725	0.721779014706024
CCNF	0.243417659699184	TRUE	-0.041675656230384	0.596770025233737
REEP5	0.145719001966341	FALSE	0.0824943530010945	0.500598580720017
ERN1	0.196343463753016	TRUE	-0.0692034876894193	0.55257844018254
UBE2A	0.414556062942709	FALSE	0.164937265969594	0.707850358516276
TGS1	0.321408519490508	FALSE	0.0357443572246141	0.653713220179886
ZBTB10	0.289384446160003	FALSE	-0.0452472736115687	0.632033998189821
REG1P	0.365434649171661	FALSE	0.029397515091083	0.680823716690235
GPR171	0.0409499817420668	FALSE	0.0677559458914366	0.317383351314624
BRF1	0.207489785546261	TRUE	-0.0940176289284988	0.565193378265838
MORC4	0.240324128384719	FALSE	-0.0894138029911065	0.594337032007486
TRAFD1	0.207067468186829	FALSE	0.0679286183605845	0.564926660386618
GJC2	0.407074903816401	TRUE	-0.089691404234424	0.705459626222554
KIF20B	0.385421028428268	TRUE	0.0933423852247987	0.691063060319362
SEC23A	0.0234136761091516	TRUE	0.139954463362867	0.258164815269655
MBD1	0.00118323167479857	TRUE	-0.113626613460875	0.0794464460801913
NAA50	0.0536928932853388	TRUE	0.120453163030289	0.347786552196209
HSPG2	0.175953261475414	FALSE	-0.0247907639470428	0.532542046431866
SLC27A3	0.346301427677858	TRUE	-0.0706762067475121	0.668054794086202
LRRFIP2	0.09888424796828	FALSE	-0.019413735472018	0.434795758213988
PPP1R7	0.307095165721189	FALSE	0.0742997185834524	0.643439232326714
AOAH	0.0107034688584135	TRUE	-0.13187736058446	0.18828210705163
CRY2	0.115776000808255	TRUE	-0.0798939345561156	0.463717440185376
SREBF1	0.07643634967966	TRUE	-0.100605281434571	0.396120552567489
POLR2F	0.0475052489033704	TRUE	-0.0810172572784431	0.336663760822073
LHX3	0.113718344329156	TRUE	-0.0826332367098221	0.460189973714597
ZNF576	0.370047748310124	TRUE	-0.0583831352300273	0.682647558715216
PPM1D	0.0280596273289771	FALSE	0.036628817163989	0.277633607577025
PHLDA3	0.00317978794705388	TRUE	-0.102069693526446	0.114647011330044
HMBS	0.0551734773120035	FALSE	0.0333772903323937	0.351072984983618
SLC7A1	0.363997865739586	FALSE	0.0263093052543217	0.68000262661663
ARAP3	0.0938317658195632	TRUE	-0.0929645197911758	0.427175167281097
OGFR	0.189756757533643	FALSE	-0.0341822669826353	0.546104536465476
ADIPOR2	0.00563766474637732	FALSE	0.009503217008051	0.14350679123868
PDGFRA	0.15882616629407	TRUE	0.0468372840873159	0.515595080260899
DPEP1	0.277034026475638	FALSE	-0.0367975485338507	0.625846273351116
PIK3R4	0.00772189632276653	FALSE	0.0415079451757635	0.162699532413254
TSR2	0.037334497427139	TRUE	-0.0800813715018461	0.308329108759162
ZNF217	0.419941589194136	TRUE	0.136558183302278	0.711766469338163
RAB26	0.282521841119343	TRUE	-0.0703869705128693	0.628633272459229
GADD45G	0.373330259009862	TRUE	-0.0436727570330695	0.684318106516783
RNF186	0.180940091186824	FALSE	0.0216261208582283	0.537587636872547
NDUFA4	0.170325800223	TRUE	0.131988877860726	0.52733188473758
IL13RA1	0.278316319613485	FALSE	0.128325801421919	0.626653841957367
CSDE1	0.136315537013388	TRUE	0.0870809243925039	0.489136716266414
FBXO4	0.251403001889797	FALSE	0.0535630371255347	0.603271251468065
BCKDK	0.353595925540465	FALSE	-0.0537705188601478	0.672948002635672
FLAD1	0.251264545781056	TRUE	-0.0565855064573251	0.603271251468065
ATG7	0.200317103421158	FALSE	-0.090665508817013	0.556480367037228
ZNF384	0.353366474554731	FALSE	0.0369280315955569	0.672737148249848
IFT122	0.109844460718262	TRUE	-0.0727767338788378	0.453578419550027
RAB11B	0.215334148876134	TRUE	-0.0611074777803787	0.571149500800157
PDZD3	0.198026186025843	FALSE	-0.0220883981245406	0.55456308624602
CRYGC	0.119631836101932	FALSE	0.0216976999962854	0.467715680498553
HTATIP2	0.333494910855467	FALSE	0.0767546416854974	0.661911219007552
CAMK2G	0.0921517142724998	TRUE	-0.107466961844105	0.424330155147084
FAM149B1	0.33036555199852	FALSE	0.0425840972688222	0.660516138882687
SLC9A6	0.344323633544429	FALSE	0.0901062177028756	0.667057181062751
TMEM59	0.155411836560586	FALSE	0.128107701756662	0.512718887041164
DDX54	0.00296951210384746	FALSE	-0.00104533373009501	0.113599164361461
TMEM9B	0.277167368690538	FALSE	0.108151152710264	0.625846273351116
PARL	0.214419321466992	TRUE	-0.0714795666886017	0.570380893439408
RXFP3	0.12677943561044	TRUE	-0.0727666188663323	0.477954320979065
IFIT3	0.37647894660574	TRUE	0.175623387285734	0.686261838654249
EIF4H	0.0512174723292771	TRUE	-0.169460279904342	0.345293926710515
UCHL5	0.342900895431432	FALSE	0.0668085809435355	0.66656637801489
CHRNA10	0.181745513138561	FALSE	-0.0312971723555285	0.538209821967096
CLDN17	0.208024774379721	FALSE	0.0419014417506025	0.565359779936547
NAB1	0.29111437910129	TRUE	0.0857103248908607	0.634065682794762
PPAP2C	0.115611671660383	TRUE	-0.0854272838447084	0.463222878076706
LRPAP1	0.276034222443171	FALSE	0.0594725234632343	0.625672664569943
TAF1C	0.0738310533613342	TRUE	-0.145399052624417	0.393037706133413
PRMT5	0.0326843437353002	FALSE	0.0545695837551607	0.294133153662356
FBXW4	0.450631623475583	TRUE	-0.0794419369696966	0.727959064920693
TLN2	0.279050078658897	FALSE	-0.016781418370019	0.627045371634545
OPRL1	0.439053894808717	FALSE	-0.0377542389548386	0.720885043909071
C12orf4	0.153969789441769	FALSE	0.0789327035177484	0.511600895024217
PCNP	0.168262866424891	FALSE	0.0683433855427273	0.525601278895822
FAM13A	0.351850486757457	TRUE	-0.0844268086306198	0.671881554284743
FLJ13224	0.39056925964044	FALSE	-0.0564198990451766	0.694480671524407
CRNN	0.0484015614711217	TRUE	-0.0739414568076322	0.338823885721396
CLN5	0.287322007353474	FALSE	0.117349486093985	0.632033998189821
EDEM3	0.334223741343742	TRUE	0.139602940254952	0.662649058250089
FGF22	0.0534969738111281	FALSE	-0.0434613362199099	0.347786552196209
CIAO1	0.0652605764753783	FALSE	-0.00227545967478406	0.377160895338591
IRF3	0.431799670362344	TRUE	-0.0623659062340141	0.718685805088503
FBL	0.116380655554213	FALSE	0.035705566789371	0.464703841013346
FCGR2A	2.61624571203546e-05	FALSE	-0.00939742402360801	0.0209101834804353
SMG5	0.0721505982203575	FALSE	-0.0545558742492396	0.390136210405643
CNIH3	0.315947528082442	TRUE	-0.0472737927098823	0.64806471877186
POU3F1	0.0136404090711096	TRUE	-0.120560821442589	0.204187605414421
NR2F6	0.364176135055176	TRUE	-0.0698643689529256	0.68000262661663
HPS5	0.408713434623659	FALSE	0.0616700507581272	0.705929367764792
AIRE	0.448481482816888	TRUE	-0.0677491578277721	0.727054639744368
DRD2	0.120748982601368	TRUE	-0.0827157426431702	0.469055400382635
GPR18	0.434999740387426	TRUE	0.0726243853182512	0.719714220538262
TRIM29	0.432761927258035	TRUE	-0.0319182443546748	0.718881847814073
PER3	0.424586908468212	TRUE	0.0453925938538644	0.714948193214849
UBAP1	0.279311476636094	TRUE	0.0704022175371335	0.627151056153796
ZNF235	0.0346859442858029	FALSE	0.0333515594943092	0.299650606823466
SENP5	0.0636342469972342	TRUE	-0.177272186324867	0.372785616570476
LOC57399	0.0695371450829776	TRUE	0.0708582670670734	0.386392388296044
TBC1D17	0.41812963013204	FALSE	-0.0626721389787876	0.70982900668311
KIAA0586	0.026777875076947	FALSE	0.0378010452145662	0.271587053217801
HNMT	0.152495439296713	FALSE	0.053188815462713	0.50932129195447
ABCA7	0.0025268674546849	FALSE	-0.015923213467424	0.107016286573487
CRTAP	0.39684754424765	TRUE	0.108849040024376	0.697976470331022
TRPM2	0.396217977485118	FALSE	-0.0699726408751557	0.697764503944764
CHMP2A	0.242548509906743	FALSE	0.108459128918856	0.595892543965345
C1orf115	0.430267000527195	TRUE	0.0413463296084298	0.717475552297964
DGCR8	0.40268062570026	TRUE	-0.0560778349571633	0.702568951348707
FAS	0.129422757875797	TRUE	0.112833646235487	0.481629357254238
MAP3K2	0.0504834160068941	TRUE	0.157244026694743	0.342948264819582
RRAGC	0.220790636659441	TRUE	0.109338732025044	0.574323158266026
LTB4R2	0.330844331874593	TRUE	-0.0493731427111181	0.660581771284734
IDO1	0.00136400117124801	FALSE	-0.002483738969614	0.0805646145902433
IQGAP1	0.0961398959886749	TRUE	0.134542507310275	0.431393067121323
NAB2	0.4148333356706	TRUE	-0.0597167180128809	0.707850358516276
FASTK	0.191946373569979	TRUE	-0.0924396026935338	0.548562570181104
FAM3A	0.146063388670201	TRUE	-0.0922509133360027	0.500598580720017
RNF219	0.242350635100184	TRUE	0.098658441098273	0.595892543965345
MAFF	0.392766974318164	FALSE	-0.0623898341756876	0.695272788275951
TUBGCP2	0.0173682613779924	FALSE	0.0369039856002695	0.225857924140972
SLC20A1	0.406847672044695	FALSE	-0.057872273751892	0.705459626222554
SDHA	0.00311799452848894	FALSE	0.0083669548831624	0.114647011330044
POLR2K	0.368599765790873	FALSE	0.0401148592048306	0.682012590916769
ADAMTS7	0.0805066098117797	FALSE	-0.0111441559384425	0.404457621572658
SMAD4	0.365026931393252	FALSE	0.0702145656099998	0.680565437408173
GABARAPL2	0.123159816134575	FALSE	0.0618209263493188	0.474035694212474
UBE2O	0.440492188177108	TRUE	-0.0643936981129512	0.721957935487869
CSAD	0.401331476472949	TRUE	-0.18084892410315	0.70151274322726
HDAC7	0.379277679837494	TRUE	-0.0744686593375641	0.688306161435166
SERP1	0.0533673483159282	TRUE	0.151757608869852	0.347786552196209
AK2	0.207532379008149	TRUE	0.168521585360351	0.565193378265838
MGRN1	0.0356799688661191	TRUE	-0.101706897633623	0.30318728985635
CDK5RAP1	0.0487487882475171	TRUE	-0.0841769605714928	0.339309421545291
HRASLS2	0.156533821467169	TRUE	-0.0897249557548499	0.513155275548692
RPS4Y1	0.159672909351572	TRUE	-0.0684947002370768	0.516851589819433
MORC3	0.174885221067817	TRUE	0.104337886590736	0.530238039507173
TSPAN3	0.321632471326548	FALSE	0.0439163331301615	0.653913352015858
CCT5	0.000105629092519269	FALSE	0.0039324794077575	0.0342208080021711
VPS4A	0.0816042913717817	FALSE	0.00826491538791441	0.40548249774962
OMD	0.333493602314358	TRUE	0.0692921039651134	0.661911219007552
ALOX12B	0.00481311503256956	TRUE	-0.0794870714662901	0.134755336677299
MYL4	0.425194585392709	FALSE	0.0634385181892238	0.714964545855657
LRRK1	0.0403533709232914	TRUE	-0.0988941011600677	0.316359868821128
DDX1	0.0542545232500335	FALSE	0.0408610479453522	0.348788023910053
TSPYL1	0.00970677500890996	TRUE	0.163867042108395	0.180113889730987
PRRC1	0.390525770849413	TRUE	0.106792085864575	0.694480671524407
LY6G6C	0.435095928480669	FALSE	-0.0431407400153461	0.719714220538262
BGN	0.153939554729159	FALSE	-0.0217550810490734	0.511600895024217
GORASP2	0.250782536364574	TRUE	0.166584769148268	0.602934590008229
CCBL1	0.013253280704685	FALSE	0.00559526246632645	0.201310419458551
KIAA0247	0.433589184120954	FALSE	-0.0342500486896284	0.719097229595949
NUDT11	0.173781054249422	TRUE	-0.0842399994647214	0.528971132021033
EDN3	0.0287287392079524	TRUE	-0.067674687898422	0.280099031710209
CIDEB	0.416866915122974	FALSE	0.0943799500805051	0.708780019580058
MDM4	0.442946495827464	TRUE	-0.125075422674648	0.722928161385871
SAV1	0.0468520136976866	TRUE	0.164426128678002	0.334028893265042
DHX57	0.460907694317009	FALSE	0.0591876228071947	0.734351869767271
C5orf22	0.422282313518167	TRUE	0.120649988360187	0.713154136875637
ALPL	0.186737381430247	TRUE	-0.0439910617574255	0.542259082353796
SERPINB4	0.215809319065038	FALSE	0.0499133344424922	0.571342953275383
GABRE	0.02333991661612	FALSE	-0.0333105884353952	0.258164815269655
SLC6A2	0.21306316949478	TRUE	-0.0643246853566839	0.56926492925149
CORO2A	0.357270895796177	FALSE	-0.0400853702745909	0.675708743149904
ZNF670	0.0236129921582567	TRUE	0.0844803275809928	0.259096502177239
TELO2	0.070101772331183	FALSE	-0.0414793243335257	0.387181683615823
SMARCD3	0.0567007888452851	FALSE	0.002292548316846	0.355935076973369
TSC22D3	0.149299562278996	TRUE	-0.111348890123685	0.505719309595992
VAMP1	0.323896051484879	FALSE	-0.0788583638492765	0.655122675424904
TSPAN8	0.152773400461268	FALSE	-0.0615949569425315	0.50964918735814
DCLRE1C	0.105806968109325	FALSE	0.0219276264824524	0.445812200986659
DNAJC12	0.151505863490672	TRUE	-0.0573388693009695	0.507221232094814
C1orf109	0.375932707721842	FALSE	-0.0260914767599201	0.686261838654249
HPS6	0.261792328548749	FALSE	-0.0256981723988518	0.612054270807065
MYO9B	0.441223851222574	TRUE	-0.113002324875306	0.722607590360526
SCGB2A1	0.0970206283664597	TRUE	0.0513084343543993	0.432967620343262
IDH1	0.292577422714175	TRUE	0.137572078717188	0.634346752693916
CCDC9	0.05699026063936	TRUE	-0.126209268520405	0.3563035238434
G6PC3	0.236213377310179	FALSE	0.0996020543959697	0.590221129422679
SLC1A6	0.141206419051634	TRUE	-0.0641484355933604	0.496376019684525
NCK2	0.327967301779618	FALSE	0.0907536021687633	0.658310072708777
ELP3	0.233754340726842	FALSE	0.0418115966798592	0.588747327743593
TCF12	0.467632144464646	TRUE	0.0519921966502979	0.738100295762821
MED31	0.156510965880677	FALSE	0.0675610060283892	0.513155275548692
ATP6V1C1	0.224469702517405	FALSE	0.102036749643718	0.578337186286038
MMP28	0.00768983776305189	FALSE	-0.0100932116648895	0.162699532413254
PAQR5	0.367098664820349	FALSE	-0.0360251905280835	0.681391179888347
ZMIZ2	0.368157931987738	TRUE	-0.104197509725906	0.682012590916769
SUV39H2	0.165693171307008	TRUE	-0.0577920175157933	0.52198983801595
MN1	0.0657559686427888	TRUE	-0.0754243044712929	0.378270276031726
PTPLB	0.172365672144507	TRUE	0.210766509327519	0.5288895547097
RIN1	0.135481780221667	FALSE	-0.0165917465379972	0.489136716266414
DNAJC7	0.339987031364957	TRUE	-0.0614957784430539	0.665879704885357
BAX	0.0359386772204283	FALSE	0.012277350239029	0.303884161821354
INTS3	0.0511250902918684	TRUE	-0.105026855304771	0.345120609384891
BTN2A1	0.00296325064220989	TRUE	-0.16927984290583	0.113599164361461
PSMC4	0.175073506959973	FALSE	0.0972925911799587	0.530507347787049
NDRG2	0.0760016426772159	TRUE	0.103394175279335	0.395651624719828
ZNF148	0.01665409595323	TRUE	0.208360960348122	0.22156584107458
PLCG2	0.221740842601535	TRUE	-0.060611307537048	0.575886260709758
IL2	0.300994199452983	TRUE	0.0432116305987655	0.639857916714752
BAK1	0.0753123201629295	FALSE	0.000984053135239152	0.394752721497741
SMEK2	0.339961274055885	FALSE	0.0749856900104604	0.665879704885357
CTNNBL1	0.370146649860923	TRUE	-0.0452869173706381	0.682647558715216
NPEPL1	0.173387338620637	FALSE	-0.0405284003961366	0.528971132021033
UBL5	0.238454453502774	FALSE	-0.0671114468776633	0.592056470797266
MLH3	0.0949405699309225	FALSE	-0.0401753697665425	0.428492405211399
PPP2CB	0.314728156447509	TRUE	0.143339415155024	0.647690746991241
STX10	0.357307020983208	FALSE	-0.0639457511286316	0.675708743149904
GSS	0.168551251457041	FALSE	-0.0052895955719783	0.526212180691461
SLC2A4RG	0.325481341156978	TRUE	-0.0737048338750041	0.656884252960814
MPZL2	0.331701963836266	FALSE	0.155202881553301	0.661519942272377
CSTF3	0.160583359110782	FALSE	0.0549410878344542	0.517262277639015
KCTD5	0.377747565032096	FALSE	0.0420188926345287	0.686695848989435
STAM2	0.059732262499305	TRUE	0.167346003825571	0.362533879855351
BCL3	0.080859605309007	FALSE	-0.00951399772611899	0.404505929750587
TRAP1	0.00239564369102705	TRUE	-0.0991806190553178	0.104195511035175
RWDD1	0.32179242266773	TRUE	-0.109982625436225	0.654024785916721
ZNF710	0.122414701477965	TRUE	-0.094696995307143	0.472933662711635
PRKY	0.237724507152498	TRUE	-0.064439147983877	0.590872026874655
UBXN1	0.326006790436469	FALSE	-0.0446118399548429	0.657288584061011
SIX2	0.381994932690942	TRUE	-0.0878080923686532	0.689831663408713
TNIP2	0.155601422940987	FALSE	-0.0282467312267341	0.512804403662896
AGGF1	0.304593806931542	FALSE	0.0321156083082686	0.643043972592954
DCUN1D1	0.180575336148815	TRUE	0.128191126392891	0.537587636872547
GAS2	0.107165456548666	FALSE	-0.0301187330423884	0.448034418858713
EIF4EBP2	0.0278970913083823	TRUE	0.129629997475782	0.276266478904582
ISOC2	0.300089268165097	TRUE	-0.0672577710628473	0.639788564624894
ACSL4	0.0128736573933032	TRUE	0.188205323244481	0.199097515252139
PRPF8	0.24891302350184	TRUE	0.0721288911436195	0.601411628699631
TXLNG	0.00119280351979841	TRUE	0.0917497422504958	0.0794464460801913
CLK3	0.420065253301253	TRUE	-0.0838007211356586	0.711869661811822
CGGBP1	0.104626134001315	FALSE	0.0379803031471352	0.443829305439923
ARHGDIB	0.315106171901223	FALSE	0.0739872535689574	0.647690746991241
KAZALD1	0.110750747771587	FALSE	-0.035496623282545	0.454014001801165
CLEC5A	0.400269409227569	TRUE	0.154421291145679	0.700948141524543
CDC123	0.205495733832392	FALSE	0.0502701788873595	0.563238125676937
DPP8	8.71822299057628e-07	FALSE	-0.0600022813715455	0.00205863651341893
GAD1	0.165909813582281	FALSE	-0.0142195628762338	0.52198983801595
LSM2	0.395001830203749	FALSE	-0.0442911617429558	0.697434717016553
GPT	0.232020174725906	FALSE	-0.0366739696325622	0.585868787818951
ST6GAL1	0.225869966544611	TRUE	0.125147626746261	0.57970564749872
LPAR1	0.258541419522039	FALSE	0.0856855766741474	0.608758615214342
UBE2E3	0.0378448129301588	FALSE	-0.047247957635553	0.309855638489702
DOCK2	0.288540458313814	FALSE	-0.0508197322136175	0.632033998189821
TCTN3	0.0028899039782462	FALSE	0.062573923130618	0.113095185309455
CYP1B1	0.120716013240634	FALSE	0.112983183627998	0.469055400382635
AKAP8	0.158848991911793	TRUE	-0.123094161306992	0.515595080260899
NOD2	0.148044738543283	FALSE	-0.0382855126218555	0.503654152517937
TMEM47	0.453191871853628	TRUE	-0.0546268229848011	0.730453821598903
CUL7	0.424863080357806	TRUE	-0.0374752547448578	0.714948193214849
TINF2	0.109409320254673	TRUE	0.0673205355449618	0.452936211160181
UBL3	0.113169546960468	FALSE	0.125821034673077	0.459264029597392
SDAD1	0.0586251906012743	TRUE	0.17373701183018	0.360644597450668
RAPGEF1	0.218890444265641	FALSE	-0.0351420351124714	0.572618336753129
PRKAA2	0.213078985040034	FALSE	0.0243004887005962	0.56926492925149
GSPT1	0.467597885122604	TRUE	0.128252772173198	0.738100295762821
PPP1CB	0.048706541118572	TRUE	0.178569724540542	0.339309421545291
MEA1	0.244661913586247	TRUE	0.12416589475774	0.597776839829552
LRP12	0.422954443014054	TRUE	0.0957740638656681	0.713154136875637
ROR1	0.00924082527416648	TRUE	-0.0767402472587411	0.177271498541381
NSDHL	0.309664843837644	TRUE	0.0708772820773343	0.644843170484514
ABHD4	0.39779831800024	TRUE	0.101264348807946	0.698998160205288
MAP4K2	0.284809192510915	FALSE	-0.0448628619799492	0.630641681051751
MAB21L1	0.475715090336584	TRUE	0.0533528014264697	0.743542051975631
PIGP	0.25574082995386	TRUE	0.0820383906594885	0.606603524730911
EMR2	0.350163846171789	TRUE	-0.104115774165089	0.671281450276902
LNPEP	0.322062471969976	TRUE	0.108645304573986	0.65433907358315
CTSZ	0.158496175467421	FALSE	-0.004400720177608	0.515595080260899
MAFK	0.11340093542847	FALSE	-0.08119917963584	0.459569398164444
COPB1	0.179155889775199	FALSE	0.0736678629854899	0.536643038851454
GYS2	0.132873796567604	TRUE	0.0431875860735182	0.486501490719015
ARHGAP44	0.000803946864134974	FALSE	0.0115742082661021	0.0675255814253813
NARS2	0.230658900434316	FALSE	0.0554831658123969	0.584763762521969
TBL3	0.319451961099812	FALSE	-0.0251339198202314	0.651721084366817
EN2	0.114508481575613	FALSE	-0.0408687356192545	0.46141139750742
MTA1	0.074558816982632	FALSE	-0.0174978776579925	0.393923455816058
DENR	0.400268683442659	FALSE	-0.0650538689480867	0.700948141524543
LOC100507630	0.000891653917446275	FALSE	0.097985122915227	0.0700145764944866
CLASRP	0.421168231572885	TRUE	-0.137524643311591	0.712396942339429
SCGB2A2	0.0659099760992746	TRUE	-0.0569386570736818	0.378270276031726
C11orf58	0.262642158145955	TRUE	0.0975924840686664	0.613282419937599
USP9X	0.00177623663747246	FALSE	0.0199377276572205	0.0906680095836422
MYOC	0.180734960080862	FALSE	0.0193373882129792	0.537587636872547
HCCS	0.413892062115629	TRUE	0.145331390352118	0.707850358516276
CUTA	0.245820617313595	FALSE	-0.0263567654017427	0.598352651329515
KLF5	0.483508261935055	TRUE	-0.0542332291706136	0.749210919703619
MAGOHB	0.395997344778122	TRUE	-0.0751440467799197	0.697764503944764
PRDM14	0.00381606637630129	TRUE	-0.10542444405631	0.122578970654052
ICMT	0.149655077057498	TRUE	0.107739215841141	0.505719309595992
ZZZ3	0.203359652035099	TRUE	0.102163005834952	0.560363327928551
CD1E	0.00927083505027244	FALSE	0.060482693775447	0.177271498541381
PRMT2	0.421645859002069	FALSE	-0.0759900560115589	0.712631151471822
REG1B	0.337827362042734	FALSE	0.0855409193768666	0.664835544444941
PRIM1	0.185658500161614	FALSE	0.0471824023705009	0.541874320034115
RSL1D1	0.00961544503124068	FALSE	0.0462753517131495	0.179917398286595
WNT2	0.320616858193776	FALSE	-0.0316243920143187	0.653040157186855
EHD2	0.142593891715702	TRUE	-0.0611999809684383	0.497599911417046
RWDD3	0.207554919049206	FALSE	-0.0087720621916203	0.565193378265838
ADRM1	0.484740276409671	FALSE	-0.0434016356681646	0.749450503710016
SCAMP3	0.341193773536564	TRUE	-0.0459885698482085	0.666224632031893
PPIP5K1	0.298728038461393	FALSE	-0.020752825093806	0.638718514796343
CRISP1	0.391156590650154	TRUE	-0.0515914795973451	0.694480671524407
MRAS	0.308304698190778	TRUE	-0.0617374803091663	0.643806072336138
VPS37B	0.29623271509202	FALSE	-0.0365796100874504	0.637313407044525
AIDA	0.473679370326601	FALSE	-0.118989289898074	0.742143384067781
COQ6	0.00218797908156679	FALSE	-0.0273141245283677	0.0996365253248425
FGR	0.0496434358402928	FALSE	0.003609215649386	0.341157563242001
RGS11	0.0255855881075552	TRUE	-0.0731788771299438	0.264301424983078
IMPG1	0.10122906187096	TRUE	-0.0402792507223713	0.437930036948745
CTAG2	0.477523611110574	FALSE	-0.0631755950225582	0.744382764143909
SOX3	0.0829599880055648	FALSE	-0.0690106296063847	0.409705271774869
HGFAC	0.345793998153564	TRUE	-0.0510915149449764	0.667860358902977
MFAP1	0.0412364254504487	FALSE	-0.0133609626723055	0.318081515770502
FAM131A	0.0853043333510831	FALSE	-0.0054877760963312	0.414485517030395
MCOLN3	0.448429750701562	TRUE	-0.034337186763068	0.727054639744368
PRRG3	0.30669814471734	TRUE	0.0628480229138385	0.643439232326714
SSBP1	0.0574289245506153	TRUE	0.183628856911557	0.357346528363767
LYZL6	0.416106374712715	FALSE	0.0390190356288791	0.708336613551641
CC2D1A	0.0971426386853675	FALSE	-0.0274393977504741	0.432967620343262
C3orf27	0.0310899343379678	TRUE	-0.0758293384592274	0.290147132064376
ICK	0.376089738429359	FALSE	0.0849365933349778	0.686261838654249
ZNF593	0.121861814178898	FALSE	-0.0167574438974279	0.472091777406095
YKT6	0.395850428030055	FALSE	-0.0328807348075984	0.697764503944764
MFSD7	0.340188647674651	FALSE	-0.0843091283806242	0.665879704885357
ZNF140	0.36290816690458	TRUE	0.0929072531398841	0.679718484395612
PHKB	0.243273818105408	FALSE	0.0300728666975847	0.596614468864056
MAF	0.277487101467685	TRUE	-0.0873026917751506	0.625846273351116
SETBP1	0.0516788114606362	TRUE	-0.0974758313026952	0.346642541345386
ALG12	0.30379101220236	FALSE	-0.0214753573193747	0.64208512630737
GFOD1	0.315174807644533	FALSE	-0.0610547882658858	0.647690746991241
LRP8	0.409853650808812	FALSE	-0.0431718949936539	0.706388751268942
TAOK1	0.277571130494271	TRUE	0.0755195104085294	0.625846273351116
NAGLU	0.387879688032352	FALSE	-0.0313909344585612	0.693247356760407
F2RL3	0.0466864347784713	FALSE	-0.0362974775073732	0.334028893265042
RPN2	0.0203881613641858	FALSE	-0.0483784242102355	0.242837564819855
TCTN2	0.35198855159461	TRUE	0.0554476340385941	0.671908051470096
PLD3	0.102993445161703	TRUE	0.152162671277802	0.441528421432346
KCNC2	0.029368784126179	TRUE	-0.0743564415750221	0.281676473985794
COL21A1	0.473556007272698	FALSE	-0.0303258966343258	0.742074566952062
GRSF1	0.34726076070809	FALSE	0.0497965157545677	0.668634702949403
MCFD2	0.383843122686398	TRUE	0.109889197291084	0.690754300775463
KIAA0391	0.229135762766384	TRUE	0.0802714312099115	0.583957993076629
SERPINB6	0.0127504650615885	TRUE	-0.103227495292046	0.19795421823845
F9	0.18849072356031	FALSE	-0.0157164720049381	0.54439539339031
PVRL2	0.102087527044702	TRUE	-0.0963828070300809	0.439600198797688
CREB1	0.295936686564473	TRUE	0.0859217565735014	0.637224855479407
PBXIP1	0.405954921586512	TRUE	-0.0735393884066013	0.704595569549894
WWC3	0.158060249416606	TRUE	-0.0591312418139456	0.515147093182848
E4F1	0.121109579718499	FALSE	-0.0236503158918591	0.469973143199198
PLSCR3	0.420390898294851	FALSE	-0.0194091585326719	0.712151466568469
PSPH	0.19474464016008	FALSE	0.0490745891953126	0.550989963351387
CHST12	0.457173632023044	FALSE	-0.0678251334617663	0.732622680715335
LPCAT1	0.23079445026975	FALSE	-0.0524107627802825	0.584763762521969
OR7C2	0.185361169752866	TRUE	0.117068150461504	0.541808774377569
JUN	0.00478168094654504	FALSE	-0.0755116087656545	0.134587643408052
EYA3	0.147141665822396	TRUE	0.0848106064362269	0.502063050584502
ACN9	0.444372058619195	FALSE	0.165832160627518	0.723847232874429
IPO5	0.00169481229673575	FALSE	0.0108313663741525	0.0892758000406272
NUDT13	0.0383957299723699	TRUE	-0.102292481762794	0.312254398710412
GTPBP4	0.227991525778114	FALSE	-0.0267552958915354	0.582709452531421
AKAP4	0.201838375337547	TRUE	0.0485947867292747	0.55797052425108
PNPO	0.0775625030380565	TRUE	0.174815613211733	0.398857697028808
SECTM1	0.0773344367596571	FALSE	-0.0206010591150345	0.398226693196072
BFAR	0.486044994406339	TRUE	0.0875086065943588	0.749507651769684
CYB5R2	0.417139913722061	TRUE	-0.0545624802902682	0.708853619315971
C2orf44	0.212947186233584	FALSE	0.0815661254251588	0.56926492925149
PRR5L	0.0622765080392089	FALSE	-0.0304010731675788	0.369551053234735
GLUL	0.137188875280151	FALSE	-0.00308936155346275	0.48963948907826
SHANK1	0.458799376246714	TRUE	-0.0484730779937474	0.733563063143374
KCNMA1	0.0110188342422687	TRUE	-0.0854805135316732	0.190171326443051
STRAP	0.425634283262918	TRUE	-0.0665949474843188	0.715265955406493
CENPT	0.313027406135552	FALSE	-0.0864515515808904	0.646735264704011
C11orf73	0.0270972842162141	TRUE	0.151426827933776	0.273602943657749
ALAS2	0.292250444486119	TRUE	-0.0667875766746907	0.634252605316474
ADD3	0.33215374333835	TRUE	0.132372716853813	0.661911219007552
SSR3	0.407762390925983	TRUE	0.169486121908526	0.705688362810524
TTBK2	0.244492775405658	FALSE	-0.0192711167819759	0.597776839829552
WBP5	0.439438566002524	FALSE	-0.0599344591199839	0.721287403963007
RNF220	0.21316684801145	TRUE	0.0597429629185973	0.56926492925149
LONP1	0.124147231187745	TRUE	-0.0855194884793854	0.475736888961756
TBL1XR1	0.0514018009512249	TRUE	0.178423283157759	0.345902089605898
KRT6B	0.392136597814099	TRUE	0.0559567530855727	0.695272788275951
CPNE6	0.455648562917987	FALSE	-0.0330641577821824	0.731605643575058
CCL7	0.486841734194433	TRUE	-0.0584459740090316	0.749854849317994
FCER1G	0.468778240878156	TRUE	0.0887127413660799	0.738585799336541
MKRN1	0.299184533380932	FALSE	-0.00889714206655335	0.639241270775652
TNFRSF13B	0.212668047131364	TRUE	-0.0785807960871121	0.56926492925149
UQCRC2	0.280516103678144	FALSE	0.0899909801337584	0.62811455363477
EFTUD1	0.416719625338552	FALSE	0.0644240207163297	0.708742137650194
LAG3	0.220806017372827	TRUE	-0.0673139329706517	0.574323158266026
KDELR2	0.48303484717207	FALSE	0.136472024047225	0.748846139150437
HMGN1	0.441287989535561	FALSE	-0.0874162116016405	0.722607590360526
TNS3	0.136731874633833	FALSE	-0.0192155385935529	0.489394800023052
CAMK2A	0.284701101173421	FALSE	0.0161604969173719	0.630641681051751
EIF5A2	0.372005847332282	FALSE	0.0650619677352832	0.683016716760221
CEP57	0.239823233033909	FALSE	0.0613216262490833	0.593686009668749
TNK2	0.0607890364083719	FALSE	-0.044517837118693	0.366135237604887
PRMT1	0.151367942652686	TRUE	-0.0550113118352744	0.507221232094814
FEM1B	0.029042796121062	TRUE	0.0877796764481173	0.280958577732576
TUBA4A	0.416040942016049	TRUE	0.153943927350365	0.708336613551641
NOL6	0.351470873165333	FALSE	-0.0143628595930179	0.671609071591121
COPS2	0.461266302503343	TRUE	0.181898263811424	0.734386212311908
C9orf116	0.00486017913985388	TRUE	-0.0824654224119881	0.135717704285434
SH3GL1	0.146272521781553	FALSE	-0.0118032043890728	0.500767684050339
GJD2	0.0199816408667351	FALSE	-0.00591879270643375	0.241135533918911
SCARF1	0.412157671018757	FALSE	-0.0564147844027273	0.707135093309379
FANCC	0.128850324806165	TRUE	-0.0550626224183404	0.480287256073997
UPF3A	0.344972180118942	FALSE	-0.0883341337225063	0.667423540720056
FOXN3	0.0614567857895922	TRUE	0.141466072427232	0.36812387430966
SCGB1D2	0.40765103392406	FALSE	0.0773294886855652	0.705688362810524
C2orf27A	0.20970304147311	TRUE	-0.0935643482536517	0.56695822300038
ZYX	0.142454306701796	FALSE	0.0480370443845793	0.497599911417046
HOOK2	0.283037442339147	TRUE	-0.0586181246932225	0.629137196059366
DCXR	0.294263579245109	FALSE	0.0283138803741725	0.635574613792148
POU2F1	0.343609583069908	TRUE	0.0556273052132456	0.666846036636672
TST	0.113989099126642	FALSE	0.0490763900226615	0.460463981117563
NEK7	0.283478959304307	FALSE	0.108773164670659	0.629404331222152
AP3S1	0.491125568911172	FALSE	0.138721382853841	0.750404561003543
ITGAL	0.00533317336032552	FALSE	0.0746114576159193	0.141622605931454
SBF1	0.207491535429289	TRUE	-0.101196831210487	0.565193378265838
KCNQ4	0.229072567096887	FALSE	-0.0392369237639634	0.583957993076629
POLR3B	0.130516520776636	FALSE	0.0180760788455112	0.483290681489436
SNED1	0.350648305192812	TRUE	-0.0511733324179042	0.671444428188378
DCN	0.160366179772698	FALSE	-0.00221602096463915	0.517176368726571
ST3GAL2	0.293229284557151	FALSE	-0.0379761444470356	0.634600692449225
POLR1B	0.149981193366015	TRUE	0.130627444599752	0.505719309595992
SEL1L	0.0921144565753474	FALSE	0.0861666706370236	0.424330155147084
HAS2	0.0201843596358445	FALSE	0.0538997397199196	0.242302356577516
DPAGT1	0.0481783196182907	FALSE	0.0735887743159205	0.338641748346393
MAPK1	0.436737432242619	TRUE	0.0723875531880269	0.720277786255983
HSPBP1	0.374161821947958	FALSE	-0.0413845130755312	0.684735458209796
TOR1AIP2	0.0417662824979163	TRUE	0.123368120579312	0.318723219275291
FCGR2B	0.0569086551884987	FALSE	-0.0368977048944235	0.3563035238434
EVI2A	0.0698678783910363	FALSE	0.152449437096473	0.386931465496006
ZNF721	0.46814287636054	TRUE	0.127968308479987	0.738150714575471
PUF60	0.430176398117199	FALSE	-0.0440887145466231	0.717475552297964
HSF4	0.484393500783104	FALSE	-0.0582976976683247	0.749422312510936
EML2	0.488419515443614	TRUE	-0.0417058610135799	0.749854849317994
MRPL46	0.100757495726255	FALSE	0.0841307742586633	0.437232776134713
EPB41L4B	0.432721888813584	FALSE	-0.0286963086516594	0.718881847814073
MYO3A	0.154446164543308	TRUE	-0.0407280132132133	0.511600895024217
ASNSD1	0.463965296982774	TRUE	0.0594296683988462	0.736511620115873
ZBTB33	0.318516956514002	TRUE	0.15429608752422	0.650984817936602
MAPK7	0.21865899642356	TRUE	-0.0612640651475993	0.572618336753129
XPO7	7.84754301202562e-05	FALSE	-0.0392808090937165	0.0306838931770202
PPP6R3	0.0381978828859131	FALSE	0.00287216181960614	0.311377278248288
CRELD2	0.0107101119188907	TRUE	-0.12006851409161	0.18828210705163
MED1	0.0228195474150817	TRUE	0.208370010358843	0.256033514655861
ALDH3A2	0.173564933259295	TRUE	0.110871520500924	0.528971132021033
NCAPH2	0.386035922525308	FALSE	-0.0771391128214028	0.691419552627705
RXRA	0.0489573291626648	FALSE	0.02864031749137	0.339519806119564
SP110	0.0884034181249375	FALSE	0.0108824432257677	0.418891081537261
UBE2W	0.357055884734742	FALSE	0.132989773087129	0.675677015521902
RPS4X	0.0228282814460777	TRUE	-0.0926755697620357	0.256033514655861
DDT	0.255240216288452	TRUE	0.163911053263268	0.606597566726057
TAZ	0.353029322460641	FALSE	-0.0458402214089694	0.672581042470979
SNAPC4	0.484254443650728	FALSE	-0.055343626622885	0.749414649454838
NOVA2	0.485369382902427	TRUE	-0.0562284510436366	0.749507651769684
BATF	0.350165835323347	FALSE	-0.0187705992730498	0.671281450276902
IRAK1	0.160079898133325	TRUE	-0.0970250362564188	0.517043237797613
DNAJA4	0.410942069574917	TRUE	-0.0381867402702158	0.706388751268942
SPAG5	0.376617629120981	FALSE	-0.0460525232399124	0.686261838654249
PAF1	0.000125205714190321	FALSE	0.0334410102744666	0.0359079766534698
FAM53B	0.117638627641435	FALSE	-0.0213880538647528	0.465176008090599
STK25	0.0705569196135726	FALSE	0.0024452660546754	0.387642016983979
TYW1	0.0190555987747989	TRUE	-0.0983392889661681	0.235248110984553
FBXL6	0.237528876880845	TRUE	-0.0750103322579786	0.590872026874655
PPIC	0.419208719652105	TRUE	-0.0343512252516107	0.710970886301902
CHMP1A	0.0525993996102803	FALSE	0.0191000777742999	0.347162160757257
MNT	0.0312361023046305	TRUE	-0.0961004764609521	0.290554687475148
KPNA3	0.212082540210655	TRUE	0.137099668845726	0.568645997504995
GNA11	0.20048821450815	TRUE	0.0605314505105818	0.556508167517237
CCDC53	0.207675983229144	TRUE	0.168825189413958	0.565218394317161
RARS	0.0349146275007683	FALSE	0.0148849367824756	0.300377057079827
SLC6A8	0.329747496818199	TRUE	-0.0841041905043116	0.660018864328607
MAP3K9	0.17654003511115	TRUE	-0.0645069791379629	0.533099189913536
USP12	0.269186932949102	FALSE	-0.0566257012377011	0.619366671635719
UBE3A	0.211095131599874	TRUE	0.114553813284229	0.567878457226801
NRXN3	0.182757106226868	FALSE	0.018853175777541	0.539516487244585
GALNT11	0.080756465365393	FALSE	-0.0227531062251435	0.404505929750587
SS18	0.168896197606052	FALSE	0.0278033969732659	0.526304167374275
UNC93B1	0.419221390406078	FALSE	-0.0379882858975762	0.710970886301902
BMPR2	0.0309067778486009	TRUE	0.212323737107551	0.289920827347027
VAMP3	0.432404089237751	TRUE	0.123702465729124	0.718881847814073
RNF41	0.322649872021146	FALSE	0.0587160342977797	0.654670820227981
WBSCR22	0.044013542365759	TRUE	-0.0831115788431736	0.326189252866236
BCR	0.304714167288512	FALSE	-0.0596018597386029	0.643063257831031
BIRC5	0.240262409758011	TRUE	-0.0656407454491199	0.594337032007486
SMAP1	0.420577977408892	TRUE	0.073512765923673	0.712151466568469
SHFM1	0.187057739806541	FALSE	-0.129639431150613	0.542606219408126
IRS4	0.0115498020258378	FALSE	0.0257971974754895	0.19260575929556
GAA	0.163067418813112	FALSE	-0.00800586328159151	0.520230866283613
HLA-DRA	0.0140560194330191	FALSE	0.013845517563092	0.206988577079226
ZMYM4	0.493503845160943	TRUE	0.0751105220706511	0.751119476547641
ACOX2	0.126173041562532	FALSE	0.0115714968613241	0.477954320979065
RHOT2	0.486846509651229	TRUE	-0.105491085350179	0.749854849317994
LHX5	0.455935065930742	TRUE	-0.0947761965153141	0.731754807160465
POMT2	0.231657477975971	FALSE	-0.0107571031928315	0.585808238797845
ZNF211	0.0155317054031566	FALSE	-0.013413729837244	0.215298297758427
YTHDF3	0.284437282719994	TRUE	0.171458989501293	0.630456850975645
ATPIF1	0.380714260539891	FALSE	-0.0391081508305162	0.68928344722008
SUMO3	0.442393232835282	FALSE	-0.0402441477761108	0.722607590360526
MEPE	0.147745453398575	FALSE	0.0088944664779387	0.503088797623556
SLITRK3	0.474133866021385	FALSE	0.0345301050582792	0.742467049691546
KLK8	0.413201071443087	FALSE	-0.0380019521766153	0.707662245823443
CCNE1	0.0303935426840608	FALSE	-0.0004216269058279	0.28828119597518
CHST2	0.102346617981827	FALSE	0.00917990821988275	0.440086576145597
DNAJC22	0.0326345708081804	TRUE	-0.067565565661472	0.293918505475741
MTX1	0.345010291304186	FALSE	-0.0321727355291186	0.667423540720056
BCL2L13	0.194080896109604	TRUE	0.114814296583049	0.550308397346037
AHCY	0.49709961842525	TRUE	-0.0669587168051633	0.75438842495891
KDM4B	0.0593029017452325	FALSE	-0.0221319202963313	0.360644597450668
BMP4	0.00136705852563499	FALSE	-0.0273725114314099	0.0805646145902433
KCNQ2	0.164958996569221	TRUE	-0.0587025614462618	0.521167473418332
DIO2	0.0628752567629394	FALSE	-0.00386019517422475	0.370937844138902
ORC5	0.0250977821072373	FALSE	0.026298618803803	0.262356954225944
STMN2	0.11526240060694	FALSE	-0.0363780125386042	0.462749209916475
TNNC2	0.333417148351011	FALSE	0.0341435753965715	0.661911219007552
YPEL1	0.090405368413481	TRUE	-0.0846022589984825	0.422690118013128
NSL1	0.234725882987932	TRUE	0.127453126573122	0.589458290396064
FBXL8	0.231800133688867	FALSE	-0.0504704161879132	0.585845782381171
SLCO4C1	0.0108766487414079	TRUE	0.278082539262594	0.189447496280836
WDR47	0.0656240826484033	TRUE	0.131752358777992	0.378270276031726
FOXO3	2.2662645239014e-07	TRUE	-0.203132793558642	0.000856572447883932
SERPINB8	0.0791154250754401	FALSE	0.153683301912678	0.402254990178429
GNAI3	0.0286770286895978	TRUE	0.230674235640241	0.279888710089864
SMPD1	0.0260172398363779	TRUE	-0.0715005448942372	0.267053559939892
C17orf62	0.198527033817066	FALSE	-0.0252170256511032	0.555162716355681
PCIF1	0.206129328842794	FALSE	-0.00475356251046885	0.563875358179678
PSTPIP1	0.30128547410649	TRUE	-0.125509342159636	0.640111671518361
WDR1	0.0225605761009939	FALSE	0.0577086825398886	0.255558813595575
MPV17	0.0226208832507327	FALSE	0.058503442180597	0.25557858982027
SFI1	0.382811554011813	TRUE	-0.0719216321491824	0.690206304263531
PIAS3	0.253898471635165	TRUE	-0.0526324609998583	0.605790595632738
PLXNA1	0.219962950795492	FALSE	-0.0209674100935326	0.573435795105412
NAP1L3	0.37722253770259	TRUE	0.0497160564543728	0.686550739120405
DDOST	0.500560190400659	FALSE	-0.0369575044942829	0.75582935340597
STRA6	0.00612466313019173	TRUE	-0.0776308090189249	0.149029088483356
DAZAP1	0.044386652469693	FALSE	-0.0458612450509001	0.327882900556254
ADAM15	0.0113537326364074	FALSE	0.0063604028197345	0.191219183520293
FAM182A	0.0100669205030828	FALSE	-0.0405987272496481	0.181765623542127
NOL9	0.216670095457823	TRUE	0.0671793440382049	0.571802378496795
TLK2	0.207142695781679	TRUE	-0.0880421939192653	0.564926660386618
CAB39	0.234342735271135	FALSE	0.0449812068217594	0.58938008821863
ATP6V1G1	0.302617324721404	FALSE	-0.060280565131375	0.641139358186845
CSTF2T	0.450810361386637	FALSE	0.0804843979059593	0.727960508083606
FGF9	0.339648269277193	TRUE	0.0489307518860444	0.665849191793585
CD82	0.158668945269761	TRUE	-0.103965496418719	0.515595080260899
SPG20	0.143080778106255	TRUE	0.130918520024185	0.498085661632712
ABCB7	0.000404514364405619	FALSE	0.0173848985731205	0.0477790456041178
RAB7A	0.0119022138301134	TRUE	0.150554375768303	0.193780590549037
CCHCR1	0.0544628083022545	TRUE	-0.069520660165804	0.34906081192695
AKTIP	0.104441514795914	TRUE	0.138689808491594	0.443829305439923
TSEN34	0.479349737214079	FALSE	-0.0409836954584737	0.745691682023658
VRK2	0.0450972057996473	FALSE	0.010854987470139	0.32969517508846
FOXE3	0.449156456827149	FALSE	-0.0728055566604799	0.727054639744368
ATP6V1A	0.000218683610777096	TRUE	0.397717535909753	0.0406500567639589
TSPAN31	0.425990982209443	TRUE	0.116942723567773	0.71528383640943
TRIT1	0.0888059399265122	TRUE	-0.099394887338451	0.419996119046509
PAQR3	0.116370169954127	TRUE	0.0579917482001333	0.464703841013346
TRIM22	0.202114965096544	TRUE	0.0928619211257217	0.55811207104488
NCBP2	0.157270594430688	FALSE	0.011713834296411	0.513916792579126
SSRP1	0.50142046601234	FALSE	-0.0335475089708059	0.75582935340597
TYMP	0.370121806112987	FALSE	-0.0174082152867719	0.682647558715216
ZFAND1	0.477144710363643	TRUE	0.100686644554808	0.744201357745991
BRD1	0.203027168842178	FALSE	-0.035166176479299	0.559719199489778
ZNF76	0.177439741965322	FALSE	-0.0433652258434577	0.534305071032724
TBC1D22A	0.0727826341989595	TRUE	-0.105853265735289	0.391314504116644
CAPZA1	0.00196416086481797	TRUE	0.133211044092782	0.0957231291685446
WDR13	0.336828515270183	FALSE	-0.0277197392077877	0.66420404334383
IVL	0.5009128361365	FALSE	-0.0434890272118769	0.75582935340597
TBX5	0.391439146595584	TRUE	-0.0407037798116527	0.694605396439332
HOMER3	0.0411511429032056	FALSE	-0.000687723840298998	0.318045567752296
LAMP2	0.470556935843259	FALSE	0.13041582924739	0.740239330677956
RBM39	0.00368521039571435	TRUE	-0.18021363600725	0.121120581672478
ZSCAN2	0.00338854396403546	TRUE	0.0864331467128007	0.116432424267267
COL1A1	0.319250108055696	FALSE	-0.0380020159739248	0.651426484657825
CARD9	0.108096755281391	TRUE	-0.108568606157713	0.449497194094609
RPS29	0.329385508930833	TRUE	0.195003513144934	0.65990492883544
RPH3AL	0.506427665925597	TRUE	-0.0377491068960536	0.757770296111156
CRHR1	0.242157563315234	TRUE	-0.0567925448856537	0.595892543965345
MT1E	0.158050179372995	TRUE	-0.0801472019548464	0.515147093182848
FBXW2	0.245520682957642	FALSE	-0.0123149657993524	0.598352651329515
RGS17	0.313129606069761	FALSE	0.0474269152392792	0.646735264704011
LETM1	0.48261211296866	TRUE	-0.0467605323251234	0.748529628661579
ZBTB39	0.150008721946337	TRUE	0.0659577864984456	0.505719309595992
IFIT2	0.27520691620302	FALSE	0.0840357542914725	0.625261112034014
TMEM160	0.432901204169476	FALSE	-0.0774740741526411	0.718902570895971
PRRG4	0.239851451652927	TRUE	0.11434580356562	0.593686009668749
COLEC12	0.380438167339975	TRUE	0.0504322023388424	0.689170358739517
TPD52L1	0.334282618675968	FALSE	-0.0285931297026947	0.662649058250089
NDE1	0.104273837636603	FALSE	-0.0278627547457518	0.443829305439923
LRRC14	0.180644531148352	FALSE	-0.0462070602006103	0.537587636872547
KCNC4	0.318055664957969	FALSE	-0.0278341995215059	0.650745793027501
ATP6V1D	0.498191442469566	FALSE	0.0923296369998526	0.754807791424133
EGR1	0.336652590629297	FALSE	-0.103744974487976	0.663994386005496
SPPL2B	0.440298566427513	FALSE	-0.0696779626086718	0.721779014706024
MAPK8IP3	0.321169991867048	TRUE	-0.141205537678131	0.653579780649758
HOXA3	0.303296016899485	FALSE	-0.0221080562179781	0.641557502348857
SLC35F2	0.292003229937843	FALSE	0.0246111123381181	0.634252605316474
F8	0.16482503197814	TRUE	0.0707923472213796	0.52106529157198
HLA-DMA	0.132206121177677	FALSE	0.0509786905621913	0.485769672078316
CARKD	0.0202434824342785	TRUE	-0.0923863273973795	0.242302356577516
MTHFS	0.190501629139179	FALSE	0.0454788950498825	0.547692183775139
RBM10	0.467026146696348	FALSE	-0.0361517431526597	0.738100295762821
BHLHB9	0.362380510260977	TRUE	-0.0449114956135115	0.679211140161558
SCARB1	0.393156047118481	FALSE	-0.0330185347367298	0.695366778704798
DNM2	0.364021465637084	FALSE	-0.043603502982837	0.68000262661663
AZI2	0.0527625603612345	TRUE	0.234297479228477	0.347631999962834
FAM134B	0.0220728719498293	FALSE	0.0177591142869135	0.252587687946549
CCL22	0.0819003109241575	TRUE	-0.0673704075324437	0.405708879671919
PDZK1	0.408586664408857	FALSE	0.0819400969220775	0.705929367764792
CNOT1	0.0389816838291114	TRUE	0.208661424810464	0.314280060724649
LENEP	0.160745507290567	FALSE	0.0223741879898278	0.517262277639015
DUT	0.36927952494634	TRUE	-0.051579941002748	0.682297626424401
CNOT4	0.0256166563238736	FALSE	0.0416211063685153	0.264301424983078
TMEM158	0.483800906340085	TRUE	-0.0763864646299339	0.749238444171907
CLOCK	0.363855769305808	FALSE	0.0624161823276329	0.68000262661663
FLNA	0.188477570013511	FALSE	-0.00516708763912899	0.54439539339031
DPY30	0.280182323404021	TRUE	0.0958831692240213	0.627598298428661
BBOX1	0.509018708700859	TRUE	0.0378268930125607	0.758943213406843
EHD3	0.184313419084451	TRUE	0.168764031296986	0.540804807720894
BCMO1	0.505301968683683	FALSE	-0.0321624297150889	0.757585484980072
ACLY	0.000574272920600089	TRUE	0.140203403514495	0.0589524041962424
LIMD2	0.395957214628805	FALSE	-0.054362648239339	0.697764503944764
OSGIN2	0.037192176716656	TRUE	0.111016619403043	0.30804384794374
RNF39	0.441831258485205	TRUE	-0.064253566830798	0.722607590360526
FAIM	0.0535815830798234	TRUE	0.0674599717287534	0.347786552196209
FCF1	0.0706153433292214	TRUE	0.153873770186984	0.387642016983979
ADPRH	0.379635715020211	TRUE	0.109198855033203	0.688509054412569
BTN3A2	0.2238083985041	TRUE	-0.151815206889186	0.578209940906354
C16orf62	0.266004764688183	FALSE	0.0429808251819723	0.617699780216937
LAMB2	0.17384519717049	TRUE	-0.0554235077142762	0.528971132021033
UBXN8	0.176310104134036	FALSE	0.0437516289519266	0.532830562573516
MRPS11	0.122859539630395	FALSE	0.084185844299854	0.473845006758179
PUS7	0.517511570567488	FALSE	0.0550426291202633	0.764100999922941
ADH5	0.470995035663295	FALSE	0.0387087000618145	0.740569924431121
SCAMP1	0.249759468830347	FALSE	0.102859872534312	0.60242982707239
MARCH7	0.0250885729133437	TRUE	0.193266011610836	0.262356954225944
PPP6R2	0.396262350500184	TRUE	-0.0834613867133515	0.697764503944764
UTP11L	0.357586257695816	TRUE	0.14874705696663	0.675746524046886
PGRMC1	0.367953790057194	FALSE	0.114999171911435	0.682012590916769
PDLIM5	0.357879165631411	TRUE	-0.0549903137185401	0.675838891903803
ITGA9	0.24329705476915	TRUE	-0.0701680638799388	0.596614468864056
CSNK2A1	0.446710388652301	FALSE	0.125814794349386	0.725560099357934
PRPSAP2	0.00285442669419929	FALSE	-0.02136806976001	0.113095185309455
TIMM44	0.409141116458073	TRUE	-0.0564539955207825	0.706341522460123
LECT1	0.07121577815309	FALSE	0.00826049428855845	0.388415444193308
CCDC59	0.260552014803863	TRUE	0.148582513093701	0.611256263468325
MMP2	0.194541280933984	FALSE	-0.0199276909514268	0.550924971156454
SPINT2	0.36560999684097	FALSE	-0.0453514866511772	0.680954624536754
ANGPT1	0.00253879364037993	FALSE	0.0213780218928935	0.107016286573487
PRDM5	0.478145940787399	FALSE	-0.0377559824490241	0.744814874018775
UBQLN2	0.000191447831517015	TRUE	0.240813664108225	0.0382004817260597
DYNC1LI2	0.146246835170487	FALSE	-0.0475345046540354	0.500767684050339
PIGN	0.383169118718511	FALSE	0.0729882487201505	0.69063020778083
SOS1	0.294922120759698	FALSE	0.0989225722241907	0.636006452509361
LRPPRC	0.281899512561187	FALSE	0.0591753916475779	0.628615112092927
SLURP1	0.0120428316094302	FALSE	-0.010865780750208	0.193780590549037
GREM2	0.404828200307474	TRUE	-0.0432459400782123	0.70395354642374
BSDC1	0.487595999674943	TRUE	-0.037286791811022	0.749854849317994
NUTF2	0.162264787700465	TRUE	-0.149848193499977	0.518766986483698
ARCN1	0.232798144552995	TRUE	0.130622872626677	0.587252093678846
RNF139	0.437333612560267	TRUE	0.0674224469427891	0.720277786255983
CIDEC	0.152761451109474	TRUE	-0.0523781721249863	0.50964918735814
WDR45	0.415528518075209	FALSE	-0.0494243756823511	0.708336613551641
MPG	0.357626993971388	FALSE	-0.04413887078656	0.675746524046886
KLHL28	0.287483010078953	TRUE	0.0591208514246797	0.632033998189821
LRRC3	0.218145398096593	TRUE	-0.0631701420506108	0.572448662119247
LRRC19	0.0561533284635631	FALSE	-0.0110139246183514	0.354821092002943
RFPL3	0.347073739684606	FALSE	0.049862780355075	0.668501636535373
TGDS	0.102117199367943	FALSE	0.0156873323383976	0.439600198797688
PIGT	0.224725147390164	FALSE	0.0583622798937711	0.578511536933992
TLR4	0.523803756161477	FALSE	0.144321978866015	0.767564072255749
VCP	0.00109515562937791	FALSE	0.0368987688916132	0.0781004382485288
UNKL	0.370737205334009	FALSE	-0.0735525355142077	0.682647558715216
PDHX	0.411161985922481	TRUE	0.106187147652775	0.706388751268942
AP1G2	0.36508189926765	FALSE	-0.0676072759488917	0.680565437408173
ITIH4	0.00974759892383104	TRUE	-0.163575484296573	0.180117310944008
ACSL5	0.372641708117393	FALSE	0.0768550059674561	0.683608530713981
ACADSB	0.44271306409586	FALSE	0.0702004007520555	0.72281114957278
TNFRSF11B	0.258391558369932	FALSE	-0.0205420329400581	0.608758615214342
AQP1	0.404216311325023	FALSE	-0.0300879137723271	0.703664036615926
TBX19	0.337543159365682	FALSE	0.0238740846082366	0.664710295944332
SAT1	0.270584678797359	FALSE	-0.0732027287484657	0.619837490584263
DOCK6	0.470544581014525	TRUE	-0.0381676573386427	0.740239330677956
SLC12A4	0.499396943285174	TRUE	-0.0491534461668586	0.754820306572992
CCL1	0.100132894563603	FALSE	0.0165176634864062	0.436509467534004
TYR	0.225249528628067	TRUE	-0.0476796482720747	0.578768646716507
TFG	0.122962542850302	FALSE	0.0947127044465989	0.474035694212474
CROCCP3	0.094339125257109	FALSE	-0.026187794339112	0.427542502514132
PABPN1	0.376018971546364	FALSE	-0.0753176542721248	0.686261838654249
CD86	0.199280153195821	FALSE	0.104446778688543	0.556059834810056
TSPAN4	0.388087745094939	TRUE	-0.0622352274626859	0.693323923370334
MSH5	0.288578580028241	TRUE	-0.0998422295550987	0.632033998189821
ZDHHC11	0.00600741201447621	FALSE	0.0302124836639772	0.14825975358844
B4GALT2	0.103560052307499	TRUE	-0.0929744730771355	0.443454468698915
IFT52	0.450517858407216	FALSE	0.061820893116294	0.727944760692693
ITSN2	0.511922307472019	TRUE	-0.0866948985801033	0.760671870583832
CCDC69	0.36964382055079	FALSE	-0.041695127365496	0.682637016486223
NIPA2	0.486124050089425	TRUE	0.15032693874374	0.749507651769684
INTS12	0.163111543138569	FALSE	0.0463347730389476	0.520230866283613
FAF2	0.00779154223079261	FALSE	0.00523056474310795	0.163607958064736
LRP5L	0.119021306167872	TRUE	-0.0635564626464631	0.467052932024664
SAFB2	0.0947770456609523	FALSE	-0.0860472503360797	0.428492405211399
DNAJB12	0.0671781415989131	TRUE	-0.0660494563477272	0.380692155939657
NRIP2	0.10513718912386	FALSE	-0.0223687512313542	0.444998352921034
PPME1	0.112570622567335	FALSE	0.0728799327513918	0.457504763186742
GPR45	0.392480425304361	FALSE	-0.0368211664776048	0.695272788275951
CPD	0.252863281129626	FALSE	0.101603657344882	0.605154360400605
OR6A2	0.325331763864085	FALSE	0.036212310402083	0.65674503657733
SLC2A11	0.500852705207382	FALSE	-0.0358122118100135	0.75582935340597
HNRNPH1	0.39193212159434	TRUE	-0.196577439978926	0.695262566764427
SMARCA5	0.46706550868986	TRUE	0.0746163804798438	0.738100295762821
TPI1	0.460998416163056	FALSE	-0.0562559517060807	0.734351869767271
ORAI3	0.435060810890941	FALSE	0.0622150198588968	0.719714220538262
RANBP9	0.223322412164036	TRUE	0.0988817618219757	0.577588519719069
TULP3	0.491656172348488	TRUE	0.0828325851039256	0.750624658443451
TRIM62	0.514796000389435	FALSE	-0.0261718187249071	0.762742956803319
VASH2	0.0261433696429773	FALSE	-0.0100742667440841	0.267303578342399
MEGF8	0.511508534591028	TRUE	-0.0427823593904608	0.760543905511958
P2RX4	0.493005458252124	FALSE	-0.0349482772572624	0.750965729597102
FUT2	0.300996672790094	TRUE	-0.0464663648273831	0.639857916714752
FSHR	0.0847663970794376	TRUE	0.0524306090366368	0.413902871227337
ACSM5	0.42618515112011	TRUE	-0.0388320769890438	0.715397990903172
ROBO3	0.0300444283939731	TRUE	-0.0750232874091603	0.286040112140437
KLF8	0.326913060573807	TRUE	-0.053919768300374	0.657572984842224
INE1	0.354669821029254	TRUE	-0.0600204818397491	0.673296685191814
ZXDA	0.486058987688124	FALSE	-0.0612806687853527	0.749507651769684
RBBP8	0.120547185483485	TRUE	0.135330466514856	0.468753270300837
IL22RA1	0.224462472305043	FALSE	-0.0141320806246688	0.578337186286038
TAP2	0.509860809532116	TRUE	-0.0676662045775951	0.759690842227607
PLA2G7	0.389977464343739	FALSE	0.155585485029407	0.69396648904483
HEYL	0.442898173084583	TRUE	-0.046565020468448	0.722928161385871
DUSP22	0.267323978679863	TRUE	-0.10386868087124	0.618987021170051
APBB3	0.218730890726264	TRUE	-0.173262717001473	0.572618336753129
ATHL1	0.271865498835868	FALSE	-0.0907564468347563	0.621132962180113
KCNJ3	0.159575213079681	TRUE	-0.0615376301239845	0.51668285011722
ABCB8	0.524159521644947	FALSE	-0.064768504289383	0.767688557986574
CD7	0.369523089436765	FALSE	-0.0797413071231221	0.682625628931912
TRIM26	0.207848294325616	FALSE	0.0131511700025091	0.565218394317161
CFDP1	0.342045879536997	TRUE	-0.0735396198739263	0.666303315229786
LOXL1	0.0718980492515782	FALSE	-0.0366617583920965	0.389734286182057
NRBP1	0.471637747988612	FALSE	0.0391188083913168	0.741077641323956
CINP	0.254959402393729	FALSE	0.06823919053885	0.606457869465596
KCNK13	0.499012094068758	FALSE	-0.0577000058861479	0.754807791424133
NDUFS4	0.380122765575228	FALSE	0.0597714621621739	0.688862400328834
CUL2	0.0181931627838255	FALSE	0.018324366513549	0.229213636450885
RASAL1	0.102231581025777	FALSE	-0.0207001072590191	0.439907375668822
CX3CL1	0.468599689102495	TRUE	-0.0623905767115127	0.738492268899679
ZNF334	0.399335614763011	TRUE	-0.0332413046923175	0.700180382835593
PRKCG	0.394287838498658	TRUE	-0.050224508272942	0.696716503153542
SNAP29	0.262463916574793	FALSE	0.0647486841447103	0.613118737132586
ISYNA1	0.222291775090995	TRUE	-0.0740652482275003	0.576665119212459
AGXT	0.0911834435959656	TRUE	-0.0785124938382853	0.422990145322678
MAN2C1	0.343166902775231	TRUE	-0.141580690357217	0.666820440546491
EIF2AK1	0.407311304170408	FALSE	0.077291113907018	0.705568617582322
BBS10	0.288796478118525	TRUE	0.127040487925502	0.632033998189821
GALNT10	0.317995872768193	FALSE	-0.0142932247448644	0.650740877335957
DKFZP586I1420	0.00812624224192933	TRUE	-0.162948423964846	0.166926263818315
THNSL2	0.294248383637856	TRUE	0.0462703981408014	0.635574613792148
ATP5D	0.0892273840258272	FALSE	0.0341434912129775	0.42079241165159
STARD3	0.0787349784137375	FALSE	0.000785515572616198	0.401446792960675
SIX3	0.351211906841371	TRUE	0.055330296483072	0.671609071591121
PDE4B	0.029591063344875	FALSE	-0.0202884222307715	0.283150267736319
CUEDC1	0.31442795097177	TRUE	-0.0798329193260387	0.647690746991241
OTOR	0.330693210097569	TRUE	-0.0543528697137705	0.66056307347869
ATP6V0E1	0.0120104202485498	TRUE	0.152543887363396	0.193780590549037
SLC17A9	0.472088709430423	FALSE	-0.0818382982005304	0.741346904443965
NHLH1	0.44152510426434	TRUE	-0.0395080501242555	0.722607590360526
SPRY2	0.43472217202812	TRUE	0.0583142493632675	0.719714220538262
ZRSR2	0.0102186706564105	TRUE	-0.160466951294351	0.183337826856075
TDP2	0.369903500925758	TRUE	0.0772659193014586	0.682647558715216
CCNC	0.0623468705210378	FALSE	0.07100122478454	0.369551053234735
CCDC28A	0.0773242769797048	FALSE	0.0120397119864206	0.398226693196072
GAS2L1	0.504907379961241	TRUE	-0.0863844814617395	0.757518908382312
AXIN1	0.405661658124167	FALSE	-0.0342630912634281	0.704302180595611
FBXL18	0.0910621876348996	FALSE	-0.0303495072435094	0.422990145322678
TLR8	0.496951078161255	FALSE	0.166463539986209	0.75434113457436
RSRC1	0.20486159111408	FALSE	0.0453934128734697	0.56241509739134
TOMM34	0.115289401006618	FALSE	0.064965740307481	0.462749209916475
CORO1C	0.3490743508008	TRUE	0.0621448497732766	0.67075988200818
TSNAX	0.000558849875359105	TRUE	0.269112615348669	0.058135768226577
SCG5	0.0922198095332721	TRUE	-0.0583120243354891	0.424330155147084
HIST1H2AB	0.0129231652901997	FALSE	0.0530129790148156	0.199097515252139
LRRC15	0.115585273125339	TRUE	-0.0719606991155461	0.463222878076706
PDZD7	0.36697106221467	TRUE	-0.0473337433741854	0.681391179888347
PEX12	0.196822965417216	FALSE	0.0793414150409616	0.55320324537085
ATP13A2	0.226298112242258	FALSE	0.0050721395039899	0.580138948962268
FGD2	0.454588160876901	TRUE	-0.109923487533154	0.731042126207362
POPDC3	0.282234948740588	TRUE	-0.048561832045328	0.628615112092927
CDC42BPB	0.0767785849335792	FALSE	-0.015360963582634	0.39702557903969
SLC5A2	0.398036306918899	FALSE	-0.030859390332762	0.699274844165676
HSDL2	0.333993570762365	FALSE	0.0770948083189147	0.662437134664065
IDUA	0.149850541087515	FALSE	-0.0552058289601165	0.505719309595992
TPST1	0.234783399422434	FALSE	0.049733640427045	0.589458290396064
DYNLRB1	0.166757899477849	TRUE	0.105572105018221	0.523931233632401
NONO	0.257177521722879	FALSE	0.0786291163003936	0.607528316419944
SOAT1	0.00649732782596258	TRUE	0.20425639233284	0.153007461827008
HIRA	3.32420189418948e-05	FALSE	0.152608609599982	0.0235582032988841
PCTP	0.099728664941242	FALSE	0.0613166465406173	0.436274433552756
SHMT2	0.0119295057638867	FALSE	0.0228773585403085	0.193780590549037
AP2S1	0.149717983126857	TRUE	-0.101462558964268	0.505719309595992
PQLC2	0.450794234479968	TRUE	-0.0470815090106451	0.727960508083606
ACSL1	0.258413446694233	FALSE	-0.0514393783978813	0.608758615214342
GJC1	0.351444829766731	FALSE	0.0335860003656508	0.671609071591121
MZT2A	0.310987635438265	FALSE	0.0346743021377087	0.646058605099231
PSD4	0.193602287816574	FALSE	-0.0170401798087285	0.549640798372832
ADCY7	0.0241951760652015	FALSE	-0.028924131414394	0.260772440791205
FEV	0.199641831618353	TRUE	-0.0942831923301649	0.556067714326007
PPP4C	0.499257042431725	TRUE	-0.0366089434124533	0.754807791424133
NUP98	0.0489947261838892	TRUE	0.0934959760253032	0.339519806119564
SLC4A3	0.00829194168732846	TRUE	-0.0906101269556387	0.166989946604104
GLIPR1	0.0994419975450544	TRUE	0.192377832071755	0.435973663285367
TRMU	0.494318082959939	FALSE	-0.0798435110292935	0.751652506729616
GATA2	0.458873164024689	FALSE	-0.0522425082071776	0.733563063143374
ZNF304	0.293206026583759	TRUE	0.0761985155360087	0.634600692449225
NSMAF	0.199664327839414	TRUE	0.0821886615262724	0.556067714326007
COPS3	0.00215345266606229	FALSE	-0.0090705476959535	0.0986766171387992
ZNF107	0.00380932470321802	TRUE	0.138820824791892	0.122578970654052
SLC46A3	0.208772773656176	FALSE	0.109555734893666	0.565359779936547
KCNA5	0.256768652657768	FALSE	-0.0195550984447452	0.60694178705158
ZGPAT	0.441996641089435	TRUE	-0.0750805065069101	0.722607590360526
GFI1	0.22316755106496	FALSE	-0.0382398975457579	0.577489907690193
GTDC1	0.332622736655126	TRUE	0.0915941364067268	0.661911219007552
USP14	0.0546554994771922	FALSE	0.024108916689613	0.349542418822268
LDLR	0.389237595842484	TRUE	-0.0886093402065209	0.693557879521198
CSNK2A2	0.392711218524117	TRUE	0.083064702004779	0.695272788275951
GAMT	0.00931869179928405	FALSE	-0.0087083092229595	0.177587640860642
CCNG2	0.303652614727331	TRUE	0.103390693918998	0.64201323855924
C16orf59	0.476531346721905	TRUE	-0.055496676871761	0.743909858280821
CCDC93	0.0590972996422025	TRUE	-0.115086081830369	0.360644597450668
NPY	0.000609958377642238	TRUE	-0.102740204175649	0.0596564830915802
XRCC5	0.0644227149498266	FALSE	0.0646523117297065	0.375187038939951
APTX	0.421193147671182	FALSE	-0.0229631811887075	0.712396942339429
EEA1	0.278979126557488	TRUE	0.0977307531369321	0.627025632514441
GPN1	0.0595648174023014	FALSE	0.0353421637876062	0.361759756038937
NPPA	0.458117550125068	TRUE	0.0512779518355337	0.733285559128762
HDGF	0.193695805325971	FALSE	-0.000187713403108497	0.549640798372832
ENPP1	0.373312380905577	FALSE	0.0256234692345921	0.684318106516783
GTF2H5	0.395907107647132	FALSE	0.10903488670749	0.697764503944764
SAFB	0.504820456043905	FALSE	-0.0699758369253879	0.757518908382312
ARHGAP26	0.257515350528369	TRUE	-0.118866206071861	0.607859620074349
BTRC	0.0732510883154774	FALSE	0.0033973908073577	0.392411769896611
TBC1D8B	0.538477604467971	TRUE	0.0249212042320383	0.775631664117715
MAML3	0.527000150001721	FALSE	0.0412877779060179	0.769271778891966
KLF13	0.147073447407586	TRUE	-0.103215792168143	0.502063050584502
TBL1X	0.392957653391947	FALSE	0.0283714707545553	0.695272788275951
ATF1	0.0393500034115268	TRUE	0.160742364065775	0.314883337108893
KCNJ8	0.0940350572104974	TRUE	-0.0609204057212733	0.427175167281097
NR4A2	0.0318088050558192	FALSE	-0.002858593733692	0.292761626946306
ANKRD10	0.449223459392278	FALSE	-0.0566187976666305	0.727054639744368
TRMT2A	0.189520413211833	TRUE	-0.0804174256693301	0.545716272152157
TM9SF2	0.0194728801927339	TRUE	0.203070045608275	0.238301022365151
SUCLA2	0.0615918026176557	TRUE	0.18941687638615	0.368543245320105
PLAU	0.425740135102195	FALSE	-0.0311910886103828	0.715265955406493
TSPAN32	0.0357610407507775	TRUE	-0.14752966684506	0.303286792126452
TPP2	0.00129048641875578	FALSE	-0.0321881967087705	0.0799607950943813
HIST1H4G	0.00446629932183935	TRUE	-0.100092261483388	0.130846457436584
PRSS22	0.455808322836391	TRUE	-0.0541802108674552	0.731654950826988
FAHD2A	0.410795730843814	TRUE	0.0678274763791544	0.706388751268942
CTRL	0.00821455641684625	TRUE	-0.118241731020238	0.166926263818315
PTPN3	0.264493974037407	TRUE	-0.0373870865478585	0.615422337985884
ERF	0.359780158340282	TRUE	-0.061262737802835	0.676762968154611
GBAS	0.361850318791051	TRUE	0.140394715747829	0.678970836467272
P4HTM	0.402479295075742	TRUE	-0.0653370491714328	0.702461252379073
EIF3H	6.30349921026279e-05	FALSE	-0.01719878681292	0.0306838931770202
NAT1	0.467573224322514	FALSE	0.0988456465956812	0.738100295762821
ZBTB44	0.411105343238448	FALSE	0.0484907220285076	0.706388751268942
ATP5G1	0.314947555320582	FALSE	0.0862389359883978	0.647690746991241
USP16	0.182064351947037	FALSE	0.0324036428524521	0.538682284310534
GJB4	0.0776153741322815	TRUE	-0.0838624426892763	0.398948652441496
SMURF2	0.21573369359745	TRUE	0.100619661339841	0.571342953275383
AGTR1	0.18679567870916	FALSE	0.0179488039086615	0.542259082353796
DRAP1	0.479798280670001	FALSE	-0.0732543277090206	0.746184707792778
NEIL3	0.0962692158665243	TRUE	0.145188210087302	0.431724281533479
RPS15	0.308392550042602	TRUE	0.0792095459363934	0.643870949168306
CCDC94	0.303931831386263	FALSE	-0.020044612474599	0.642236655943539
FAM60A	0.0494241419053275	FALSE	0.016005162460554	0.340474085701403
RASSF1	0.398937133575435	TRUE	-0.119902334354212	0.700072222601336
CHM	0.479005116339225	TRUE	0.111729532103888	0.745564723976729
SYNJ2BP	0.417272189444492	TRUE	0.0639418570900883	0.708937572087367
GIPR	0.287743470956229	TRUE	-0.0562386359191156	0.632033998189821
ZNF160	0.323520501601677	TRUE	0.0754924293161001	0.655122675424904
HERPUD1	0.258101269488602	FALSE	0.0684866788780532	0.608742837663552
HSPA4	0.541973361728223	FALSE	0.0903737619019103	0.777304206391088
KLHL26	0.424207289893144	TRUE	-0.0335473567221864	0.714749131634732
DIP2A	0.319781970969205	TRUE	-0.100839537033744	0.652042396838664
SIRT7	0.27528947607044	TRUE	-0.240493091541792	0.625261112034014
CSNK1G2	0.396357806676799	FALSE	-0.0531870082069321	0.697764503944764
GMFG	0.0232667928210189	FALSE	0.003524389712176	0.257638831833529
SNX2	0.171554443393326	TRUE	0.180134751748949	0.528425022120548
PIGB	0.500771721846499	TRUE	0.107733927978573	0.75582935340597
MMP25	0.280137809790283	TRUE	-0.0776214048549182	0.627598298428661
CD40	0.199119503423461	TRUE	-0.0667022866650284	0.556059834810056
USH1C	0.501635054977583	FALSE	-0.0252562191990866	0.75582935340597
SLC22A18	0.470895864066673	TRUE	-0.0557515947421159	0.740569924431121
MGMT	0.0791542025455585	TRUE	-0.098346811376966	0.402254990178429
SLC26A3	0.115491345929233	TRUE	-0.0371032850157107	0.463222878076706
CCDC130	0.37797371038112	TRUE	-0.105705171986234	0.686753567555322
MIOS	0.0729229141674011	FALSE	0.0301547638469611	0.391511801015228
TXNDC9	0.2695103010059	FALSE	0.0707319187257881	0.619622324230717
PYCRL	0.42376508036655	FALSE	-0.0260053993821692	0.714190286307418
ADAM7	0.00221353480895493	FALSE	-0.00207317971885205	0.100216248573912
CHERP	0.0437933760070475	FALSE	0.0241305817248138	0.325292783149328
PMVK	0.278741786603003	FALSE	-0.0339701876879177	0.626812972257022
ZSCAN5A	0.263406120367587	TRUE	-0.039929314443258	0.614170543555938
HAUS6	0.350108693893858	FALSE	0.0528019676797059	0.671281450276902
PVRL1	0.107094589739636	FALSE	-0.00759748221448885	0.448034418858713
DPYD	0.454160048513659	FALSE	-0.0618164239854641	0.73066413026339
OLAH	0.13717429918033	TRUE	-0.0408544843853644	0.48963948907826
PAK2	0.0386749329748834	TRUE	0.188772680087543	0.313211489605242
PRNP	0.20314240241029	FALSE	0.055141072197446	0.559900753750676
SLC2A10	0.0483639135715505	TRUE	-0.0546493611138259	0.338823885721396
SPHK2	0.482692357771714	TRUE	-0.0437086212610111	0.748529628661579
ABCC1	0.128905629143266	TRUE	-0.0577373052942897	0.480335500774068
PPARGC1A	0.0852783301551378	FALSE	0.0707093673803861	0.414485517030395
PTTG3P	0.488533208295919	FALSE	-0.055698557883979	0.749854849317994
CYTH1	0.0131899860288391	FALSE	-0.0298581700137655	0.20102318760888
PLD2	0.533204886467826	FALSE	-0.0601186725288767	0.773491911606011
IFT20	0.076852303741037	TRUE	-0.121369692678657	0.39702557903969
BAZ1A	0.0639912248797201	TRUE	0.108892775204542	0.373826119995439
TRIB1	0.106852779122937	FALSE	0.001607983800114	0.447696806325089
MBD2	0.366199530366929	TRUE	0.121678977019891	0.681391179888347
RBM15	0.421390443563326	FALSE	-0.0444170448491457	0.712518079267008
NTRK1	0.502908435016485	TRUE	-0.0401786838144478	0.756497578223921
MNDA	0.197244022496917	TRUE	0.106348791638487	0.55337738872276
PCDH9	0.0344511228579946	FALSE	0.00906917790246675	0.299650606823466
WISP3	0.12468982104098	TRUE	-0.0428053762671627	0.476206763483891
ZNF135	0.43816041927883	TRUE	-0.0579108813827769	0.720356820966022
AP3D1	0.53465327122176	FALSE	-0.0430280265498135	0.77416394264349
TNFSF10	0.0747326328084899	TRUE	0.308549770499677	0.394136429495566
DBI	0.242432701091678	TRUE	-0.0696005834605247	0.595892543965345
PSEN1	0.469957249590017	FALSE	0.0990396783637176	0.739706448237258
ARPC5	0.317623216123125	TRUE	-0.0503487847453563	0.650418647784804
FABP7	0.537686023633209	TRUE	0.0437362648700574	0.775631664117715
DGUOK	0.0156823905393436	FALSE	0.0422455976193945	0.215890659258186
ZNF358	0.0175072583724893	FALSE	0.00956892998140964	0.225857924140972
GPC5	0.236066276770746	TRUE	-0.042693975708965	0.590221129422679
GLRX3	0.252981294950294	TRUE	-0.081444911574633	0.605228772640411
WDR59	0.434057774489329	FALSE	-0.0422600544640298	0.719339984949361
GPR143	0.0471412024568699	TRUE	-0.062076169486656	0.33553359725835
GPC3	0.107465319249686	FALSE	-0.0113360319140035	0.448418118524473
TMED7	0.466848866308071	FALSE	0.133156077437557	0.738100295762821
FGF23	0.056498055216771	FALSE	0.0234122876099115	0.355708744088266
CRYBB3	0.0454718306004621	TRUE	-0.0946180496216429	0.331365737261337
HOXB5	0.193095288237322	FALSE	-0.0246012219100091	0.549499453723677
TCERG1	0.399109890831436	TRUE	-0.0787489117146126	0.700129217823108
KPNA6	0.0904569156555687	FALSE	0.0322995179609587	0.422690118013128
GABPB1	0.474406233141373	TRUE	0.0759141152348407	0.742688427114459
PPP1R12A	0.197148008955522	TRUE	0.0877622952669271	0.55337738872276
OLFML2A	0.435604921738911	TRUE	-0.0373748372829108	0.719727633904637
ZNF142	0.0907143465046643	TRUE	0.066604991858827	0.422990145322678
PLXDC2	0.103882408900041	TRUE	0.121635544685551	0.443800242896057
C15orf39	0.0878015156797533	FALSE	-0.0025155277755395	0.4184038099236
CTR9	0.191253953574182	TRUE	0.0965603864146967	0.548187204139953
DCBLD2	0.529882405926767	FALSE	0.034417814587413	0.77128839548185
ARMC4	0.01382190366166	TRUE	0.0635113521733448	0.206219165288899
AGA	0.101756402507808	FALSE	0.003984242132407	0.438880124775976
DLC1	0.253812008168626	FALSE	-0.0130573819755173	0.605790595632738
ACADM	0.240931804121583	TRUE	0.152770788577728	0.595229026678882
SLC22A5	0.309029124900763	TRUE	-0.0498668815040975	0.64439721071642
MRS2	0.510791748338087	TRUE	0.0834861876120361	0.760133306234932
GALR3	0.116874030554254	TRUE	-0.102062833164416	0.465054833735256
RASA3	0.00119441786973248	FALSE	-0.010907761248727	0.0794464460801913
RNF141	0.0492027609850068	FALSE	0.0059016630793275	0.340271889850333
POP4	0.0646579290315416	FALSE	0.0603589698818612	0.375346170185337
FOXA2	0.38264825044087	TRUE	-0.0744086680992479	0.690206304263531
TWIST1	0.478621386274201	TRUE	-0.0364214660025786	0.745376720088335
FANCF	0.335479274644317	FALSE	0.0671840601131279	0.66289256747565
TMOD3	0.369189698280108	TRUE	0.105354776941913	0.682297626424401
NF1	0.24216409509833	TRUE	0.0771774834036347	0.595892543965345
TRMT11	0.244422321722219	TRUE	-0.0978348477098328	0.597776839829552
C17orf70	0.453788802535547	FALSE	-0.0445324211416453	0.73066413026339
PEF1	0.375060791031632	TRUE	0.0775618674987947	0.685544980998906
MACF1	0.170482164730493	TRUE	-0.13958201599698	0.527447379919155
RPA3	0.2278450907151	TRUE	-0.0555943753482202	0.582533367219508
KLC1	0.311124530399084	FALSE	-0.0471975214375491	0.646058605099231
TRMT5	0.403831094742374	FALSE	0.0791509872331038	0.703385680995973
CSTA	0.275913565726822	TRUE	0.184598325598895	0.625672664569943
CFHR5	0.193017477907998	FALSE	0.0211989645471666	0.549499453723677
SNRPB2	0.0104207789698781	FALSE	0.0322181798645779	0.186080649983383
TARBP2	0.326645012421116	FALSE	-0.037250062499292	0.65740642453728
ZNF444	0.538067907737551	FALSE	-0.0356149842030584	0.775631664117715
HAS1	0.0160952285452021	FALSE	-0.0098590373993224	0.217525383163345
IL12A	0.0670046271040287	TRUE	-0.0643836443707992	0.380692155939657
DSTYK	0.410664841717179	TRUE	-0.043587060070362	0.706388751268942
FAM53C	0.155639075312369	FALSE	-0.00218212126527015	0.512804403662896
EREG	0.104191327177817	FALSE	0.0387948702662464	0.443829305439923
KLK1	0.455035567046821	FALSE	0.0322129569565557	0.731304215555329
C16orf58	0.464041326507129	FALSE	-0.0299451048106669	0.736529199505086
ANXA2P1	0.454252971718543	TRUE	0.0439273492095262	0.73070995124366
LRP1	0.404539402051011	FALSE	-0.0684604008951896	0.70395354642374
ASB7	0.1494152672561	FALSE	0.0317202067499267	0.505719309595992
KLHL35	0.275379288940087	TRUE	-0.0569744751057857	0.625261112034014
CHKB-CPT1B	0.526234617146603	FALSE	-0.0893816260819628	0.769149860446667
ABR	0.00517027175695387	FALSE	0.0182067090765175	0.13937650444885
PPP2R5C	0.467749709625148	FALSE	0.043314376626949	0.738100295762821
DCTN5	0.442405531103153	FALSE	0.0765322832735977	0.722607590360526
MLANA	0.294688339980087	FALSE	0.02964988721781	0.635877757377217
FAM175B	0.00951893097052706	FALSE	0.0081933540542515	0.179831745312785
DSTNP2	0.337939727215533	FALSE	0.0501805945871366	0.664835544444941
LZTS1	0.304116290700503	FALSE	-0.0163926020698217	0.642275027054015
LHPP	0.0109348765610596	FALSE	-0.0333524766547756	0.189515923136741
TNFSF18	0.0616472780912317	TRUE	-0.06926749001022	0.36868063622177
RPS24	0.176752835902573	TRUE	-0.134286387648537	0.533377180419738
RCN1	0.164628539578543	TRUE	0.248245803547617	0.520703768558187
SPCS1	0.288665344118659	TRUE	0.0962804222191231	0.632033998189821
FAM50A	0.116935499860909	TRUE	-0.11627519968829	0.465054833735256
C7orf25	0.553518408149294	TRUE	0.0672829731988244	0.783074888334977
VPS26A	0.446316199719306	TRUE	0.141955571675427	0.725295521279276
GSDMD	0.211048179045855	TRUE	-0.0855376550243558	0.567878457226801
TPBG	0.136940580960779	FALSE	-0.0040002208778975	0.489499940943032
EIF3K	0.000336146414088993	TRUE	-0.103882719837295	0.0454972172962296
HLA-DPB1	0.0321356696556622	FALSE	0.0403648499091725	0.293757546820657
C19orf60	0.41076240983805	TRUE	-0.0771737639624512	0.706388751268942
SEMA3A	0.405277520200078	FALSE	-0.0286811220923609	0.704112328080457
GMPR2	0.182345514379408	FALSE	0.0379325906798897	0.538767129187948
C19orf26	0.0725932795652152	FALSE	-0.0291953959594952	0.390666918362589
CLSTN3	0.0458356942045583	FALSE	-0.0328098851130318	0.333374558425585
CRLF1	0.197599950832034	TRUE	-0.0691171388922856	0.554188929627612
MCL1	0.289197772147452	FALSE	-0.00312580213505224	0.632033998189821
CIITA	0.210155745053661	FALSE	-0.0881399131616882	0.567196899051544
CCRN4L	0.0237734972347228	TRUE	-0.0884169198912561	0.259449167607816
IL21	0.116276306090685	FALSE	0.0188793158549197	0.464703841013346
FBLN1	0.110459799939126	TRUE	-0.0597052916187493	0.453970160025283
AMBRA1	0.0465538309836868	FALSE	0.00744039858517275	0.334028893265042
EXOSC1	0.242739894221354	FALSE	0.0699257608008777	0.595892543965345
CANX	0.376871832034454	TRUE	0.110561151346714	0.686261838654249
YY1	0.48247408176473	TRUE	-0.0973934864860944	0.748529628661579
VAMP4	0.0352268857497585	FALSE	0.0561510561857092	0.301495107058277
ARPC5L	0.354259088443714	FALSE	-0.0480190757069793	0.673173300390351
KIAA0430	0.528040443486603	TRUE	0.0552358820058283	0.76959519134892
SYP	0.173021895685037	TRUE	0.0868480963456729	0.528971132021033
NCK1	0.366407917522799	TRUE	0.111935086436108	0.681391179888347
ATP6V0D1	0.284971415336086	TRUE	0.144433591016149	0.630804313860432
CTDP1	0.24794378367665	FALSE	-0.0224462281602946	0.600434015686753
BNIP3	0.247530872257481	FALSE	0.1330748399078	0.599989859026844
PDS5B	0.506754468929755	FALSE	0.0734975913636221	0.75786731251231
ARL4A	0.276059647309589	FALSE	-0.0259636264349403	0.625672664569943
ADK	0.362329278825022	FALSE	0.0515682311614582	0.679211140161558
TRIM44	0.0317651950481754	TRUE	-0.157569062913819	0.292761626946306
MRM1	0.197178647132285	TRUE	0.0491271589935551	0.55337738872276
REEP1	0.315572098375883	FALSE	0.0220558242500943	0.647690746991241
SLC25A40	0.236634003888044	TRUE	0.168073371211153	0.590464307293497
ARHGAP33	0.509554356373279	FALSE	-0.050305464555219	0.75934246903885
FOXO1	0.151598267534114	TRUE	-0.112475909580403	0.507221232094814
SAMM50	0.479930026179709	TRUE	0.122216805756317	0.74628724175147
TIMP4	0.332844945941542	TRUE	-0.0428167129940515	0.661911219007552
PLCB2	0.382184602679773	FALSE	-0.0764753317107055	0.689908277635289
IZUMO4	0.0274367990073013	FALSE	-0.00549515210860615	0.273782581144005
DHX34	0.420982842157081	FALSE	-0.0386868242844041	0.712396942339429
FCHO1	0.0464397346669535	FALSE	-0.00376587667231695	0.334028893265042
HNRNPUL1	0.0099479709006368	TRUE	0.111935341616029	0.181316222892852
AVP	0.0146177099842668	TRUE	-0.0899041190117145	0.210342910547717
DUSP10	0.126047908787425	FALSE	0.0751816026503725	0.477947658579577
MFAP3	0.105356338235102	FALSE	0.105687260368268	0.445172437185737
ACTA1	0.248619529444295	TRUE	-0.0734367247694822	0.601147079694916
HBE1	0.47739730162141	TRUE	-0.0459322793371095	0.744326418015658
DLGAP4	0.0898076335015676	FALSE	0.00619831299037575	0.42079241165159
KRAS	0.554376663780582	FALSE	0.0800399054763887	0.783243017228659
CDH20	0.530641528037647	TRUE	-0.029027883528447	0.771538081857927
KCNG1	0.120142423301171	TRUE	-0.0568351854064316	0.468578980571615
BBS4	0.154159352206801	TRUE	0.0599310533901014	0.511600895024217
VPS45	0.47332875125409	FALSE	0.042861610252331	0.741923515409196
DOC2B	0.341861157715743	FALSE	-0.0445034496058806	0.666303315229786
KDM5C	0.555820885924596	TRUE	-0.0468367492786319	0.784234696680385
FOXE1	0.0958149997493904	TRUE	-0.0826019259521765	0.430304399076176
ALPK1	0.130317935644954	FALSE	-0.0278881155129451	0.483159149449055
GOLIM4	0.0136131376506025	FALSE	0.0174222365385688	0.204187605414421
KCNJ4	0.455572881273797	TRUE	-0.0604670728088989	0.731605643575058
MIS12	0.311989226474634	FALSE	0.0495647878191633	0.646549502452608
ARHGEF18	0.231089727476933	FALSE	-0.0429774604132032	0.584763762521969
KPTN	0.0437498577773288	TRUE	-0.0635292759075407	0.325292783149328
HOXA6	0.44720132098087	FALSE	-0.0334309165296473	0.725957878110534
NCLN	0.14415411771371	FALSE	-0.0235044815484442	0.49894156195605
NDUFB8	0.298533904356684	FALSE	0.128031891753967	0.638717614919387
SART1	0.164309998159588	FALSE	-0.0269779642443855	0.520703768558187
MCM7	0.488496946160749	TRUE	-0.0767926277412786	0.749854849317994
OBSCN	0.55319860118944	TRUE	-0.0354807889540472	0.783046745044718
ASPSCR1	0.52627921605979	TRUE	-0.0569712519140328	0.769149860446667
PAFAH2	0.00726781184870671	TRUE	-0.0827075213118182	0.1600188709757
RPL39L	0.0798207119888953	TRUE	0.0770243677168154	0.403336476489342
RAI14	0.440535052089299	FALSE	0.0198175328416603	0.721957935487869
PSMC3IP	0.503682393128357	FALSE	-0.0386958015561256	0.75719872025436
DUSP5	0.556882339571114	TRUE	-0.0667936573541772	0.785091240631215
SEMA7A	0.0972646664049289	TRUE	-0.0665750543029003	0.433181013685965
FGA	0.460690469617619	TRUE	0.0301715114673247	0.734294241635392
PRKCA	0.0172665168818953	TRUE	0.121319669979284	0.225247646188818
NISCH	0.392980271634233	TRUE	-0.0717076362871251	0.695272788275951
APOBEC2	0.146540955905966	FALSE	0.0375205651751113	0.501050961637552
PDK1	0.2138097486759	FALSE	0.0548922164899473	0.569908025443354
HTR3A	0.272899027502524	FALSE	0.0195571105688983	0.622485153140115
PSMG2	0.398567867092718	FALSE	0.129732411890577	0.699677083645829
SYNRG	0.0811359410387271	FALSE	0.0332068312756749	0.404718860056172
COPS7B	0.545191368509238	TRUE	0.0250223237943241	0.778548181057591
VWA1	0.183411121883819	TRUE	-0.139606105352243	0.540602732269463
MGAT4B	0.0198990587024862	FALSE	0.0187283594903785	0.241135533918911
CPNE1	0.0142197096143528	TRUE	0.167457001767877	0.207512596289764
GPATCH3	0.116511796953593	TRUE	-0.0599986303144284	0.464703841013346
ANGPT2	0.0274415595074402	TRUE	0.0589042680362546	0.273782581144005
PANK4	0.0556117836673339	TRUE	-0.0894254374873907	0.352280455309441
GSK3B	0.32336457987624	TRUE	0.0713117507637229	0.655122675424904
YME1L1	0.200404228815826	FALSE	0.040876107441256	0.556508167517237
SHH	0.551368357026168	TRUE	-0.0577966964360309	0.782849441800729
C17orf59	0.309709019590904	FALSE	-0.019557482065538	0.644843170484514
DCTN2	0.456320434363489	TRUE	0.0642212764167891	0.731963423892179
FUT9	0.510733923223657	TRUE	-0.0449586040894543	0.760133306234932
CSN1S1	0.462206567139153	FALSE	-0.0559714545977344	0.735057540643879
LGMN	0.0236674001934164	FALSE	0.0187998523480764	0.259096502177239
MKRN2	0.446828307065566	FALSE	0.0255636618984974	0.725560099357934
LYPLA2	0.227717507250482	FALSE	-0.0762060452745593	0.582338478735501
WDR77	0.479253743064289	TRUE	-0.0400059054028361	0.745691682023658
DAAM2	0.363736052029553	FALSE	-0.0152940985436803	0.68000262661663
NUDT18	0.0764224576666426	FALSE	-0.0242519234705989	0.396120552567489
CLIP4	0.2688407908877	TRUE	-0.0791079150271725	0.618987021170051
PDE4DIP	0.473768481879013	TRUE	0.0348027777400808	0.742143384067781
PDE7B	0.334455009015056	FALSE	0.0183859281726773	0.662649058250089
BUD31	0.270493710467343	FALSE	-0.00963715205087735	0.619837490584263
SGK2	0.499029865294146	TRUE	0.0380572822417023	0.754807791424133
GALC	0.488494001249674	FALSE	0.0870944037123483	0.749854849317994
LEPROTL1	0.395581969576658	FALSE	0.0747966118307017	0.697764503944764
RPIA	0.12568483728986	TRUE	-0.0741704629308391	0.477803290287672
CTH	0.350174599028828	FALSE	-0.031118833256401	0.671281450276902
EXD3	0.0074898322331037	FALSE	0.0221866961508063	0.161300438797431
ZNF506	0.486165338986333	FALSE	0.0246968670967527	0.749507651769684
PRR14	0.0897517687289714	TRUE	-0.0911892876963119	0.42079241165159
ITPK1	0.518635334486235	TRUE	-0.0464064205700279	0.764603171194466
SLC22A14	0.359586381459075	FALSE	-0.0210923608582649	0.67668826837192
PDE6D	0.28437393433113	FALSE	0.0725135632292508	0.630456850975645
TLX2	0.00273085386623916	FALSE	-0.0139431231322785	0.112192579671325
TMEM186	0.127402380779132	TRUE	0.0803732912147636	0.477954320979065
IL1B	0.517868758289123	FALSE	-0.104610476870484	0.764100999922941
EXPH5	0.493439262823277	TRUE	0.029806470949127	0.751119476547641
SPAST	0.420875976914157	TRUE	0.0770831066400529	0.712391805079808
PPIE	0.00361134380270997	TRUE	-0.111405091443837	0.120552474819468
HIST1H4A	0.0230549972958984	TRUE	-0.199300578207577	0.257077699632435
UFD1L	0.504689844483952	TRUE	-0.0572279969901459	0.757518908382312
PRDM8	0.34213232961367	TRUE	-0.0526976782442899	0.666303315229786
TMEM109	0.32641867878152	TRUE	0.103699907411941	0.657300905470371
ILKAP	0.355386360177234	FALSE	-0.0470026121008662	0.674092662771772
SRC	0.0214502199236875	FALSE	0.0022729092781595	0.249460557656095
CDK9	0.142670368784335	FALSE	-0.0291975092474282	0.497612830404667
CYBRD1	0.226010349832112	TRUE	0.188578141559593	0.579842513259211
LDOC1	0.0118467678478418	TRUE	-0.0933259426114405	0.193780590549037
PIWIL2	0.251511970374857	FALSE	0.000506677497530202	0.603320125255025
TIGD6	0.403716138074612	FALSE	0.0336922276030336	0.703385680995973
HS3ST2	0.263205919273108	TRUE	-0.067612121868295	0.613971953979198
FTCD	0.35661685059372	TRUE	-0.0618801431365505	0.675368470231053
BCL9	0.17294400394126	TRUE	0.0436701263601287	0.528971132021033
PSMB4	0.00166151031844158	TRUE	-0.259272535974049	0.0891453065342351
HMP19	0.414420451630031	TRUE	0.0448691027683022	0.707850358516276
LYRM4	0.379684903187388	FALSE	0.0673597320198656	0.688509054412569
OAZ2	0.541435526032993	TRUE	0.101162007501954	0.776934627902823
MRPS28	0.466996614687387	TRUE	-0.0607113569688733	0.738100295762821
PRMT7	0.206612353625108	TRUE	-0.0713936765449558	0.564252764391883
PNN	0.00712982582423719	TRUE	-0.228305524583068	0.158519794158873
SULT2A1	0.304375687025767	FALSE	0.0267811545983205	0.642703149941373
VN1R1	0.099808157827449	TRUE	0.06372988387754	0.436453799307923
NBN	0.506780148544734	TRUE	0.120144259330901	0.75786731251231
GOSR1	0.0743831914710091	TRUE	0.110681560471063	0.393923455816058
MAGEA10	0.0164211778708733	FALSE	0.0025327474572929	0.22009425044661
BDH2	0.494583848712691	TRUE	-0.0564562182782398	0.751754190422681
ICAM2	0.460270530170374	FALSE	0.0423895844835707	0.734140883612586
FBXL14	0.0248866317259599	FALSE	0.0262914218285068	0.262222209906497
KATNB1	0.558419135598616	TRUE	-0.0500272012448493	0.786104117467108
UBAP2	0.044638232058664	FALSE	-0.0049281075983525	0.328266399704251
TM6SF2	0.0361255719824333	TRUE	-0.0821323065257382	0.304782634455961
PLVAP	0.0308683427986794	TRUE	-0.077773076259318	0.289920827347027
GAP43	0.103510827691936	TRUE	0.0665332729559887	0.443411135322577
BCL2L10	0.473546987081194	FALSE	-0.0279940883459027	0.742074566952062
CENPQ	0.315409636316468	TRUE	0.0832392718451586	0.647690746991241
PTPN22	0.496549212852324	FALSE	0.104592336471303	0.753932984002746
SOCS6	0.408046124010816	FALSE	0.0599718084469508	0.705740543038231
QRSL1	0.489136219088738	FALSE	0.0477961794153506	0.749907461904706
KCNA10	0.520937084354252	FALSE	0.0406487724967714	0.765895637774196
GLYAT	0.267611630449751	FALSE	-0.0107834448015875	0.618987021170051
RIOK2	0.559145452219479	TRUE	0.121166818331869	0.786285662140825
ATP9B	0.173960080369206	TRUE	-0.0812314243339654	0.528971132021033
PCBD1	0.253781476842587	FALSE	0.0502819105351605	0.605790595632738
MMP15	0.229841765071877	FALSE	-0.0154456534781672	0.584763762521969
COPB2	0.32819228219737	FALSE	0.0661651400310312	0.658533407863383
PKNOX2	0.528741404821693	FALSE	-0.0302211134819923	0.770220810543831
ATF6	0.0878781741164316	FALSE	0.0304353619755781	0.4184038099236
AKR7A3	0.458653941661319	TRUE	-0.0593717357911332	0.733522855359337
TRIM21	0.446125515756742	FALSE	0.129922876066886	0.725252667699441
POLB	0.000330347270436575	FALSE	-0.000628885798484496	0.0454972172962296
RASGRP2	0.45409429195017	FALSE	-0.0740837568042163	0.73066413026339
PUM2	0.0976616006451232	FALSE	0.0312025367143282	0.433589634619975
TRAPPC9	0.365897524292975	TRUE	-0.0719633732561052	0.681158592566268
BTN3A1	0.552800540950815	TRUE	-0.0623282859015062	0.783043120562965
PSMA7	0.0550095578459381	FALSE	0.228588344569118	0.35051917887956
ITIH3	0.36378771452133	TRUE	0.0327295997576371	0.68000262661663
NPVF	0.489054246815883	TRUE	-0.0341349498797587	0.749893283933208
ARL1	0.539486763879202	FALSE	0.0975524469082798	0.775905684376747
MVD	0.465194558674841	FALSE	-0.042807033821981	0.737533710963929
TBX3	0.235881447007219	TRUE	-0.0483525882090885	0.590221129422679
PJA1	0.433367018090951	TRUE	-0.047588754346016	0.719097229595949
TOPORS	0.561974898775298	FALSE	0.0399928458720495	0.78854515248275
NOC4L	0.350574052542007	TRUE	-0.0514816516357635	0.671444428188378
IFFO1	0.0909866229931414	TRUE	-0.139912072360564	0.422990145322678
BNIP1	0.270419146873879	FALSE	-0.0213983092140908	0.619837490584263
PLA2G4C	0.139242049321253	FALSE	-0.0105421687013097	0.494097450017809
PITX3	0.420694836144434	TRUE	-0.0621928045772903	0.712191511950094
RAD51C	0.401606711950825	TRUE	0.0900904813654465	0.701750601201711
SLC7A11	0.448830065701001	TRUE	-0.0507374470755062	0.727054639744368
ERMAP	0.271615988369553	FALSE	0.0157562768021129	0.620938244379509
CRTC1	0.541781492852453	FALSE	-0.0557368569820936	0.777234355700147
DEDD	0.0384156350825491	TRUE	0.0822037856868443	0.312254398710412
RNASE2	0.0254460955516772	TRUE	0.318856924120964	0.263997913960265
RPS20	0.36700800671787	TRUE	-0.110883136582325	0.681391179888347
CATSPERG	0.00637869667541708	TRUE	-0.0615196529444737	0.151857618266516
MRPL24	0.173356485350308	TRUE	-0.0702242328223402	0.528971132021033
UBE2D1	0.0230638287049434	FALSE	-0.147149425499957	0.257077699632435
TUFT1	0.422407657551304	FALSE	0.0157506868973969	0.713154136875637
IGLV6-57	0.117699055028363	TRUE	0.0912756527083337	0.465176008090599
PSMG1	0.55813821813403	FALSE	0.0270743348519602	0.786067192184088
SH2B2	0.040494130477689	FALSE	0.0118162885223112	0.316359868821128
STAU1	0.228502056921196	FALSE	0.0087160175458818	0.583423738669092
EPHA2	0.402285095209063	FALSE	-0.0312101796846491	0.702311115408093
DAZL	0.507339184125112	TRUE	-0.0295733658262876	0.757987578501742
HIST3H2A	0.0754546263602424	TRUE	-0.0730412966471933	0.394822338855002
RBMS2	0.0806977856077816	TRUE	0.194726030334583	0.404505929750587
GLB1	0.127322913126209	FALSE	0.097695120575011	0.477954320979065
C8orf17	0.472004599533504	TRUE	0.0419993355938932	0.741346904443965
TPK1	0.52279410541488	FALSE	0.0496008100052941	0.766777996143791
RASIP1	0.00852754621676475	FALSE	-0.0058478125854671	0.168982587578519
SLC12A3	0.0971781103954142	FALSE	-0.0082139816068656	0.432967620343262
GDF10	0.498410765813452	TRUE	-0.0384525428440328	0.754807791424133
RPRD2	0.167971347746262	TRUE	0.114547946800927	0.525314645980203
FCER2	0.214123210757283	TRUE	-0.0807422234910844	0.5700393942184
S1PR5	0.173884244662963	TRUE	-0.129673679844972	0.528971132021033
CDKN1A	0.475627455729813	TRUE	-0.0822582375763271	0.743542051975631
PTMA	0.000343970830078648	TRUE	-0.536770919201565	0.0454972172962296
CDK11A	0.0542751993779878	TRUE	-0.132988525513924	0.348788023910053
TMEM33	0.40293342535533	FALSE	0.0816007225327222	0.702619953432908
EHBP1	0.421774353945043	FALSE	0.0419521734285542	0.712742086346177
HPCAL4	0.486746189094095	FALSE	-0.0216743719179675	0.749854849317994
KCNJ2	0.0231364989237099	TRUE	0.247198349519614	0.257200746368575
RDX	0.142412460111487	TRUE	0.143431279672339	0.497599911417046
PPT1	0.186575800839311	FALSE	0.155114008725087	0.54217914036826
UROS	0.454820459270414	FALSE	0.0503239845361581	0.731104222805107
YWHAH	0.443612748187973	FALSE	0.079181360629649	0.723450524111697
NDUFS5	0.498628889135625	FALSE	0.0582884364371961	0.754807791424133
GPR88	0.167036384593786	FALSE	-0.0285515696442711	0.524515526144817
PRKAG1	0.0578018778798519	FALSE	0.0290542065442338	0.358707666060615
KCNH4	0.0724802521631862	FALSE	0.0021475405048634	0.39055133326086
MAML1	0.033537731667665	FALSE	-0.0053727556467118	0.296341549990628
SUGP2	0.461510618685046	TRUE	-0.133943176192586	0.734568908656617
GNPTAB	0.290581249907669	TRUE	0.0968512608245733	0.633565862894856
KCNC3	0.561676565046449	FALSE	-0.0612390907314843	0.788224080576941
RASSF2	0.531723968340884	FALSE	0.0517315722575118	0.772580481421999
GTF3A	0.00128812996902004	FALSE	-0.0372245133525615	0.0799607950943813
THAP9	0.404787377247605	FALSE	0.0488540439801966	0.70395354642374
LYRM2	0.527417007102453	FALSE	-0.101635637234248	0.769378804005495
JMJD7-PLA2G4B	0.401332848162557	TRUE	-0.101217465238964	0.70151274322726
HPX	0.226821360905049	TRUE	-0.0475472043668237	0.580832748713269
NPAS3	0.422951961980026	FALSE	-0.0200344077428198	0.713154136875637
GAN	0.316669484910709	TRUE	-0.0476478757922254	0.648963544081426
DDX56	0.432857621782236	TRUE	-0.0432525874360357	0.718902570895971
FAM135A	0.251697020425013	FALSE	0.0766566814262928	0.603424265458608
WDR7	0.168243792482089	TRUE	0.0866792008805199	0.525601278895822
HRH3	0.268374218815675	FALSE	-0.0264611989568051	0.618987021170051
FCN2	0.465162162030809	TRUE	-0.062410342196111	0.737533710963929
SLC29A3	0.000254991560702385	FALSE	-0.00314613245649399	0.0433824325877159
NMU	0.552481832559922	FALSE	-0.0377534467565313	0.783043120562965
HIPK1	0.0179736448737011	TRUE	0.0967554705302717	0.228223022646021
CLPX	0.371321615967445	TRUE	0.0783944787807413	0.68285512382125
ROM1	0.161316533580887	FALSE	-0.0106262731776567	0.517298691819478
PKIG	0.363704369286039	TRUE	-0.0818651037013544	0.68000262661663
FLRT1	0.510909571758744	FALSE	-0.0411342255342775	0.760163185168927
NECAP1	0.0332205272376372	FALSE	-0.001068957999468	0.295785280228938
FAM136A	0.0178578993675202	FALSE	-0.0084540003589945	0.227549281262741
PHYHIP	0.43165816187575	TRUE	-0.0402282353041347	0.718646768617044
MMP16	0.0921194828871216	FALSE	-0.0285953672580046	0.424330155147084
IRF8	0.000718004036662109	TRUE	-0.138365283479442	0.0642401997320561
AGPAT4	0.286526371741821	FALSE	-0.0593173871666255	0.631963145143068
SDHC	0.560342130804179	FALSE	0.127589172289375	0.787033249249175
ZBTB43	0.507432505093859	TRUE	-0.0489312060933549	0.757987578501742
KRI1	0.0593121658181268	FALSE	-0.026767685607416	0.360644597450668
MARCH2	0.323717691689684	TRUE	-0.131256283002367	0.655122675424904
MIER2	0.450092715938951	FALSE	-0.0403850974455247	0.727564209542128
ING3	0.144459400996711	TRUE	0.118942291335148	0.49894156195605
KCTD17	0.0421029190288419	FALSE	0.0124016935461765	0.318905085443079
PSME1	0.242585947218805	FALSE	0.0788643945893925	0.595892543965345
CDK10	0.0377453270426271	FALSE	-0.0379536173588685	0.309855638489702
MYL3	0.419776879619167	TRUE	0.0417618175851358	0.711700065490689
ELMO2	0.000131473153775616	FALSE	0.0596603383782864	0.0359079766534698
CHN2	0.192105408281567	FALSE	0.0266787920639748	0.548562570181104
TIMELESS	0.234209513559365	TRUE	-0.0497960926107508	0.58937010080995
PRPF3	0.41470648373326	FALSE	-0.118142346440845	0.707850358516276
RNF2	0.0516952586131977	TRUE	0.138178295507605	0.346642541345386
TUBGCP4	0.500008153460136	FALSE	0.0460946862252987	0.755442032256427
DGKG	0.0851270986882027	FALSE	-0.0312143153467338	0.414485517030395
RNF25	0.29782497575024	FALSE	0.0224411152665703	0.638140098267569
P2RY4	0.177844934514802	TRUE	-0.0566214852112598	0.534902841502212
WAPAL	0.556756089339341	TRUE	0.0693435015523399	0.785091240631215
USP18	0.296315043825622	TRUE	0.0857837044329546	0.637313407044525
CECR1	0.559185781771198	FALSE	0.0738146900002092	0.786285662140825
MASP1	0.105062045345973	FALSE	-0.0006380984181651	0.444998352921034
DCHS1	0.410801571471118	TRUE	-0.0330799074848347	0.706388751268942
AKT1	0.00417111443336457	FALSE	0.0821127149543498	0.126142333845694
UGT2B15	0.149544694011508	TRUE	0.0540076844882798	0.505719309595992
ETV3	0.325722513077752	FALSE	-0.028350000308806	0.657028064864165
VAMP2	0.563275770784594	TRUE	-0.0555807486321689	0.788900783933366
RBFOX1	0.422789934503536	FALSE	-0.0246821663208361	0.713154136875637
SRSF3	0.328022921845365	TRUE	0.160105072666969	0.658310072708777
MLLT1	0.334674797918096	FALSE	-0.0415843991533746	0.662649058250089
ITIH2	0.172562977815473	TRUE	-0.041759729292695	0.528971132021033
ADNP2	0.140980306803819	TRUE	0.0875396092977999	0.496376019684525
SLMO2	0.0585699599785018	TRUE	0.155992926036494	0.360644597450668
WARS2	0.0433474621267869	FALSE	0.0263738080452133	0.323890385401955
STAG2	0.459779534947152	TRUE	0.0970028375243145	0.733936990374867
CTBS	0.479777440256684	TRUE	0.133269398121907	0.746184707792778
GTF2F1	0.255339111560408	FALSE	-0.0153898186477966	0.606597566726057
PIK3CA	0.50729933455965	FALSE	0.0661914059782606	0.757987578501742
STT3A	0.234143007682857	FALSE	0.0774795640935216	0.589369104608352
GM2A	0.520218962082304	FALSE	0.111013682096286	0.765598446580381
ITSN1	0.285723070549206	FALSE	0.0382059264981853	0.631106658803079
UXT	0.32279253578269	FALSE	0.0702567983790539	0.654766469273688
SSR2	0.011340749418208	FALSE	0.0398181156698457	0.191219183520293
TMC7	0.409586288005007	TRUE	-0.111945630011317	0.706357250142779
DIAPH1	0.464181586819286	TRUE	-0.0701622129559664	0.736648707199984
NDUFAF3	0.437451999869396	FALSE	0.0512607269070118	0.720277786255983
FAM83E	0.0939144265495387	TRUE	-0.0750060641240088	0.427175167281097
YAF2	0.143572297554695	FALSE	0.0278780803649846	0.498153697054067
VTI1B	0.462389913271464	FALSE	0.0555945574576011	0.735246000082055
BST2	0.136522239448926	FALSE	0.00678917175610221	0.489136716266414
LIG1	0.111389377390293	FALSE	-0.0235915373196667	0.455189293357038
CDHR5	0.271945281485409	FALSE	-0.035820116917614	0.621190077913587
TPD52L2	0.165125671894743	FALSE	-0.00285450297279866	0.521355336952665
PCOLCE2	0.0269303045390452	FALSE	-0.00301684866529685	0.272645288543066
GPX1	0.543990914880464	FALSE	-0.0662647735464359	0.777453111145649
LEPR	0.413018248926227	FALSE	0.0703284705755108	0.707662245823443
MAST2	0.252734962155106	FALSE	-0.0049645860132412	0.605154360400605
IMPDH1	0.429016047720639	TRUE	-0.0509560593622567	0.716710957450616
GANAB	0.0525381495185368	FALSE	-0.04653122739058	0.347162049761473
SET	0.384151743600853	TRUE	0.0980168788050335	0.690754300775463
RSL24D1	0.402016525855989	TRUE	0.103241513467368	0.702047640323858
INS	0.260796729298058	TRUE	-0.0543102352395453	0.611491752173424
NXF1	0.0238137214767474	TRUE	-0.169590700952795	0.259529496957061
WLS	0.245457365453515	TRUE	0.125522622384435	0.598352651329515
NR6A1	0.0411592822143185	TRUE	-0.0717092284150777	0.318045567752296
DYNC1I2	0.493991405421926	TRUE	0.0864213004482826	0.751458082382508
CDH18	0.212252405719227	FALSE	0.0134094058926504	0.568966909799128
MED14	0.0284460423276391	FALSE	0.0458686837163525	0.279335958955939
SLC9A7	0.56977845686012	FALSE	-0.038419500177437	0.792824170692567
T	0.0784419324876501	FALSE	0.00695280748482705	0.400835093500435
STMN1	0.407337786181972	FALSE	-0.0505593066551401	0.705568617582322
ZNF93	0.0533279309091813	FALSE	0.0961097039547966	0.347786552196209
POLM	0.380891868069572	FALSE	-0.0292825152703688	0.689311317211796
GINS2	0.561478306822117	TRUE	-0.0432051067776884	0.788043386688449
HOXB9	0.567051881334242	TRUE	-0.0361999249839293	0.791360157839873
KBTBD11	0.554368904905539	TRUE	-0.042269767105867	0.783243017228659
UQCR10	0.0911929013808379	FALSE	0.0640435928596082	0.422990145322678
RHOD	0.217858105423567	TRUE	-0.0622956073615924	0.57209195400598
RPS6KB2	0.187626954600724	FALSE	-0.00383593654924705	0.543379396091809
UTP20	0.0572925880215895	FALSE	0.0168330916532277	0.357346528363767
SYNPO	0.347597501646315	TRUE	-0.0537987047818445	0.668942306715474
PLEKHA5	0.112083708092164	TRUE	0.0622687969463556	0.456531184689598
CCDC88C	0.130392038790378	FALSE	-0.0385912427526916	0.483159149449055
MAP4K4	0.0243363573550473	FALSE	0.0034059794572992	0.260822264696486
PRKAR2A	0.516385362327031	TRUE	0.0485671757699233	0.763618093270593
ACAN	0.0371902352663601	TRUE	-0.0616640738070031	0.30804384794374
AKAP12	0.37351408099055	TRUE	-0.0720064800373832	0.684406193409428
INSL5	0.0110407939938364	TRUE	0.0747751635543575	0.190237553018134
ONECUT1	0.0803396657685068	FALSE	-0.0176752647179104	0.404392762407975
TRPC4AP	0.492019324849801	FALSE	-0.0367918326392873	0.750673725036584
GPR25	0.511049928070268	TRUE	-0.0697519002895941	0.760272255889369
PARP4	0.254290329506482	FALSE	0.0435355331709174	0.605880424175519
STIP1	0.586912078251497	FALSE	0.0444359287985945	0.801903368513523
LATS1	0.436217430213573	TRUE	0.075588468624588	0.720085811790901
ACTR8	0.480786747097845	TRUE	0.0474045656801141	0.747209556653299
KRT34	0.541209039713025	FALSE	0.0309684792192577	0.776785484539442
FUCA1	0.119782036538583	FALSE	0.062311645395045	0.467715680498553
UBR4	0.0732738720653374	FALSE	-0.00961131803361325	0.392411769896611
TROVE2	0.465952325714665	FALSE	0.087743640238143	0.738100295762821
PTPLAD1	0.472041432964858	FALSE	-0.0718473755993668	0.741346904443965
RPS6KA3	0.281933188990067	TRUE	0.112450373023792	0.628615112092927
ELK4	0.511752785050765	TRUE	0.0557189982296196	0.760671870583832
MAP2K2	0.318694693265243	FALSE	-0.0127724416792972	0.651113356204431
PSMA5	0.354871753467073	TRUE	-0.058056040881123	0.673361122849467
ZNF277	0.0879068303267725	FALSE	0.0439125971121755	0.4184038099236
BCCIP	0.462971612997263	FALSE	0.0399523906227059	0.736067739733029
MED13L	0.588707287770782	FALSE	-0.0377332099198267	0.802665439616218
EDF1	0.574646752906148	FALSE	-0.0342145909306382	0.795983329001077
C17orf85	0.0880506812379691	FALSE	-0.0246089579806126	0.4184038099236
ZNF675	0.542176096140945	TRUE	0.165029856431321	0.777304206391088
RPL9	0.235596737461706	TRUE	-0.0730903315270871	0.590221129422679
TSNAXIP1	0.110923208817021	FALSE	0.001021057251692	0.454288225407822
FAM168A	0.15919837787589	FALSE	-0.000571309659508148	0.515904660398606
FBXL7	0.177207999576483	TRUE	-0.0577866316638791	0.533875855260361
PQLC3	0.107387362644486	FALSE	0.0327515501058573	0.448418118524473
UNC13B	0.452158406659841	TRUE	-0.0278517495992765	0.729306425763292
WT1-AS	0.000738410957816882	TRUE	-0.0899259561425634	0.0649057507805087
CS	0.487101045234846	FALSE	0.0497899388049418	0.749854849317994
ZFPL1	0.0153212095084824	FALSE	0.0310643406104615	0.21394974706488
MINK1	0.456758955365527	FALSE	-0.03467566953538	0.732455069281532
MZF1	0.524710194674328	FALSE	-0.0407419519465999	0.768064709453124
NDRG4	0.585266737391847	TRUE	-0.0434241523972334	0.801109532156888
REXO2	0.576100332268883	FALSE	-0.080704394635861	0.796534379337175
PLXNB1	0.072767456970088	TRUE	-0.0742557411414118	0.391314504116644
RAD21	0.160279299837606	TRUE	0.114030279905037	0.517043237797613
ZNF562	0.563804871726988	FALSE	0.0661822106769395	0.788916030030862
SGSM2	0.261786869224598	TRUE	-0.106458383069315	0.612054270807065
GRIN2A	0.0397844730589728	TRUE	-0.059414688797042	0.315649780659111
MRPL34	0.224387193639966	FALSE	0.0619505924873327	0.578337186286038
ADAT1	0.250467193076387	FALSE	0.0212535827985482	0.602854489979443
IL15	0.455514769024974	FALSE	-0.0323501382195555	0.731605643575058
CBFA2T2	0.526623045819902	TRUE	-0.0402260208248659	0.769222497505842
PAAF1	0.281074058798567	FALSE	0.0066897992971855	0.62849511984164
STAB1	0.432394188567969	FALSE	-0.100001610094147	0.718881847814073
MTUS2	0.117714671136196	TRUE	0.0447294686992099	0.465176008090599
NLRP1	0.281359433836753	FALSE	-0.0990950593813268	0.628615112092927
CPSF1	0.483590850873362	TRUE	-0.0877971349551362	0.749210919703619
NFAT5	0.428603593921378	FALSE	0.0376083399677822	0.716699034283219
N4BP3	0.0019324349656586	FALSE	0.0031159018525755	0.0956850658323269
MAPK3	0.271513375580083	TRUE	0.0707824464938829	0.620938244379509
MTMR9	0.00338818359149277	FALSE	-0.0218453119363356	0.116432424267267
SDHD	0.374484277430785	FALSE	0.151455870574185	0.684993905757004
ZMYM1	0.340819550546257	FALSE	0.0465075901760026	0.665982871695752
RNF10	0.517185844352687	TRUE	-0.0476754426198421	0.764100999922941
TFR2	0.342419576056579	TRUE	-0.0398322574671708	0.666355038740957
REEP4	0.387900714165279	TRUE	-0.0566872809013201	0.693247356760407
PTCH2	0.246198187255752	TRUE	-0.0506693041825988	0.598550867344119
DAP	0.239082804046756	FALSE	0.0288749829965713	0.592818699996976
IPPK	0.408178222646002	FALSE	-0.0226786204645117	0.705861349181487
KCNJ10	0.444432880789468	FALSE	0.0478372606552804	0.723847232874429
PGM5	0.220254656397282	TRUE	-0.075092500436913	0.573734791842128
PREP	0.385434160057261	FALSE	0.0405389701662422	0.691063060319362
PIH1D1	0.0293873594430897	TRUE	-0.0880145989614141	0.281676473985794
ACAD10	0.0212051398837251	FALSE	-0.0013989822345293	0.248393678865246
TMX1	0.020957806458536	FALSE	0.0375188368079055	0.246771098061619
TSFM	0.17430465492128	FALSE	0.0361112833730938	0.529383608172983
HGSNAT	0.446335355075827	TRUE	0.109257192607973	0.725295521279276
ANXA11	0.198712603105109	FALSE	-0.109032120332726	0.555366055277347
HMGCR	0.307296519938715	FALSE	0.0528176956765315	0.643439232326714
ERCC8	0.177922174238282	FALSE	0.0377919864588617	0.534993246801346
NR1H3	0.033946947505527	TRUE	-0.0646301562547338	0.298239834742115
CTSC	0.0355156755332819	FALSE	0.0449824906183361	0.302359429080728
ERLIN1	0.421083080435639	TRUE	0.138200863136453	0.712396942339429
ZNF271	0.0663095841877491	FALSE	0.0416404037770305	0.379131167760753
SMPD3	0.0583707953251053	TRUE	-0.0703426612724214	0.360644597450668
ZNF143	0.0896023188477127	TRUE	0.100317400681235	0.42079241165159
ICAM5	0.289342088551134	TRUE	-0.0560590425738789	0.632033998189821
COQ10B	0.193545331990033	TRUE	0.121099857445414	0.549640798372832
UBE2V2	0.0840261173550988	TRUE	0.106503014808545	0.412276999000201
CTAGE1	0.45630346010741	TRUE	0.0541559438282051	0.731963423892179
TRIP6	0.59013633597176	TRUE	-0.0402834889702328	0.803628853689173
GPRC5B	0.475344085228548	TRUE	-0.0395162808701674	0.743542051975631
SIM1	0.0130185029207933	TRUE	-0.0542130585028415	0.199482168403885
OBSL1	0.124412496492435	FALSE	-0.0191713529247504	0.476060529651821
C20orf24	0.534390425950957	FALSE	0.0380385524648492	0.774122613268066
ZNF335	0.555707880088521	FALSE	-0.0639057856670276	0.784234696680385
SPOP	0.000310898755779068	FALSE	-0.0549107650772669	0.0454972172962296
ATG3	0.0453299360261308	TRUE	0.0910475974531596	0.330756849807141
COQ4	0.164618075332374	TRUE	-0.0666900731135965	0.520703768558187
STRN	0.3942293172505	TRUE	0.0678942917976518	0.696716503153542
LY6H	0.400391667047753	TRUE	-0.0581884357359708	0.700948141524543
DCAF10	0.0873892250154838	FALSE	0.039479709245632	0.418356551032022
IRS2	0.503923905458817	TRUE	-0.0642142836353523	0.757221463556524
SOX18	0.322350119434475	FALSE	-0.041960785281458	0.654571634002062
GTF2H3	0.386510695615419	TRUE	0.103480516460987	0.691725973910665
BACE2	0.464850292354019	FALSE	-0.0424491534802609	0.737194051049262
MRPS22	0.0166737225201021	FALSE	-0.0193889440633801	0.22156584107458
TMF1	0.229019320762665	FALSE	0.0130279598379003	0.583957993076629
MAN2A2	0.0743359815088535	TRUE	-0.13840438764402	0.393923455816058
KRT84	0.410244517734066	TRUE	-0.0368014570242722	0.706388751268942
GGCX	0.249399446725747	FALSE	-0.0130705671415887	0.602201943446177
SIGLEC7	0.0918623331514407	FALSE	0.0204322023134208	0.424330155147084
PPAN	0.130421911649576	TRUE	-0.0834477253500112	0.483159149449055
PCBP1	0.48780087556537	TRUE	0.0840644279571386	0.749854849317994
TGFBR2	0.210311970495117	TRUE	0.0934139168334129	0.56738060953722
LRRC49	0.00675459867054873	TRUE	0.0573463910443998	0.155355769422621
DIRAS2	0.361033702079732	TRUE	-0.0420216916249494	0.678059000628147
TRAF3IP1	0.0854669406496594	TRUE	0.0585238190050034	0.414931437736174
PDE4A	0.571964860191115	FALSE	-0.0389800840090975	0.794262142203355
BCS1L	0.00444176818969987	FALSE	-0.0227792818207069	0.130846457436584
NDUFS6	0.0396693528454244	TRUE	-0.131649510836373	0.315649780659111
SPAG4	0.227147360065736	TRUE	-0.056608393596869	0.581404947129882
IRF1	0.329533130540939	TRUE	-0.0983976650405232	0.65990492883544
TRIM16	0.293096676021634	TRUE	0.0521478463921654	0.634600692449225
CCDC28B	0.310546261529972	TRUE	-0.0449557430328098	0.645636629808139
ZNF471	0.00519474587004952	TRUE	-0.0618951117494842	0.139581098152824
IL17RA	6.84535825454872e-05	FALSE	0.0830724064939198	0.0306838931770202
SACM1L	0.550638734716613	FALSE	0.0498629867242099	0.782052305694517
DICER1	0.461071194782115	TRUE	0.0761165027397073	0.734351869767271
GTF3C1	0.553119625762956	TRUE	-0.0289759064127795	0.783046745044718
TEAD4	0.369780016339995	TRUE	-0.0483383368989383	0.682647558715216
MAPKAPK3	0.389786219591188	TRUE	-0.0796232307787834	0.69396648904483
CHST11	0.475611977857977	FALSE	-0.0577800018745182	0.743542051975631
DNAJC17	0.1775437343821	FALSE	-0.00416293162378745	0.534305071032724
RHOT1	0.58070551801043	TRUE	0.105778877447309	0.798039009661891
COG4	0.0268100455456183	FALSE	-0.0073729557346098	0.271670336409085
ZNF493	0.487635401029011	TRUE	0.0588232255643109	0.749854849317994
LGALS4	0.105840589563108	FALSE	-0.0237152672506693	0.445812200986659
TUBB	0.291269106942393	TRUE	0.140923516037376	0.634252605316474
GRB14	0.456253879346971	FALSE	-0.0632555000158146	0.731963423892179
A4GNT	0.247015152754075	FALSE	0.0247695338691582	0.599989859026844
GK	0.537153414984573	FALSE	0.0811915859940295	0.775518196793079
C1QTNF1	0.0286465572635562	TRUE	-0.0922137629983862	0.279888710089864
PDCD6IP	0.0274315416460526	FALSE	0.0297827963420191	0.273782581144005
GRPR	0.165877431464392	FALSE	0.0171812738031845	0.52198983801595
COPA	0.437814683476409	FALSE	0.0146952249603646	0.720356820966022
PPP2R3C	0.338099625256955	FALSE	0.0700000023481036	0.664835544444941
TDRD1	0.0989479771578679	TRUE	-0.0386763582609748	0.434872524415916
ATAD3A	0.383631916339616	TRUE	-0.09761477073146	0.690754300775463
MARCH1	0.520870964686419	FALSE	0.0514465382776762	0.765895637774196
SRPK3	0.206362637942433	FALSE	-0.0087821944937718	0.563978296367619
CCL24	0.05056967093909	FALSE	0.0012647450957277	0.342948264819582
ANKRD6	0.198277483059529	FALSE	-0.0111354153648389	0.554717093612632
ATF4	0.328858441693248	TRUE	-0.0955365620064945	0.659286752185243
RBCK1	0.388839746543508	TRUE	-0.0457854503099382	0.69335014501144
TET3	0.0768714330675017	TRUE	-0.0752891065128471	0.39702557903969
FAM127A	0.435203290695381	FALSE	0.136792492850538	0.719714220538262
TRA2A	0.218967555177843	FALSE	-0.0273667950508074	0.572618336753129
PSME3	0.14350866350132	TRUE	0.14575505077757	0.498085661632712
C14orf169	0.437467851526307	FALSE	0.0231016141221448	0.720277786255983
CCDC109B	0.0190870678283613	TRUE	0.179522722608335	0.235248110984553
RASSF4	0.524901419818028	TRUE	-0.107153642314985	0.768064709453124
ENOPH1	0.155841596744715	TRUE	-0.0832506590029722	0.512945434624202
PARP2	0.116555051048766	FALSE	0.004145453546883	0.464703841013346
ZNF200	0.168778725063328	TRUE	-0.0660905308060644	0.526304167374275
ZCCHC24	0.313014420618415	TRUE	-0.0626471077060539	0.646735264704011
LDHB	0.113043028792622	FALSE	0.0776880081464924	0.459095595802127
CLDN16	0.388552515435064	TRUE	-0.0447637638476448	0.69335014501144
FAM76A	0.516602962982113	FALSE	-0.0309649585964022	0.763729183923262
PACS2	0.436921386190399	FALSE	-0.0441940676082838	0.720277786255983
HERC1	0.172046291673491	FALSE	-0.0329952623513112	0.528824315881191
CUL4A	0.0999280702219097	FALSE	0.00804671674647725	0.436473184994697
TBX6	0.567619986161396	FALSE	-0.0298323044112063	0.791750389878272
PTX3	0.00281323237373019	FALSE	-0.00816859852862051	0.113095185309455
RAB5C	0.169336758607739	FALSE	0.0250819023725201	0.52663453259823
ARIH1	0.346264200090035	TRUE	0.0537119787534764	0.668054794086202
KIAA0100	0.0109474318418348	FALSE	-0.00222668982026101	0.189515923136741
KCNJ14	0.270454570494907	TRUE	-0.0713514985758607	0.619837490584263
GMPS	0.437134550297509	FALSE	0.0505001453454072	0.720277786255983
CLIC1	0.385050672007025	TRUE	-0.048670810157982	0.691063060319362
ZNF174	0.0695766970366391	FALSE	0.0152560659444947	0.386392388296044
KRT18	0.490406718355694	TRUE	-0.0887557228362348	0.750160457110732
PEMT	0.291081789723981	FALSE	0.0780373511749626	0.634065682794762
ACO2	0.273710179285586	FALSE	0.0199717442834428	0.623964560297399
PNKP	0.290095876842008	FALSE	-0.0446855985879057	0.633185206450727
ZCCHC8	0.359057233543056	FALSE	0.0402071323530329	0.676416343436569
LAMA5	0.530521618602681	TRUE	-0.0509669015429739	0.771538081857927
ACO1	0.517936351125119	TRUE	0.0640192799925429	0.764100999922941
TSG101	0.0253280734988733	FALSE	0.0503363428649273	0.263481674682316
CDC37	0.491960585655843	TRUE	-0.0808408713691399	0.750673725036584
GABRA3	0.243183231220889	FALSE	-0.0122410101788399	0.59659339221412
AZIN1	0.177690509868036	FALSE	0.0490115137060458	0.534580178135753
CSNK1G3	0.485494243443198	TRUE	0.0938618345880413	0.749507651769684
PPP6C	0.514315759346033	FALSE	0.0781308326223139	0.762330247741787
R3HDM1	0.289368902106659	FALSE	0.0471759206528475	0.632033998189821
KCNK7	0.388844655405881	TRUE	-0.0595374418918779	0.69335014501144
CHRNA3	0.553086100122159	FALSE	-0.0333082994292213	0.783046745044718
PROL1	0.10041625027853	FALSE	0.0162658360993215	0.437083106564651
NMT1	0.372818180307077	TRUE	0.0701897041712121	0.683821634827232
ALG13	0.341751017792489	FALSE	0.0888403595399614	0.666303315229786
ANXA2	0.429293625591215	FALSE	-0.0399058303961465	0.716710957450616
FBP2	0.0260850867603977	FALSE	0.00740829690842925	0.267303578342399
SERPING1	0.600949356385195	TRUE	0.114777858187772	0.80822734575397
HDC	0.0911399088389551	TRUE	-0.192244608333125	0.422990145322678
PCYOX1	0.277325915781848	TRUE	0.107347691612322	0.625846273351116
WDR91	0.573638965957637	FALSE	-0.0505701155393564	0.795170199876974
OAS3	0.324667488503349	TRUE	0.121631415836239	0.655871129901919
LPCAT4	0.505164388503587	FALSE	-0.0292213459935952	0.757579553133471
DCTN4	0.538093660954403	TRUE	0.0444558060468263	0.775631664117715
CCL23	0.321106123127756	FALSE	0.0316558950930333	0.653567102880205
PSMD10	0.512663226756781	TRUE	0.126851931819616	0.761225712050801
JPH3	0.371416846074247	FALSE	-0.028602324750115	0.68285512382125
C12orf5	0.490526166351738	TRUE	0.124490341793574	0.750160457110732
CBLN1	0.161867317032902	TRUE	-0.0613753550513128	0.518039375624069
PCMTD2	0.272470157718936	FALSE	0.0128646631435343	0.622013110202339
TOLLIP	0.0948223231419112	FALSE	0.0068134991751494	0.428492405211399
AGPAT5	0.601487910806293	FALSE	0.0598807300740446	0.808568040383232
TNNT1	0.408461991242211	FALSE	-0.0248334907702557	0.705929367764792
UGGT1	0.577611643111672	TRUE	0.0460520768212493	0.79720088137536
INSR	0.229188690209638	FALSE	-0.00219551990805035	0.583957993076629
ARPP21	0.335413195380443	TRUE	0.0264842295487506	0.66289256747565
HTR1E	0.0238341332577456	FALSE	0.0114585550401642	0.259529496957061
ZNF331	0.224199346729326	TRUE	-0.0756699172976201	0.578337186286038
TNPO2	0.46440365693712	FALSE	-0.049856602258152	0.736897994123986
TP53	0.0261248013853909	TRUE	0.189429202965397	0.267303578342399
CADPS	0.396285830722251	TRUE	-0.0270091204194163	0.697764503944764
HPRT1	0.497575004125472	FALSE	0.0919461620506966	0.754640259044632
GLUD1	0.600253094681696	TRUE	0.103615010269209	0.80822734575397
SERGEF	0.461963913917312	FALSE	-0.0234009596320486	0.735057540643879
DEPDC5	0.0528051747211494	FALSE	-0.0107120684101334	0.34771072947916
DIS3	0.000768610469752014	FALSE	0.0264343980745369	0.0650599446857973
MTMR3	0.605283340268012	TRUE	-0.0456325790274246	0.810484359620438
PNMAL1	0.49288115503408	TRUE	0.035204438958448	0.750965729597102
SSR1	0.362656721711769	TRUE	0.140192709612617	0.679359750122213
CLIP3	0.258661888507746	TRUE	-0.0682439336123984	0.608758615214342
F5	0.0378289194013925	TRUE	0.200639440674275	0.309855638489702
GCM1	0.0684664104346898	TRUE	-0.0458719777582606	0.383946898080587
STMN4	0.000283320800703346	TRUE	-0.08847688129321	0.0444908911806014
GTF3C4	0.578354505998997	TRUE	0.0343168931898665	0.797514501218853
RNASE6	0.0535320535035064	FALSE	0.0856195128931222	0.347786552196209
XYLT1	0.252806990273086	TRUE	-0.0972366875694314	0.605154360400605
OR2J3	0.165007320747306	TRUE	-0.0752557560614745	0.521174933134737
CDKN2AIP	0.122586093482326	TRUE	0.11582184289176	0.473273310860092
C14orf159	0.0498979054990377	TRUE	-0.109488821375772	0.341525057115855
PDGFRL	0.0113830980576945	TRUE	0.0770466940713792	0.191219183520293
ZNF75D	0.394811959535507	FALSE	0.0348008447758019	0.697425270162505
OSBPL8	0.00016109782214683	TRUE	0.338398600532875	0.0362776285337425
TUSC3	0.56316037454049	TRUE	-0.0318280013741603	0.788900783933366
ZNF512B	0.59939475845522	FALSE	-0.0381256308537598	0.807981822292757
ARMC8	0.0892959026768598	FALSE	0.0157614236611774	0.42079241165159
ZNF232	0.177190932755097	FALSE	0.0203885593704243	0.533875855260361
MAS1	0.464474598528444	FALSE	0.0341291899898701	0.736907439864843
LSP1	0.407386695415069	FALSE	-0.00111664483763095	0.705568617582322
NAA40	0.472433494614637	TRUE	-0.0485697326617624	0.741391237227485
ICAM4	0.251289748802697	TRUE	-0.0841200523913299	0.603271251468065
TOX4	0.173597826466599	TRUE	0.0787558580048495	0.528971132021033
ABCB6	0.406355967076208	FALSE	-0.013627277493192	0.705010188796462
SNRPD2	0.0877482626277797	TRUE	-0.0931717405925872	0.4184038099236
WSB2	0.0214132475032877	TRUE	0.135053131783966	0.249382880845299
HIST1H2BD	0.152008452333208	FALSE	0.050318878795923	0.50814382105137
TUT1	0.123747762429189	FALSE	0.0338917086073218	0.475169616723528
LILRA4	0.135227042506659	TRUE	-0.132835232145789	0.488901796146324
PRKD2	0.188802898460597	FALSE	-0.0161038615814791	0.545019364980833
HIF1AN	0.0374499220842689	FALSE	-0.0135957329185659	0.309057253648854
CUL4B	0.574863891979447	TRUE	0.0631097488057691	0.796089603218729
POMT1	0.0113695238463685	TRUE	-0.0883563161718806	0.191219183520293
EVX1	0.34010603330568	FALSE	-0.022567454664208	0.665879704885357
VENTX	0.0171860801573664	TRUE	-0.131107361421655	0.225247646188818
KLHL22	0.00892841639213796	TRUE	-0.0689787223743106	0.174550540466297
VPS33B	0.55649100275864	FALSE	-0.0252537387951328	0.784929901763928
GPR37	0.37865439927734	FALSE	0.0220579564961652	0.687546826854266
GRIK1	0.557602695529686	TRUE	0.0251732178515836	0.785813691848261
GLB1L2	0.0139370049359395	TRUE	-0.0819966001133339	0.206307701003418
ADAM18	0.4160715933442	TRUE	0.0316151187962812	0.708336613551641
NRSN2	0.349426554487661	FALSE	-0.0175223039564734	0.670966479902986
WNK1	0.0288552172147521	TRUE	0.0965875896523503	0.280367873177441
TMEM70	0.194433310729113	FALSE	-0.01227026957321	0.550858199932716
HIST1H4F	0.610225776342801	TRUE	-0.0434727632775536	0.812511751755639
AMMECR1	0.0414348714293147	TRUE	-0.101955570881878	0.318657086350813
ITGB1BP2	0.331839265512416	TRUE	-0.0491514133111428	0.661519942272377
PRMT8	0.322596607240021	TRUE	0.0340750740321538	0.654670820227981
METTL9	0.432971836909946	FALSE	0.0678232457773101	0.718914578814157
ERN2	0.589324273259825	TRUE	-0.0348905149213938	0.803070296177521
IFNA17	0.358586811957092	TRUE	-0.142206853352468	0.67597936172593
SNRNP70	0.608163530259338	TRUE	-0.15981119103814	0.811248051733794
N4BP1	0.588880361896481	TRUE	0.0727525917619821	0.802683845597778
ABI1	0.578044642625523	FALSE	0.0679942560164008	0.797281134014208
MARS	0.00987295244067414	TRUE	-0.128344720216534	0.181036438088697
FKBP4	0.0267554865945134	TRUE	0.101840632961211	0.271587053217801
NOTCH3	0.534248087541242	FALSE	-0.0313163059333923	0.774122613268066
LY86	0.498129834962922	TRUE	0.155477948942368	0.754807791424133
SUPT16H	0.183078702036656	TRUE	0.0836276899404841	0.539956375677144
PRSS8	0.2928568947662	FALSE	-0.0272805236847873	0.634448668275496
RNF6	0.426394909996201	FALSE	-0.00746931894264505	0.715632264316227
ESPN	0.0552971797860327	FALSE	-0.0186564659525831	0.351465651117615
HIPK2	0.19798342670391	TRUE	0.0535650063258881	0.55456308624602
IL24	0.523115759117891	TRUE	0.0328139830991723	0.767051544373175
TPSG1	0.386638429951948	TRUE	-0.0503077405597683	0.691725973910665
SGTA	0.0659958737508365	FALSE	0.00904916818179965	0.378393616825819
KIAA0196	0.475738388489567	TRUE	0.0970941298183348	0.743542051975631
PLEKHH3	0.0445222929429081	TRUE	-0.0716582994006956	0.328266399704251
NUCB2	0.268610231491466	TRUE	0.140005457931524	0.618987021170051
FAM114A2	0.280730749710849	TRUE	0.0750757123610601	0.62819175102519
GATA6	0.477955457937514	FALSE	-0.0566242918165976	0.744814874018775
KIF13B	0.0257388226228822	FALSE	0.003428462867221	0.265320463382602
CACNA1D	0.0274962505760276	FALSE	0.0150870783219764	0.273782581144005
DUSP8	0.446091789324033	TRUE	-0.0617192667298731	0.725252667699441
SUPT5H	0.210924427776436	FALSE	-0.0046729551729747	0.567878457226801
HDHD1	0.577981597499061	TRUE	0.0827616548193168	0.797281134014208
B3GALT5	0.0932213964509791	TRUE	-0.0445897618332207	0.42656877092722
TMEM100	0.598552883107162	FALSE	-0.0280326653866689	0.80797513589906
TAB1	0.163403686059718	FALSE	7.44593781205997e-05	0.520605337519288
FNTA	0.241576814128929	TRUE	0.181827231990469	0.595572936481889
SUN1	0.540345237928534	FALSE	-0.0658710809192049	0.776352591595495
ZMYM3	0.475987371581711	TRUE	0.0414169048424355	0.743726168715037
PRPH	0.29226297405226	FALSE	-0.0302388555518863	0.634252605316474
GOLM1	0.374818869078275	FALSE	0.0356181252651267	0.685319606153379
NOL3	0.386087113576877	FALSE	-0.0484878930035158	0.691419552627705
ANAPC13	0.0142967367674843	TRUE	0.819766016031861	0.207834228469878
ZNF692	0.250761728653204	TRUE	-0.105613831036458	0.602934590008229
BCAS4	0.127621338886232	FALSE	-0.0267199859644785	0.478379623679665
PBLD	0.264792476739532	FALSE	0.0614713281469867	0.615641151066139
MSX1	0.542373375251389	TRUE	-0.0674972771438839	0.777304206391088
GLTSCR1	0.520169983819372	TRUE	-0.0430844131933017	0.765598446580381
SOX9	0.0123890291913587	FALSE	-0.0147975178071493	0.195832055314561
FCRL2	0.568319847194045	FALSE	-0.0661104986712208	0.792057368157974
ARHGEF40	0.326139981127085	TRUE	-0.0911055808135926	0.657300905470371
P2RX6	0.0241161065843229	TRUE	-0.0791788778876592	0.260679249341885
ATP6AP1	0.118915776751137	TRUE	0.121150874473675	0.467052932024664
ZNF41	0.373251469535271	FALSE	0.0220601626023682	0.684318106516783
MAP2K7	0.314536462563478	TRUE	-0.0673267121801047	0.647690746991241
RFWD3	0.250605113562149	FALSE	0.0565108401714183	0.602934590008229
EZR	0.0655934316606589	FALSE	0.0354660079047406	0.378270276031726
CXCR4	0.270684711159934	FALSE	0.0550666980950305	0.619837490584263
NUP210	0.101876903556088	TRUE	-0.0758327841481101	0.439232779248092
TOR1AIP1	0.237651295741412	FALSE	0.0394262427775168	0.590872026874655
HMG20A	0.12826464130482	TRUE	0.0627346848422481	0.479049001236943
GAB2	0.0125036754521901	FALSE	-0.0147306316377379	0.196845262989062
MPP5	0.199218478986658	TRUE	0.0653350367923289	0.556059834810056
RPL35	0.205787755867998	FALSE	-0.111825649650926	0.563731054186928
RNASEL	0.351047112471212	TRUE	0.0822199621975329	0.671591565431259
NLRX1	0.566854694829228	TRUE	-0.0328709672724416	0.791182346709579
CROCCP2	0.0110562260727533	TRUE	-0.201024202105733	0.190237553018134
LIMS2	0.068376823823219	FALSE	0.004897334077242	0.383910752305847
PKMYT1	0.306767556783651	FALSE	-0.0414698680174491	0.643439232326714
HPCAL1	0.284509013708649	FALSE	-0.0111892889271034	0.630456850975645
ADCK2	0.49782331806312	FALSE	-0.0214903664788859	0.754755796699788
ZNF273	0.603945145551076	FALSE	0.0797922863256254	0.809855014830138
RAD9A	0.519210767254404	FALSE	-0.0424143199322482	0.76490053722596
SSH3	0.449101776333313	FALSE	-0.0273721505429671	0.727054639744368
PRR3	0.600404928821139	FALSE	0.0377634068920889	0.80822734575397
SEC24C	0.339517151609903	FALSE	-0.0056372861858813	0.665822376704374
ECH1	0.0127176136975181	FALSE	0.037455995927936	0.19795421823845
ZKSCAN1	0.392623863260765	FALSE	0.0144607362756668	0.695272788275951
PAM	0.377601762735612	FALSE	0.0278665175537349	0.686695848989435
C1orf95	0.491181114010785	FALSE	-0.0276789745495765	0.750404561003543
AGAP1	0.595696499894224	FALSE	-0.0452903184561912	0.805981546323268
GABPA	0.0669519244954774	FALSE	0.087807837715039	0.380692155939657
SLFN12	0.443678890966817	TRUE	0.0893508461771909	0.723450524111697
MAN1B1	0.0533696667602859	FALSE	0.00923171052942705	0.347786552196209
TMEM106B	0.103985604358639	TRUE	0.189322473213727	0.443800242896057
AGER	0.0346844723870584	FALSE	-0.0551937360170226	0.299650606823466
ARHGEF15	0.512256699231861	TRUE	-0.0399402667024505	0.760869624389582
AKT3	0.0714744971535817	TRUE	0.154635748731667	0.389150068959542
DERL1	0.275769253905081	FALSE	0.0904135816048915	0.62564215516627
KCNQ1	0.592409325970507	FALSE	-0.0418868387169651	0.804245369425885
TRIM27	0.305920257867823	FALSE	0.0323064590369063	0.643439232326714
YWHAB	0.350646376047712	FALSE	-0.0145571314035185	0.671444428188378
TLE6	0.51399316618573	FALSE	-0.0236144273349006	0.762164187724628
TXNRD1	0.512727335495648	FALSE	0.0374634570628105	0.761225712050801
UPF1	0.43794106388348	TRUE	-0.0369359598994623	0.720356820966022
XRCC4	0.230113845282814	FALSE	0.0343393477782081	0.584763762521969
BSG	0.0219023458115347	FALSE	0.0912223813090034	0.251899492510119
DBR1	0.582905374408432	TRUE	0.0618358943253269	0.799802037804599
DRD4	0.254792409226915	TRUE	-0.0747843160737985	0.606267587336604
OXT	0.353860193312082	FALSE	-0.0518006712331546	0.672999116398137
C11orf21	0.0610566769268681	TRUE	-0.128001109488421	0.366695618978048
BCOR	0.00318492006076055	TRUE	0.084659733972813	0.114647011330044
STX12	0.277031443391736	FALSE	0.0642697018006348	0.625846273351116
FBXL5	0.244731672182569	TRUE	0.137237955296996	0.597776839829552
GFRA3	0.409934846546064	FALSE	0.0428178233180481	0.706388751268942
SEC24B	0.352773383570451	FALSE	0.0387994633032741	0.672511330918855
FAM49B	0.452736095902876	TRUE	0.0801993429838822	0.729933478019293
CES3	0.474309970613007	FALSE	-0.0215754865616935	0.742640259152291
C18orf32	0.0235161299351943	FALSE	0.0618698033545933	0.258495879069919
DLX4	0.0203046719110425	FALSE	-0.00630634870654444	0.242302356577516
BZW1	0.344185460602542	FALSE	0.0896633621787021	0.667057181062751
STXBP3	0.315275700798164	TRUE	0.110493030794568	0.647690746991241
SMC2	0.322241744913656	TRUE	0.0887415496429697	0.654506853332753
F2R	0.205353191297847	TRUE	0.145034177903992	0.562983519372893
PIR	0.111562782418678	FALSE	-0.014567665410913	0.455531289105292
TCF3	0.449749620242925	TRUE	-0.0522164624435533	0.727564209542128
ESF1	0.211039839567588	FALSE	0.0133912178579138	0.567878457226801
RIBC2	0.376204398165753	FALSE	-0.0247741358823492	0.686261838654249
PPIA	0.617124503877712	FALSE	0.0439151946734948	0.816424541998527
CACNA1I	0.286644547719308	FALSE	-0.015499094110965	0.631977936338563
LIG4	0.116778522598375	TRUE	0.0868425124239134	0.465028747092062
MSTN	0.205874441783938	FALSE	-0.0276669112934034	0.563731054186928
CHD3	0.599047457993202	TRUE	-0.0992287115816204	0.807981822292757
OXTR	0.26995236309731	TRUE	0.0510565235970102	0.619837490584263
YIPF5	0.0125309509630635	FALSE	0.0099785465880645	0.196845262989062
ATP5I	0.414500453796354	TRUE	-0.115405408548559	0.707850358516276
CERK	0.180165948739666	TRUE	-0.0974955780103811	0.537587636872547
ANXA5	0.457478284659488	TRUE	0.110326120126509	0.732735712173796
CAPN9	0.297028455541784	FALSE	0.00641313233296085	0.637851816852321
LILRP2	0.558176263197161	FALSE	-0.0285959374453131	0.786067192184088
SRSF5	0.35784542761508	TRUE	-0.127890611188512	0.675838891903803
NUP133	0.306446012168298	FALSE	0.0173484133857071	0.643439232326714
NPTX1	0.0393333073843307	TRUE	-0.0630421143383239	0.314883337108893
USP4	0.0468683278229722	TRUE	-0.0907220550991656	0.334028893265042
UBE2D2	0.0170595494012137	FALSE	-0.0081680370459783	0.224146269594857
ZSWIM1	0.569632662038138	TRUE	0.107638800366896	0.792824170692567
GPR125	0.106252561221564	TRUE	-0.0629279093758291	0.446883453891439
FGF4	0.522545033360879	FALSE	-0.0529301763144038	0.766710420972957
PAPD7	7.63565478098221e-05	TRUE	-0.155791501778548	0.0306838931770202
ANKS1B	0.0646284066570242	FALSE	-0.00363645172931725	0.375346170185337
NLRP2	0.620026550344576	FALSE	0.0678414792561656	0.81778307018229
ATP6AP2	0.134085031272166	TRUE	0.136733108010265	0.487984185041447
SEC61G	0.184769036749772	FALSE	-0.031962581990161	0.541435693312433
CDK16	0.233533447831552	FALSE	-0.0186738728975708	0.588437039183015
PSMB8	0.563426971088477	TRUE	0.0458551059879886	0.788900783933366
UBE2D4	0.533266718353075	TRUE	0.0599527061261999	0.773491911606011
SLC2A3	0.0852862638016814	FALSE	-0.0109841742238815	0.414485517030395
CDV3	0.162458875843786	TRUE	0.115191829383605	0.519053590643192
DCAF7	0.295872772582121	TRUE	0.104921898430732	0.637224855479407
STIL	0.276292436210466	FALSE	0.0584527139659169	0.625800989657934
AGR2	0.59370408411946	FALSE	-0.0305124353896042	0.805407414645873
CRISPLD2	0.593781351992816	FALSE	0.0788278370864334	0.805407414645873
BMP2	0.574610810774121	TRUE	-0.0498466834521798	0.795983329001077
CASD1	0.331829237258157	TRUE	0.0920232622329724	0.661519942272377
SCRIB	0.492274749871741	TRUE	-0.060763286847429	0.750861365186396
RET	0.472277510416119	TRUE	-0.027401983863037	0.741391237227485
CETN2	0.548772294380544	FALSE	0.0727516716904179	0.781037912135181
LGSN	0.497274658998824	TRUE	-0.0418153959657	0.754428332671617
MRPL42	0.171288658706902	FALSE	0.0552885154079536	0.528107376503001
DARS2	0.00336786155285903	FALSE	-0.0033241197708109	0.116432424267267
HINFP	0.290994017935494	FALSE	0.0089680845853648	0.634055261162462
TBPL1	0.283599791732702	FALSE	0.0358846285712558	0.629549341906246
MMP26	0.250154350941572	TRUE	-0.0484542531230536	0.602698937433418
PTCRA	0.616987839502333	FALSE	-0.0608356513465448	0.816338986244685
ZC3H15	0.094963911451477	FALSE	0.00187141242097499	0.428492405211399
PTPN21	0.410364331990923	FALSE	0.0389325606304807	0.706388751268942
MREG	0.49682372861963	TRUE	-0.0373211365486226	0.754248796200025
RANGRF	0.576549334098703	TRUE	-0.0291184966777003	0.796672300675748
PPP3CA	0.0169358130792245	TRUE	0.109957312977665	0.223556675791998
RPL36	0.442281742510587	FALSE	-0.0508004781120153	0.722607590360526
PPP2CA	0.00306583198964989	TRUE	0.180898566806823	0.114647011330044
SPSB3	0.156248806437969	TRUE	-0.0885465068075881	0.513155275548692
ARFIP1	0.136312255544725	TRUE	0.128075605488453	0.489136716266414
KIF25	0.579336456152623	FALSE	0.0214297901162119	0.797839490184047
PRPS2	0.532452332165626	TRUE	0.036977120713888	0.773044429503974
FANCI	0.439245795088906	FALSE	-0.0259053231722781	0.721095710223412
HYAL1	0.0793583572651157	TRUE	-0.0602288257664454	0.402254990178429
FPGT	0.591827214176293	TRUE	0.0814729916101457	0.804245369425885
ARRB1	0.340528465312841	FALSE	-0.0258654581263915	0.665962792028683
SEC31A	0.0390501379843362	FALSE	-0.012798625524254	0.314280060724649
EGR4	0.107983484493833	TRUE	-0.0830099427998445	0.449330176394707
LIMS1	0.436003277372507	TRUE	0.140224570266201	0.720046775724855
CELA2A	0.534563859288046	FALSE	-0.0403590480869927	0.77416394264349
ERICH1	0.00208478525577447	TRUE	-0.155903666110322	0.0980887137561273
SRRM2	0.359561447604825	FALSE	-0.0502509408507292	0.67668826837192
UQCRB	0.228255501195785	FALSE	0.0836071175799186	0.582925479292568
C14orf2	0.281578721303211	FALSE	0.048466898455677	0.628615112092927
SNRPA	0.514240339913442	FALSE	0.0208575418572155	0.762330247741787
GPR52	0.0111360020009497	TRUE	-0.139902927769556	0.190469082960513
TNNC1	0.0247455909620223	TRUE	0.0622638883937969	0.262222209906497
LY6D	0.248644483972939	FALSE	-0.0318049212405814	0.601147079694916
ARHGAP5	0.0881005794732425	TRUE	0.0955958163775395	0.4184038099236
PDE6B	0.544778024071431	FALSE	-0.0178306013057043	0.778185690973287
SLC9A2	0.629315473801961	FALSE	-0.0194080841709541	0.823252164876148
DUS1L	0.411803561050714	FALSE	-0.0339338374183406	0.707043069930508
ZNF180	0.442976000115445	FALSE	0.0497976146310187	0.722928161385871
FAAH	0.577021947538923	FALSE	-0.0475148312546282	0.79705763599311
EVI2B	0.619422619826351	TRUE	0.0825605427691096	0.817271711218408
HSD17B12	0.107527018631982	FALSE	0.0871897101878415	0.448418118524473
STUB1	0.505391503186767	FALSE	-0.0308413858682037	0.757619547148962
RNLS	0.0421306833048534	TRUE	0.0600355492774782	0.318905085443079
SAC3D1	0.0181327109843487	FALSE	-0.0096171640161765	0.228755958512318
TMEM183A	0.591354174877376	FALSE	-0.0995213924993096	0.803904446814998
HMGN3	0.575129705387291	FALSE	-0.0615685855139577	0.796360450529551
CYP2U1	0.157989329948538	TRUE	0.0479942983100487	0.515147093182848
THBS3	0.616461379087191	TRUE	-0.0551205335285736	0.815928046862338
TACC1	0.47668531686311	TRUE	-0.0526955448809816	0.743966516862915
SREK1	0.320954387128641	TRUE	-0.125101906021564	0.65349287047076
EFHC1	0.0659195446073657	TRUE	-0.103851703112942	0.378270276031726
IGSF6	0.471353146206476	FALSE	0.115300065961572	0.740875148992963
GCLC	0.17971308665441	TRUE	0.0908619334725811	0.537587636872547
NXT2	0.0708664008564262	FALSE	0.038231619381407	0.388002954761476
KIAA1109	0.236779363723744	FALSE	-0.0639771047157048	0.590464307293497
LIFR	0.582240045969835	TRUE	0.0232324019077183	0.799276014679414
LMAN2	0.13332870287465	FALSE	0.0330482455281221	0.487071003471283
SLITRK5	0.0499381378162173	TRUE	-0.0690739014084674	0.341525057115855
DEK	0.216495899950307	FALSE	0.0220766053115823	0.571802378496795
RBMXL2	0.00297547859735019	TRUE	-0.0920656859644314	0.113599164361461
HSF2BP	0.128054066866246	TRUE	-0.0506494783643299	0.479049001236943
AAAS	0.369141558783962	TRUE	0.0572177569289476	0.682297626424401
ZNF343	0.195068305646191	TRUE	0.0454156387855939	0.55103262202501
STAT6	0.146117349572319	FALSE	0.0426474830137817	0.500598580720017
VSIG4	0.00241115250160713	FALSE	-0.0432048574653065	0.104195511035175
TMCO1	0.208384505253273	FALSE	0.0504940763582573	0.565359779936547
MYBPC2	0.631603696970343	FALSE	-0.0264813394389019	0.824485926261517
PCBP3	0.569153145763987	FALSE	-0.0230607835168732	0.792824170692567
ZNF281	0.0757982531711859	TRUE	-0.0750680270751723	0.395197397596909
GDE1	0.605983524305892	FALSE	0.0719904644985359	0.810766629156874
MYL6B	0.213135869304999	TRUE	-0.0622014318642643	0.56926492925149
NOC3L	0.314530314004166	FALSE	0.02336326195408	0.647690746991241
TBP	0.0321388236458956	FALSE	0.0065035308595394	0.293757546820657
HNRNPA2B1	0.62196932265565	TRUE	-0.0790248831540435	0.81866372053546
P2RY14	0.078841227329587	FALSE	-0.0132509532707955	0.401608569941683
RCN3	0.438942934698187	FALSE	-0.0728061900691162	0.720885043909071
SEPT9	0.0632602070102113	FALSE	0.0466825242837359	0.372051836686742
TRIM5	0.404233683907526	TRUE	0.118658697863014	0.703664036615926
PTGER4	0.403192370952781	FALSE	0.00469189125216475	0.702812958375648
GJA3	0.00313449928467517	FALSE	0.0107345625800342	0.114647011330044
ADRB2	0.0401015497940962	FALSE	0.0767625396309298	0.315991294729157
ATG13	0.288548187822774	FALSE	0.0340036882563355	0.632033998189821
NPEPPS	0.425556953993708	TRUE	0.0622081051246148	0.715265955406493
FBXO3	0.525912203866579	FALSE	0.0747345414653081	0.768964342958496
APP	0.074594777749886	TRUE	0.118954009080002	0.393923455816058
SGMS1	0.0623038812578693	TRUE	0.0968827555255543	0.369551053234735
IDH3A	0.21714269704623	FALSE	0.0390407403867635	0.571802378496795
AP2M1	0.618831117419607	TRUE	0.0651251949547822	0.816962089082258
LIME1	0.410604947727071	FALSE	-0.0557766929040962	0.706388751268942
LTF	0.0353868407147618	FALSE	0.171758084315761	0.30169277207871
S100A12	0.0381391088962329	TRUE	0.206411760990579	0.311271320272759
DDX6	0.0148077025476982	FALSE	0.0573805467907047	0.211733340716708
MAD1L1	0.287238940296211	FALSE	-0.0077365957128075	0.632033998189821
ZNF254	0.158724026511479	FALSE	0.0275865676281995	0.515595080260899
SEMA3B	0.363906640015157	TRUE	-0.0523839080391304	0.68000262661663
NOX4	0.412041679698456	FALSE	-0.019540107690466	0.707043069930508
PSMD14	0.529398511906375	FALSE	0.0662572071884069	0.770979928911686
RABEP1	0.499539399773542	FALSE	0.0363056255476861	0.754934993207009
MTHFD2L	0.153169560421462	FALSE	0.034487362031002	0.510343460025755
ZNF267	0.409452482050604	TRUE	0.142208762777781	0.706345279796444
CYP24A1	0.371428520936212	TRUE	0.0279715765279414	0.68285512382125
BCL6	0.166821725327191	TRUE	-0.109371374679265	0.523986577142665
ARGLU1	0.392756651025101	TRUE	-0.164184341425876	0.695272788275951
TMEM8B	0.199345906032532	TRUE	-0.0690026049430092	0.556059834810056
MAGI2	0.519859113002661	TRUE	0.0271517532349957	0.765543179524309
KCNJ15	0.434007514586188	FALSE	0.102836650859051	0.719339984949361
FUS	0.0386991178178802	TRUE	-0.103025059504201	0.313211489605242
MAPK14	0.235994465865619	FALSE	0.0249617431783519	0.590221129422679
TTC26	0.139275955088957	FALSE	0.00373941760739925	0.494097450017809
ITGA6	0.00502225339634454	TRUE	0.147320189636289	0.13689262322392
S100B	0.588679177167562	FALSE	-0.0651067511755456	0.802665439616218
VILL	0.240838876221752	TRUE	-0.0551622484042689	0.595229026678882
ECSIT	0.230392051582532	FALSE	0.004414209457134	0.584763762521969
HTRA1	0.609551145870807	FALSE	-0.0587723858164593	0.812281166180406
COMMD3	0.00117153095094273	TRUE	-0.140341831687759	0.0794464460801913
YTHDF1	0.5049235302543	TRUE	0.0514074816794459	0.757518908382312
IRF5	0.289290106097075	FALSE	-0.00420901825763	0.632033998189821
NDFIP1	0.150218959955699	TRUE	0.11645621943537	0.505719309595992
PRR7	0.125637873701375	TRUE	-0.0788130319834598	0.477803290287672
CNN3	0.339861375419737	TRUE	-0.0404278592251868	0.665879704885357
STX16	0.338529695806708	FALSE	-0.0898143144421788	0.665096439695649
PROCR	0.150897145292492	FALSE	-0.0183039871491388	0.50679344621229
LMO1	0.0178804488583739	FALSE	0.0040638232496022	0.227549281262741
ATIC	0.10766734943266	FALSE	-0.013984844861248	0.448673309524782
PRSS3	0.21138088746531	FALSE	0.02990079550935	0.567983924594803
CLDN8	0.275694786033696	FALSE	-0.0160235785237679	0.62564215516627
SPATA2L	0.00175234747621195	FALSE	0.0661957787014921	0.0906680095836422
TRPM4	0.217818231717319	FALSE	-0.0184672217574824	0.57209195400598
B3GNT4	0.161568975487573	TRUE	-0.0575126724257871	0.517522772049036
GPR183	0.0550555302570329	TRUE	0.171709625085494	0.35051917887956
RNF32	0.637883569228649	FALSE	-0.020556609121209	0.827569999025589
GFM1	0.276425631023743	TRUE	0.0816152909115464	0.625800989657934
CDCA3	0.123532187194136	FALSE	-0.0109309322766986	0.474824227320104
C6orf15	0.637243186965866	TRUE	-0.0348474998333175	0.82728833042473
VEGFC	0.145983164951861	FALSE	-0.0240597646629826	0.500598580720017
METTL7A	0.0756541779351418	TRUE	0.193396904971417	0.395197397596909
CD47	0.142584136536525	FALSE	0.024104344009264	0.497599911417046
WWP2	0.106192488593423	FALSE	0.0143756324031265	0.446883453891439
HTN1	0.526572016452635	TRUE	0.0514765647870425	0.769222497505842
COBL	0.228682987646233	FALSE	-0.0053672878520441	0.583491538460989
BACE1	0.38240466336376	FALSE	0.0279459684212973	0.69002012697035
SLC25A32	0.478760263265759	TRUE	0.119082947530504	0.745388250057729
GPC4	0.54223165877522	TRUE	-0.0284621374158083	0.777304206391088
ASNS	0.0438691594299987	TRUE	-0.127805480069581	0.325331850082901
FANCG	0.0433363304425665	FALSE	0.0071522839583502	0.323890385401955
SGCB	0.105809677261899	FALSE	0.0320862383894302	0.445812200986659
GALNT7	0.134056526231074	TRUE	0.126109673597232	0.487984185041447
ADCY3	0.4814342950434	FALSE	-0.0304765059614329	0.747920475801123
PLAT	0.401144375389078	TRUE	-0.0369840247902875	0.701399548579299
WNT2B	0.411564333560477	TRUE	-0.0502634184438478	0.706865794947326
PTCD2	0.620518789290687	TRUE	0.0405150626125548	0.817911854714749
SCCPDH	0.491301690779755	TRUE	0.0795096751448774	0.750487656170233
IGFBP3	0.0503888048072876	TRUE	-0.0599485558724999	0.342948264819582
SLC39A7	0.186842423031685	FALSE	-0.0322358087642966	0.542259082353796
NUPL1	0.427381029468118	TRUE	0.0577754937467216	0.715815877863958
FOXK2	0.105231632200455	FALSE	0.0142380881906505	0.445065825259588
GORASP1	0.590730365947081	TRUE	-0.031453541679705	0.803827147422772
SGSH	0.076891099000896	FALSE	0.00594964880970815	0.39702557903969
FAM127B	0.0977171831518819	FALSE	-0.00858868264619735	0.433589634619975
UBIAD1	0.242028978959597	TRUE	0.0665691410253193	0.595892543965345
ORAI2	0.00289262532185797	TRUE	0.120119874026865	0.113095185309455
KCNV1	0.00288331933036243	FALSE	0.0124176031437005	0.113095185309455
OASL	0.145597228180961	TRUE	0.103784933528302	0.500584284519077
ACD	0.62571904129675	FALSE	-0.0314839232715616	0.820945951057627
NOLC1	0.292165628576555	FALSE	0.00932370471578235	0.634252605316474
VNN1	0.359673706731939	FALSE	0.0653469153393995	0.67668826837192
UBB	0.166347384778166	TRUE	-0.108118335142277	0.522786307095239
HSPH1	0.346908507162723	FALSE	0.0491229074264508	0.668410460954651
NPFF	0.0781246598417531	FALSE	-0.0686345778686943	0.400115410092881
NOTCH4	0.173558269585255	FALSE	-0.0133333475559012	0.528971132021033
LPIN1	2.76614121356847e-05	TRUE	-0.156281985027308	0.0209101834804353
PRKRA	0.641266365843924	TRUE	0.0362662078535987	0.830059283368065
NDUFA1	0.46695428589603	FALSE	-0.0597284097665234	0.738100295762821
SGCA	0.400012993474169	FALSE	-0.0352771984024915	0.700827039029566
CNTNAP1	0.600897773376725	FALSE	-0.0212483873455738	0.80822734575397
C6orf10	0.442111496099306	TRUE	0.0440211315163439	0.722607590360526
JRK	0.492473299547323	TRUE	-0.0331054211617641	0.750965729597102
RPP30	0.120455594815948	FALSE	0.0500321387015336	0.468753270300837
THAP11	0.403810967696892	TRUE	0.047790664053077	0.703385680995973
TLR6	0.415763728748287	FALSE	0.0703787392478081	0.708336613551641
DCTN6	0.25817042708524	FALSE	0.046768301569937	0.608742837663552
RALA	0.0125627820350803	TRUE	0.118994428327118	0.196845262989062
DENND1A	0.492096004915968	FALSE	-0.0428135533689072	0.750689708023968
TNF	0.0278358619212418	FALSE	-0.0029741557234155	0.275901082451889
TMEM59L	0.475390618648719	FALSE	0.016697827285621	0.743542051975631
TRAF6	0.183039707984182	TRUE	0.0761588373117384	0.539956375677144
SPIB	0.320413802523356	TRUE	-0.0767299620272763	0.652743820843035
MRPL48	0.0250756557278098	FALSE	-0.0140603076933825	0.262356954225944
CASP4	0.162053609113384	FALSE	0.000635853924270798	0.518489242025017
BEST2	0.00416520261978988	TRUE	-0.0911987471018557	0.126142333845694
IFIT1	0.501280511856465	TRUE	0.15233239175081	0.75582935340597
PCGF3	0.572033135001126	FALSE	-0.077054730358453	0.794262142203355
CNOT8	0.532981990534006	FALSE	0.0348687289265195	0.773353730927293
FAP	0.117544194038654	TRUE	-0.0454833530115948	0.465176008090599
NPC2	0.042845972403209	FALSE	0.0551597069669736	0.321742040450323
TPTE	0.450073642974483	FALSE	-0.035456638498704	0.727564209542128
SRD5A3	0.361048523303236	TRUE	0.120701512768782	0.678059000628147
PITX1	0.23392626297746	TRUE	-0.0427048254589031	0.589049499422923
LTA	0.438098309591148	FALSE	-0.0311182854787759	0.720356820966022
ATP5C1	0.00771820378387212	TRUE	-0.092976701974522	0.162699532413254
ESR1	0.129640986147774	FALSE	0.00245788089639775	0.481966931780199
TOP3B	0.504517955359605	FALSE	-0.0319704584581872	0.757518908382312
SYPL1	0.313843061348445	TRUE	0.0915684952612226	0.647690746991241
GABRA1	0.284491308876706	TRUE	-0.0374268883376021	0.630456850975645
DUSP1	0.539222879672179	FALSE	-0.0379534601086656	0.775887210658624
ZBTB7B	0.318439037649027	FALSE	-0.0162764879611745	0.650942896683309
TXNL1	0.28853608923372	FALSE	0.075728200934652	0.632033998189821
LTK	0.0162464687631721	TRUE	-0.0729237469280846	0.219047216772424
SLC35D2	2.34172711893812e-05	TRUE	0.154818807272944	0.0204252644627995
REST	0.30200811971704	FALSE	0.0102492769243874	0.640850362625704
ST7L	0.388274423130422	TRUE	0.0449345776649306	0.69335014501144
KPNA1	0.331496065836571	FALSE	0.0314191806023527	0.661417189956164
CLPP	0.505590456530774	TRUE	0.0663607729915071	0.757680420084986
GREB1L	0.0365255841662392	TRUE	-0.0683982716018825	0.306732187102461
EIF4A1	0.209360756770642	TRUE	0.212519837731958	0.566437991176883
FAM179B	0.579384306123735	TRUE	0.0608117000600746	0.797839490184047
SLC6A10P	0.249964710986078	TRUE	-0.0666260353774076	0.602698937433418
MAG	0.525796084501442	TRUE	-0.0404632695780069	0.768945197388241
DIRAS3	0.509257565419257	TRUE	-0.0399699006422405	0.759139567924017
DCAKD	0.112089498031206	TRUE	0.0736530023409215	0.456531184689598
CPB1	0.0658022674897401	FALSE	-0.0154163611238731	0.378270276031726
METAP2	0.633828243749044	TRUE	0.0761210207175302	0.825692621949112
MED23	0.541930992795446	FALSE	0.0576009280224069	0.777304206391088
RSRC2	0.414274960854854	TRUE	-0.0981928774345701	0.707850358516276
COG2	0.0068374198250041	FALSE	-0.0127180927851765	0.15552284683168
MOGS	0.0601553448142091	FALSE	0.0228387802580849	0.363399816115246
ATF3	0.486919735767331	FALSE	-0.026144537210894	0.749854849317994
VHL	0.000354615323107105	FALSE	-0.023627651729224	0.0454972172962296
SLC25A42	0.37799003572738	FALSE	-0.0447796008996632	0.686753567555322
CCT4	0.000551318851026949	FALSE	-0.0308961388982406	0.058135768226577
ACTG2	0.620895190978865	TRUE	-0.0286471471545222	0.817957696945275
CD248	0.165503960408438	TRUE	-0.0726503455394238	0.521871359029833
CFHR4	0.49868260939018	FALSE	-0.0331900037093962	0.754807791424133
KIF2A	0.189756226121341	FALSE	0.0575550312268095	0.546104536465476
ARFRP1	0.05635099250408	TRUE	-0.11842122186671	0.355665011262286
RUSC1	0.606418354045085	TRUE	-0.0330839762969828	0.810965646481569
RIPK2	0.000229017804620857	FALSE	-0.013680477950559	0.0417661879181208
SLC10A1	0.0090049421653996	FALSE	-0.0101000369399302	0.175441648133103
ZNF473	0.093592556828506	FALSE	0.00390402347783025	0.426865086993478
PRKG2	0.495764033550806	FALSE	0.0228746277219427	0.753343779712132
VGF	0.0703666420016349	FALSE	-0.000258381057654855	0.387472343265102
PRCP	0.290236660414266	FALSE	0.114315933750527	0.633370572062617
BZRAP1	0.220643694746423	FALSE	-0.0344903051399408	0.574220531266855
BLM	0.300815617932459	TRUE	0.0728340947911974	0.639857916714752
CLEC4E	0.132963058447679	FALSE	0.0734343059713135	0.486501490719015
CD163	0.609986342738925	FALSE	0.0700911937786745	0.812479166018639
OR2H1	0.156556037142731	TRUE	0.0529824486416	0.513155275548692
ARHGDIG	0.358378489444334	FALSE	-0.0226326212154934	0.67597936172593
FGFR1OP	0.575685749510535	TRUE	-0.0561183664429891	0.796534379337175
SENP3	0.480657542943454	FALSE	-0.0671585762803853	0.747111155508681
OAZ1	0.161072876021289	TRUE	0.0732763948553081	0.517262277639015
IPCEF1	0.0351683290673571	TRUE	0.101001552533076	0.301495107058277
CCBL2	0.213439115852382	FALSE	0.0736844179320534	0.569554762000659
PMPCB	0.270244590186746	FALSE	0.0540945339743624	0.619837490584263
YTHDF2	0.00174274581246608	FALSE	0.0422895533360055	0.0906680095836422
MVK	0.240320713353178	TRUE	-0.0478600633725526	0.594337032007486
STOML1	0.543201210992414	FALSE	-0.0237304429869844	0.777304206391088
PARP12	0.322942901931485	TRUE	-0.0696817793512068	0.654954313182098
PWP1	0.166245885860055	TRUE	0.0794058952542316	0.52277787084926
TMEM187	0.00998195899204791	TRUE	-0.0830090334050562	0.181316222892852
MEAF6	0.274260959591176	TRUE	0.0659650491193986	0.624441174317542
NARS	0.0240345016208666	FALSE	0.014491459090826	0.260542269482798
BCKDHB	0.181155512875033	FALSE	0.0375551197928632	0.537587636872547
ARSJ	0.495247097695847	TRUE	-0.0286447064239805	0.75266141814411
C4orf29	0.378669188967713	TRUE	0.0901457901498842	0.687546826854266
OR7A5	0.543382089431468	FALSE	-0.0183159709337466	0.777311117512781
KLK11	0.135257512524122	TRUE	-0.0639379941711962	0.488901796146324
TNNI2	0.256279971061515	TRUE	-0.0707091433978717	0.606908777809239
DNASE1	0.374641457896584	TRUE	-0.112837691454048	0.685170885659574
ZAK	0.56943611007028	TRUE	0.0781811537243744	0.792824170692567
PLCB1	0.125384629729744	TRUE	0.114905422427603	0.477252875631273
SLC33A1	0.500242512712164	FALSE	0.0625822171200505	0.755594758444549
STOML2	0.314332242602204	FALSE	0.0314954563046077	0.647690746991241
PTPRS	0.594907651458726	FALSE	-0.0412218318140658	0.805932838696594
SF3A2	0.583404726458272	TRUE	-0.0464370947390216	0.800189016577986
THAP1	0.527885786442911	FALSE	0.035597643255743	0.769567617957852
CNN2	0.342868920342409	FALSE	-0.0154401382379019	0.66656637801489
DEFA6	0.652724239994191	FALSE	-0.0500559078214151	0.835237233142346
CEP97	0.513640872212187	FALSE	0.0453229387876197	0.762004394352146
THRAP3	0.314380858118105	FALSE	0.0328450078277652	0.647690746991241
PZP	0.521771224280179	FALSE	-0.0140213798477072	0.76651355492312
DHX30	0.417976834962881	FALSE	-0.0109160928234888	0.709709393777195
USP1	0.375471252382896	FALSE	0.0722362796444804	0.685740017055072
INSL6	0.54387706592166	TRUE	-0.0395282090990075	0.777451353332839
CAMSAP1	0.287735271121049	FALSE	0.00994301005940115	0.632033998189821
DSCAM	0.210624016876386	TRUE	-0.0447501909352414	0.567688549408449
RGS12	0.151522939899969	TRUE	-0.0593197504802241	0.507221232094814
GUCY1B2	0.440913488424908	FALSE	-0.0116157168086182	0.722369317331315
PBRM1	0.62498512230488	TRUE	0.0554702235627326	0.820617952725246
KMO	0.0202573769363094	FALSE	0.0123468530564715	0.242302356577516
TRH	0.349064084926806	FALSE	-0.0212179266520965	0.67075988200818
TAF1D	0.13242368476764	FALSE	0.0368449964340256	0.485935778113748
JOSD1	0.0299732571568663	FALSE	0.0122820332695549	0.286040112140437
EPHB6	0.243001978273364	FALSE	0.0069797851668092	0.596406803385644
MPPED2	0.276360878824825	TRUE	0.0429425675159965	0.625800989657934
P2RY13	0.0197357093941943	FALSE	0.106814056592128	0.24088544009114
ZNF276	0.565940320925873	TRUE	-0.0924108586722497	0.790392572851148
VBP1	0.53667348198269	FALSE	0.0662366714905572	0.775284096082391
WDR44	0.21784356991111	TRUE	0.102316250512681	0.57209195400598
LRRC37A3	0.250068728742773	FALSE	-0.061711823031549	0.602698937433418
BIN1	0.595738238107951	FALSE	-0.0573309963352014	0.805981546323268
EWSR1	0.614482215424178	FALSE	-0.0744110388829933	0.814339663089022
UEVLD	0.32484335896504	TRUE	0.110937487948796	0.655992670935813
TMSB15A	0.218220226701923	TRUE	-0.0805694297801939	0.572452846631042
SGSM3	0.451450651329524	FALSE	-0.0488990188250759	0.728579410108948
ANK2	0.156549534303366	FALSE	-0.00421268578898905	0.513155275548692
DEC1	0.527041028313422	FALSE	-0.022786369289177	0.769271778891966
GCOM1	0.513917341737089	TRUE	-0.123256366147397	0.762164187724628
PIAS4	0.0333374713936487	FALSE	-0.0025250278521298	0.295785280228938
TUBB2B	0.0183103355788037	FALSE	-0.0262443178713312	0.229868237886362
CNDP2	0.0472788291532435	FALSE	-0.0191412652267005	0.335898899604404
MGAT4A	0.552508050991264	TRUE	0.111611306566259	0.783043120562965
ERO1L	0.652912319079983	TRUE	0.167851227622781	0.835237233142346
SORCS3	0.642234517661962	TRUE	-0.0300086583022065	0.830459253708404
NXPH4	0.0543529798261808	TRUE	-0.072990376508197	0.348788023910053
LUC7L	0.0548556352551079	TRUE	-0.115797359722321	0.350425500630683
IMPA1	0.600526092072789	TRUE	0.0937185018181874	0.80822734575397
PIGG	0.0267510945842675	TRUE	-0.0976979359467041	0.271587053217801
CPLX2	0.261130230469998	TRUE	-0.0628478235729095	0.611959275596564
TARS	0.497116231720022	FALSE	0.0447588843502119	0.75438842495891
SLCO4A1	0.00723112560565279	TRUE	-0.0711683132749332	0.159913726955406
APEX1	0.0620321806364647	FALSE	0.0383423848612108	0.369551053234735
DUOX2	0.563387542367686	FALSE	-0.0199269605353667	0.788900783933366
IRGC	0.321579891464951	FALSE	0.0295124449126423	0.653913352015858
APBB2	0.158255907343601	TRUE	-0.0811378689144783	0.515354317452354
SIAH1	0.509351250795125	FALSE	0.0358272703673324	0.759139567924017
HERC5	0.414856249539696	FALSE	0.0437784496851857	0.707850358516276
ME3	0.0745258535017319	TRUE	-0.0709791843065277	0.393923455816058
WDR41	0.204801390827839	FALSE	0.016254223345511	0.56241509739134
BZW2	0.178930654404179	FALSE	0.0153669235123424	0.536643038851454
ADAM11	0.000192029937241856	TRUE	-0.122782982806135	0.0382004817260597
USP7	0.0928617433714469	TRUE	0.0671697880526256	0.425610067942133
IRF2BP1	0.0978655244010398	TRUE	-0.07328625776944	0.433589634619975
TOM1L2	0.312982874944514	FALSE	-0.0069378109520937	0.646735264704011
SEZ6L2	0.601333391103155	FALSE	-0.026969240698842	0.808456168095646
ABCB11	0.31527435043707	FALSE	0.0101493390357166	0.647690746991241
NEFM	0.467539519438237	FALSE	0.02218127799387	0.738100295762821
AICDA	0.586598375099656	TRUE	-0.0315096827789953	0.80176458235957
IFT46	0.551748375317858	FALSE	0.0415103665206349	0.78293597971134
TGFA	0.315420852199337	FALSE	0.0163545617154211	0.647690746991241
LSM3	0.416813387399703	FALSE	0.13105365356621	0.708780019580058
NAV3	0.592250269748102	FALSE	0.0160327288727742	0.804245369425885
ITGA7	0.44762570342412	TRUE	-0.0365257066793787	0.726438793634764
MTMR4	0.43722456381866	TRUE	0.0412884586292726	0.720277786255983
PPM1G	0.0304842758413495	TRUE	0.0924157478285157	0.28828119597518
MC2R	0.0976946011774454	FALSE	0.00535966709080645	0.433589634619975
GHRHR	0.377093161009477	TRUE	-0.0421506125685323	0.686443948095435
OR3A3	0.129926938413172	FALSE	0.021208127207664	0.482220607085427
RWDD2A	0.106436783245311	TRUE	0.0590355311236772	0.447160683667502
RCAN3	0.247896768963999	TRUE	0.0865979618691032	0.600434015686753
CLIC2	0.133466119615805	FALSE	0.0257327378594819	0.487111567975894
HCN2	0.00957918459907595	FALSE	0.0042197311601555	0.179831745312785
SLC43A3	0.214029009986059	TRUE	0.126656057814813	0.5700393942184
NUBP1	0.516396819754732	FALSE	0.0631551330436339	0.763618093270593
FRS2	0.0200660634126049	FALSE	0.012156943794331	0.24142475286467
PSD	0.408570463364935	TRUE	-0.0354354075823645	0.705929367764792
DYSF	0.345219072786236	FALSE	-0.0282159758714469	0.667423540720056
CLDN10	0.253823152085339	FALSE	0.0165705207222295	0.605790595632738
C14orf166	0.488373667877968	FALSE	0.086395454124461	0.749854849317994
RPS21	0.394995404479494	TRUE	0.0524698268398826	0.697434717016553
BRD9	0.555501257516348	FALSE	-0.0468187311174783	0.784119103570008
SOD3	0.200628937695902	TRUE	-0.0533343759762164	0.556626259978916
ECHDC2	0.608074018910942	FALSE	-0.038015636426334	0.811248051733794
EIF2B2	0.0535519004077577	FALSE	-0.0214151553035759	0.347786552196209
ZNHIT2	0.312383433380678	TRUE	-0.0565870606616614	0.646642862225336
PHF3	0.134590487862828	TRUE	0.103393181768481	0.488139357883529
DDX3X	0.320370790160622	TRUE	-0.0595911559263769	0.652743820843035
SEC31B	0.0128889552068486	TRUE	-0.138948781686871	0.199097515252139
MTM1	0.356062732035202	FALSE	0.0415466203723515	0.674772621849481
RALGPS1	0.295031444834016	FALSE	-0.0226168460698464	0.636121230837214
NRGN	0.376422007039815	FALSE	-0.0436301219150445	0.686261838654249
SEC22B	0.00038194919461496	TRUE	0.261954992250676	0.0455886517656741
DLGAP5	0.456323259854821	TRUE	0.0467525034271161	0.731963423892179
HADHA	0.502421579230289	FALSE	0.0638849731148286	0.756066129647279
HSBP1	0.136154764822415	FALSE	0.00138066487102195	0.489136716266414
ATP2A2	0.232166158759729	TRUE	0.067789453329147	0.586048992470295
MUC7	0.458517549113356	TRUE	0.0319338462237386	0.73340816608779
ENDOU	0.613827497675678	TRUE	0.0278209650390395	0.814240850449531
TBC1D8	0.0397723718865884	TRUE	-0.126238509432908	0.315649780659111
FBXO40	0.281953740954835	TRUE	0.0506217476990392	0.628615112092927
C19orf53	0.484523765148397	FALSE	0.0535270032373506	0.749422312510936
AGK	0.0664360807910498	FALSE	0.0103997992174336	0.379314561978708
SDK2	0.335283115190587	FALSE	-0.018469644083459	0.662792057731183
PEX6	0.564085197279923	FALSE	-0.021829153702464	0.789065143345306
LTN1	0.173331436908197	TRUE	0.118385766778767	0.528971132021033
GTPBP3	0.130430386847478	TRUE	-0.0784617534945097	0.483159149449055
SFPQ	0.0160138566646785	TRUE	-0.241195898947993	0.21696377673024
FBXW4P1	0.223391062719254	FALSE	-0.0258617864824764	0.577588519719069
MPDU1	0.15441646131558	TRUE	0.0899356415045256	0.511600895024217
WDR6	0.0106713230033445	FALSE	0.0298697783748057	0.18828210705163
SCYL3	0.0688714626135948	FALSE	0.00569366998251295	0.385455831478555
MR1	0.426775455573099	FALSE	0.0576843706312853	0.715647277542646
PRKCDBP	0.132672578309519	TRUE	-0.0623657310550963	0.486066030840592
TNFRSF4	0.163916163919516	TRUE	-0.0716239634504592	0.520703768558187
EDIL3	0.635007389795748	TRUE	-0.0246597720179449	0.826676095625027
DERL2	0.578925271386414	FALSE	0.0606400001415508	0.797839490184047
EIF3E	0.0046345784542158	FALSE	0.0430258614591055	0.132514997293535
XPNPEP3	0.302375619804444	FALSE	0.00765700460740515	0.64088866499101
HMGB3	0.573538758051216	FALSE	-0.0205290153581839	0.795170199876974
EIF3B	0.41824335806192	FALSE	-0.022963906841408	0.709843052995676
PLK1	0.181338856424717	FALSE	-0.0175648398512847	0.537850194349951
PTRH2	0.316029365887364	FALSE	0.0803876002227695	0.64806471877186
TRHR	0.029524722456849	FALSE	0.0192282678733881	0.282754077650516
AFAP1	0.46391866668509	FALSE	-0.0527812376142785	0.736511620115873
SYNGR3	0.307001210256237	TRUE	-0.0607948431481366	0.643439232326714
GLE1	0.167581123696694	TRUE	0.0701102805381817	0.525199083098898
UPK2	0.526310412488375	FALSE	0.0283301464805428	0.769149860446667
DPM3	0.257532199915087	TRUE	0.0662613503813407	0.607859620074349
FNDC3A	0.208146205088749	FALSE	0.0269341183704271	0.565359779936547
OR2S2	0.650414217716422	TRUE	0.0501469499120919	0.833715443667931
BAIAP3	0.482402929645608	FALSE	-0.0233065283315214	0.748529628661579
TRHDE	0.256926482929762	FALSE	-0.0266282620158802	0.607061760771113
SERPIND1	0.415858479663145	TRUE	-0.035861944891403	0.708336613551641
ZNF652	0.0077339313846674	TRUE	0.226879552622918	0.162699532413254
CELF1	0.407625231811528	TRUE	-0.0775444380423772	0.705688362810524
CD1C	0.00361476686115346	FALSE	-0.025099435994207	0.120552474819468
HEXIM1	0.47313512133619	TRUE	0.0508664848867411	0.741885008361329
UNG	0.0130018886232736	TRUE	0.0618281984358929	0.199482168403885
CDT1	0.200186705011827	FALSE	-0.0235068146727002	0.556352217678704
ISCU	0.657454288987394	TRUE	0.0389440734679089	0.838093795569203
C16orf80	0.0385479684561769	FALSE	0.0125146016557215	0.31264922613209
TUB	0.297003329104704	TRUE	-0.0497789902636905	0.637851816852321
SLC39A4	0.501967724874893	FALSE	-0.0230481028579033	0.75582935340597
CFL1	0.258368599877964	FALSE	-0.0034937207416901	0.608758615214342
PRKX	0.517595248552569	TRUE	-0.059286166066693	0.764100999922941
USP25	0.00817981343926983	FALSE	-0.012240904824873	0.166926263818315
INPP4A	0.0310885806301382	TRUE	-0.097441814479339	0.290147132064376
DNAH7	0.0157651115871167	FALSE	0.0254126600694934	0.216155502159995
ECHDC1	0.581118404868343	FALSE	0.0990606342602953	0.798434972739313
LIMK1	0.308249557014029	TRUE	-0.0417180753652593	0.643806072336138
LPPR3	0.0844888101490077	FALSE	-0.0182545761563284	0.413451828185956
FKBP9	0.647587739154503	TRUE	-0.0422462505957299	0.832515767698534
FAM198B	0.311778619671146	TRUE	0.237966212043282	0.646549502452608
CTRB2	0.253930452440219	TRUE	-0.111193793091065	0.605790595632738
CHD1L	0.0540725038563895	TRUE	-0.0998832074614413	0.348788023910053
CHRNE	0.547504586434687	FALSE	-0.0247886507691657	0.780311023828924
DHX38	0.00725727875740111	FALSE	0.0144688014453347	0.1600188709757
INTS8	0.00213422066716253	FALSE	-0.0470679258037395	0.0986766171387992
SLC16A2	0.0212590093983797	FALSE	-0.0203949316342089	0.248767706468759
NR0B2	0.491469986040002	TRUE	0.0486750272215417	0.750542514708092
BDKRB2	0.368641131416855	FALSE	-0.0230430126527344	0.682012590916769
COX7A2L	0.275770305275687	FALSE	0.0424577890795757	0.62564215516627
TAS2R13	0.300904883225538	TRUE	-0.0828966711163477	0.639857916714752
MYOD1	0.248090945538971	FALSE	-0.0102191807072809	0.600434015686753
JAG2	0.457262637802816	TRUE	-0.0491303395807665	0.732641097929368
ZNF230	0.0548862941282382	FALSE	0.00856390351357054	0.350425500630683
BTN2A2	0.445075735495404	TRUE	0.0444818598448821	0.724166130690542
VPS11	0.323787910310942	FALSE	0.0423645005138465	0.655122675424904
PIWIL1	0.389809487605831	TRUE	-0.0287385486426977	0.69396648904483
MYH2	0.501530403021344	FALSE	0.0128983090556027	0.75582935340597
CPM	0.000140436698680851	TRUE	0.246428412536555	0.0361911755986855
GIGYF2	0.65820207732888	TRUE	0.0298257481265862	0.838520484750676
UFC1	0.454665801522283	TRUE	0.0908708527016806	0.731042126207362
GDI1	0.293822678412717	FALSE	-0.0127043261826323	0.635448283525042
AIMP1	0.0479291988530154	FALSE	0.00510691038185205	0.338188665708987
DMXL1	0.254497902895673	TRUE	0.109314651077426	0.605880424175519
LIAS	0.127155865319553	FALSE	0.0493655500512503	0.477954320979065
CELA3B	0.643706223586924	TRUE	-0.0351540617470549	0.830956409511825
ALOX12	0.467152397756651	FALSE	-0.0376996827354587	0.738100295762821
UGT2B4	0.169998202661018	FALSE	0.0332266964986636	0.52733188473758
IKBKB	0.412703464239252	TRUE	-0.0730751645069931	0.707429263946921
CHRNG	0.155335198332148	FALSE	-0.0223546845883731	0.512718887041164
C4orf6	0.530208759417218	TRUE	-0.038343274350717	0.771293978226027
BTF3	0.0192084547859929	TRUE	-0.186019333337802	0.236487153983033
COL2A1	0.346188681102981	FALSE	-0.0327308364035699	0.668054794086202
TIMP3	0.0183262092820594	FALSE	0.0203999065583127	0.229868237886362
RAP1GAP	0.455073864093694	TRUE	-0.0331990528284236	0.731304215555329
CCNK	0.294310201543228	FALSE	0.0348798539829644	0.635574613792148
AKR7A2	0.00433001536211747	TRUE	-0.15845578080293	0.128866257719291
SREK1IP1	0.001410335774409	TRUE	0.15742230075684	0.0820092171590954
TYRO3	0.251715034449177	TRUE	-0.0565573502858299	0.603424265458608
PYY	0.16067505289701	TRUE	-0.110538538761905	0.517262277639015
ATMIN	0.579434535820233	FALSE	0.0668191364597749	0.797839490184047
POT1	0.506300779873352	TRUE	0.0982165101958536	0.757680420084986
OPRM1	0.0360531136856551	TRUE	-0.0710796033452348	0.304624631953534
DEF8	0.267721145265316	TRUE	-0.07812526611488	0.618987021170051
GPR116	0.0151503205575402	FALSE	-0.00956444114975065	0.212414120565263
TAF4	0.645112080279112	TRUE	-0.0299425409339373	0.831993326081119
E2F4	0.0375910065729622	TRUE	-0.122932773578084	0.309397316110871
ATF7IP	0.2997870427968	FALSE	0.0223040388369436	0.639788564624894
MOCS2	0.154262091064533	TRUE	0.127385072282177	0.511600895024217
PAX9	0.400338489888319	FALSE	-0.025452174169812	0.700948141524543
LRRC42	0.342376962859687	TRUE	0.0506665671654014	0.666355038740957
ELANE	0.013624924721203	FALSE	0.165517640631186	0.204187605414421
NRTN	0.383916490367918	TRUE	-0.0520885881163888	0.690754300775463
GTPBP2	0.139104402180022	FALSE	-0.0154753741319825	0.494097450017809
RALY	0.45397275608436	FALSE	-0.0022045135385147	0.73066413026339
MYH3	0.568278545209716	FALSE	-0.0190068747190244	0.792057368157974
CRABP2	0.0382648954771191	TRUE	-0.0625746851728927	0.311699461074032
SMARCA1	0.644666825348975	FALSE	-0.0199510035614714	0.83188175265803
HMGA2	0.414424298947828	TRUE	0.0425266001531464	0.707850358516276
ORC1	0.656866750309695	TRUE	-0.0217660620961921	0.838093795569203
OSBPL11	0.25866469777782	TRUE	0.134650706600849	0.608758615214342
LOX	0.0098761226115594	TRUE	-0.0852007008743452	0.181036438088697
ATP7B	0.599412919051651	FALSE	-0.0180392412575276	0.807981822292757
PYGB	0.408686771550049	FALSE	-0.0151415546117333	0.705929367764792
RRN3	0.370598642228332	TRUE	0.0630052067502933	0.682647558715216
LEPREL1	0.0525139330546571	TRUE	-0.0576818832576369	0.347162049761473
C19orf66	0.579534598259624	FALSE	-0.0338834803753683	0.797860389447958
SYT12	0.286880139741767	FALSE	0.0140338383152381	0.632033998189821
MCM3AP	0.382264500064417	TRUE	-0.0616264945501381	0.689908277635289
RAB3IL1	0.252349157683237	FALSE	-0.0181033185450006	0.604579859863914
APBA3	0.259179539600434	FALSE	-0.01538299903951	0.609590707224502
IL5RA	0.281703595481233	FALSE	0.0351882180250558	0.628615112092927
AMDHD2	0.0412037162913945	FALSE	0.0072891937759775	0.318045567752296
ITGBL1	0.291755147828779	FALSE	-0.0138095453767008	0.634252605316474
HLF	0.0807757628861232	TRUE	-0.0610948825960817	0.404505929750587
TLE3	0.642714492298276	FALSE	-0.0345116653972948	0.830625034250087
KCNN4	0.559184416820203	TRUE	-0.0507164245190647	0.786285662140825
LAMA1	0.386119308246197	TRUE	-0.0323378560856038	0.691419552627705
CHST10	0.0197568973705582	TRUE	-0.0666976793852636	0.24088544009114
FGFR3	0.588230677057529	TRUE	-0.0389391604971667	0.802646415748364
AKR1C1	0.0366063868602695	FALSE	0.0533438526076861	0.306784789806797
MT4	0.453935572075716	TRUE	0.0737944029253348	0.73066413026339
SPEF1	0.189860753504433	FALSE	-0.0235167077017806	0.546265182437646
XPNPEP2	0.421617172473805	FALSE	-0.0149567697675699	0.712631151471822
DHRS7	0.422651232023627	TRUE	0.220046074946672	0.713154136875637
ZBTB11	0.0893735123172348	FALSE	-0.0163439735277447	0.42079241165159
NCAN	0.0013689734974224	FALSE	0.0197597716943352	0.0805646145902433
KLHDC2	0.0047952560134803	FALSE	-0.032107228618686	0.134587643408052
ST14	0.195468510644114	FALSE	-0.0106390917254019	0.551215346434566
MAP2K1	0.485985642703223	TRUE	-0.0590543944193627	0.749507651769684
PCOLCE	0.0353556127506241	TRUE	-0.0750326847802794	0.301653343099569
ZKSCAN3	0.100883281259264	FALSE	0.00693722137922315	0.437276577293118
MAN1A1	0.391307611814925	TRUE	0.102318220084004	0.694480671524407
CASP10	0.0048745186917297	FALSE	-0.00324209216566595	0.135717704285434
SMO	0.520950436656775	TRUE	-0.0375683492117704	0.765895637774196
PRDM10	0.426762367148437	TRUE	0.036371494734186	0.715647277542646
POLR3C	0.136273460828563	FALSE	0.0231258099057664	0.489136716266414
PAQR6	0.672243843687831	TRUE	-0.0467745513345896	0.846200371178543
BET1	0.405330303299143	TRUE	0.123931411400248	0.704112328080457
LMNB2	0.52664778802288	TRUE	-0.032859936712824	0.769222497505842
NOP2	0.00833342512550285	TRUE	-0.104364489016585	0.167243730085092
SLC12A5	0.0847959002738712	TRUE	-0.0508501057772777	0.413902871227337
ALDH1A3	0.570296170253902	FALSE	-0.0223568963648448	0.792981097126248
KIF17	0.269734385197232	TRUE	-0.0453355999084764	0.619682683045548
VANGL1	0.333148612148816	TRUE	0.0449082617028518	0.661911219007552
ZNF764	0.0411052535231535	TRUE	-0.0699398167159627	0.318045567752296
NKTR	0.623818107757096	TRUE	-0.126115563198472	0.819922745317922
UBE2N	0.426578446531592	FALSE	0.0307259251468999	0.715634414147318
LMX1B	0.0787011925351716	FALSE	-0.000366034435127699	0.401446792960675
ZNF430	0.295898935411556	TRUE	0.120408572885732	0.637224855479407
DIDO1	0.000325519787674659	TRUE	-0.11821061353333	0.0454972172962296
GBA	0.585483260691783	TRUE	0.0914859878976053	0.801109532156888
ZDHHC8P1	0.42973527533138	TRUE	-0.0476595945198999	0.717110859011409
SCMH1	0.0284481848753996	TRUE	0.0679942912021562	0.279335958955939
COL6A2	0.38860167281178	FALSE	-0.0334255967562695	0.69335014501144
PDS5A	0.307429027997527	TRUE	0.0909726473621645	0.643439232326714
PLA2G12A	0.2877270946853	FALSE	-0.0247894896289229	0.632033998189821
EPS15	0.0955647166140784	TRUE	0.0867473132292274	0.429492002254076
PREPL	0.551655215462387	FALSE	0.0583907165805672	0.78293597971134
RABGGTA	0.171860969221869	TRUE	-0.0632113454964776	0.528634779578463
PSAT1	0.0431802481785296	TRUE	0.0937580849632607	0.323417047758554
SRP19	0.000148409174664372	FALSE	0.043961784222707	0.0362776285337425
GADD45GIP1	0.0579721970509237	FALSE	0.00476442796731015	0.358813723995864
PHLDA1	0.0415374856010599	FALSE	0.0149262779401803	0.318657086350813
ABCB4	0.0796749345174799	FALSE	0.0027055795224196	0.403138814142661
C19orf73	0.569779007582127	FALSE	-0.0479598533631249	0.792824170692567
CDK2AP1	0.288640690546139	TRUE	0.0991472015751516	0.632033998189821
RPA1	0.167828857540061	FALSE	-0.0089714125853968	0.525314645980203
PLIN1	0.156516656007377	TRUE	-0.0563494690242603	0.513155275548692
UGDH	0.05053825470145	TRUE	0.166314587583862	0.342948264819582
PPARA	0.0489282943900099	TRUE	0.0533668690598397	0.339519806119564
TAC1	0.429296458149403	TRUE	0.031020229006864	0.716710957450616
SUCLG2	0.129814470338037	FALSE	0.047488899902329	0.482211291441238
WAC	0.22556900072347	TRUE	0.0807383952420349	0.579195402899326
HSPB7	0.463392794641898	TRUE	-0.0395266126194955	0.736341007697971
CD9	0.573877905481555	FALSE	0.060924001026306	0.795381391655056
DNAJC10	0.193639268209428	FALSE	0.0470523389045634	0.549640798372832
TSSK2	0.0399806745836563	TRUE	-0.101174010680216	0.315649780659111
HMG20B	0.333493785418024	FALSE	-0.0121220149891874	0.661911219007552
C16orf71	0.532309174435126	TRUE	-0.0325107168424221	0.773044429503974
ASXL1	0.601956395927032	FALSE	-0.0341818589895722	0.808814263943195
EXOSC7	0.566234224138339	TRUE	-0.0610801950990998	0.79064864255032
RAC2	0.487154404539491	FALSE	0.0196105800285951	0.749854849317994
CCNA1	0.471028335390885	TRUE	-0.0466611857035009	0.740569924431121
SAP130	0.000812594863194734	FALSE	-0.0354905644741236	0.067750096718861
PSMA3	0.554809493101859	FALSE	0.103364245219075	0.783532798889273
CCR2	0.311814399072814	FALSE	0.148095724662832	0.646549502452608
IL1R2	0.00445375955730154	FALSE	-0.0792570782176208	0.130846457436584
ART3	0.514259261637782	TRUE	-0.0394810903483908	0.762330247741787
DTWD1	0.15431532687512	TRUE	0.103262393104548	0.511600895024217
AADAC	0.0327743113733202	FALSE	0.0041056325228319	0.294392791020107
LAIR2	0.655693300108709	TRUE	-0.0697762964886929	0.837358523474788
CLGN	0.515536292613152	FALSE	0.0235302528003933	0.763341084087298
LAMB3	0.416625381658102	FALSE	-0.0241131319222805	0.708688149208103
MRPS10	0.654058618956844	FALSE	0.0684955978942466	0.836325426070287
HNRNPK	0.0820969912501361	TRUE	0.10527396070549	0.406505582438993
NEDD4	0.299157403293489	FALSE	0.0381154105778211	0.639241270775652
HCP5	0.566328169514326	TRUE	0.0652604660808171	0.79064864255032
EHMT2	0.442292220468848	TRUE	-0.0407785408137271	0.722607590360526
PAX6	0.407948047748009	TRUE	-0.039587339104393	0.705740543038231
SNW1	0.635545584598326	TRUE	0.0346272335608475	0.826821062712497
CHMP6	0.277861173428235	FALSE	-0.0047950192990305	0.626375317197366
POU1F1	0.581387286931822	FALSE	-0.031909228969969	0.798685539922453
GABRB3	0.612799970413968	FALSE	-0.0381995665261745	0.813646237063699
NAT10	0.0793581609197759	FALSE	-0.00139919767551785	0.402254990178429
BAI3	0.676341922226484	TRUE	-0.0191314768229285	0.84860784647197
RBPMS	0.0809075998698569	TRUE	0.049905736202621	0.404505929750587
RPL31	0.211911198124266	FALSE	0.0127379295422435	0.568645997504995
MAP3K3	0.00366530574166754	TRUE	-0.137991161399737	0.121120581672478
NCOA1	9.07768107160655e-07	FALSE	-0.0761582281832905	0.00205863651341893
COG5	0.534401784222552	TRUE	0.0683854292569209	0.774122613268066
ZNF45	0.353815511675314	TRUE	0.0696206343235075	0.672999116398137
SCN1B	0.142622780854167	TRUE	-0.0655759382653791	0.497599911417046
ISG20L2	0.00526508317933593	TRUE	0.136495396421574	0.140472419224683
LOC51145	0.544773233758714	TRUE	-0.0495924410616966	0.778185690973287
COL10A1	0.10371861719757	FALSE	0.0115649225383385	0.443800242896057
TMEM39B	0.520218836968774	FALSE	0.0100736327503777	0.765598446580381
UBP1	0.0536312677427282	FALSE	0.0218851235429588	0.347786552196209
MLEC	0.501513491271748	TRUE	0.066402257560033	0.75582935340597
PRC1	0.536729883962146	TRUE	-0.0425754240115266	0.775284096082391
KDM2A	0.00948416407154959	FALSE	0.0266463483663804	0.179534117541404
SSTR1	0.187178281562056	FALSE	-0.0220586220911146	0.542817016529962
TANK	0.00396048153674412	TRUE	0.278344361820316	0.124744167069838
TMOD1	0.23661113958938	TRUE	0.0405958911075714	0.590464307293497
ATP1B4	0.0178718997862359	TRUE	0.0457120439093446	0.227549281262741
DUOX1	0.108102905749713	FALSE	-0.0122855409439793	0.449497194094609
PDK2	0.0362735563594394	FALSE	-0.0138671208518089	0.305576415720419
ANKS1A	0.662177749210176	FALSE	-0.0267971294552281	0.840433568199484
LSM14B	0.232428827979954	FALSE	-0.0166270073797805	0.586581455701024
KRT4	0.605041690469397	FALSE	-0.0205240331670584	0.810484359620438
CEND1	0.0335398010006466	FALSE	-0.0080810641912167	0.296341549990628
EFNA4	0.323080474448849	TRUE	0.0817798086846555	0.655116148028522
SLC15A3	0.341972603048278	FALSE	-0.0129670720165027	0.666303315229786
THOC7	0.085316976519	TRUE	0.17017723213316	0.414485517030395
THOC6	0.630568026438108	TRUE	-0.0332655755460123	0.824223100947909
CDH22	0.0679758626837647	FALSE	-0.0026625888723255	0.382900301525687
LDB1	0.530184076220684	TRUE	-0.0659550492856468	0.771293978226027
PCBP2	0.00197533432857182	TRUE	0.129270865441905	0.0957231291685446
FKRP	0.127729756886504	FALSE	-0.0150673227782931	0.478627796872461
TESC	0.521717902178243	TRUE	-0.0558924196676003	0.76651355492312
ZNF248	0.58373333903958	TRUE	0.0592329426716397	0.800189016577986
TMEM2	0.456906260548322	TRUE	0.0556818448850143	0.732550781053848
TPMT	0.594996114915821	TRUE	0.18998196203879	0.805956390757435
CHD9	0.16090954881141	FALSE	0.00891675949569755	0.517262277639015
ATP1B3	0.492946259773502	FALSE	0.0585779169614059	0.750965729597102
ATAD2B	0.384340645686951	TRUE	0.116567804786711	0.690874854382425
ZNF682	0.0861198977083829	TRUE	-0.0688459024852341	0.416601331107233
EIF3L	0.0125860142576127	FALSE	0.0322885587568305	0.196845262989062
CDO1	0.559061247280241	FALSE	-0.0208904963750283	0.786285662140825
TTC23	0.449172064313075	FALSE	0.0133043449265488	0.727054639744368
MEF2B	0.0505696314522413	TRUE	-0.0751226602852055	0.342948264819582
GHR	0.169064097738994	TRUE	0.0393215229321729	0.526304167374275
PLS3	0.460541569805093	FALSE	0.0174384955145519	0.734181777953026
UCKL1	0.678588563925901	FALSE	-0.0411714667392058	0.849413540791592
TCEA2	0.676720953802292	TRUE	-0.0308290111430036	0.84860784647197
DCTD	0.031128134613892	FALSE	0.0371527541650194	0.29026473551556
SFTPB	0.0322163080233122	TRUE	-0.0809445935773334	0.293757546820657
PIN1	0.192597107709233	TRUE	0.0599410676935932	0.54939839102264
CHAT	0.633392948250738	TRUE	-0.0317952673347	0.825522142553462
NDUFA2	0.0734879686832118	FALSE	0.046682677541643	0.392501213800725
RIN2	0.0445269183123096	TRUE	0.1371022550481	0.328266399704251
RABEP2	0.359390468855158	TRUE	-0.0623875262260603	0.676594475568427
SQSTM1	0.190184703853795	TRUE	-0.154762818344459	0.547009119302343
SECISBP2L	0.0818310869924988	TRUE	0.109655635396291	0.405708879671919
RAD23B	0.230839361419895	TRUE	0.0891487595451226	0.584763762521969
BRCC3	0.546814302553572	FALSE	0.0457792013664245	0.779706399832788
ABCE1	0.278069345619396	FALSE	0.0569629478154452	0.626517244823884
VAMP8	0.625498248933541	FALSE	0.05865470836706	0.820894056094609
SEMG1	0.570665833419549	FALSE	0.0390789278674113	0.793102063532074
ARL15	0.428251942501486	TRUE	0.0646381132089175	0.716354156077444
SEMA5A	0.00272678191884673	TRUE	-0.0844840961872946	0.112192579671325
SCRN3	0.0917540044326624	TRUE	0.108510624593246	0.424133166026074
RRP7A	0.148142167877442	FALSE	-0.0168699834708415	0.50383444557958
CTSO	0.0497214063024293	FALSE	0.0836867784938275	0.341172813634031
PARP6	0.249523936535871	TRUE	-0.0817952387667883	0.602374263653448
ASCC3	0.506061052040549	FALSE	0.0471245515935706	0.757680420084986
MTOR	0.550359974356458	TRUE	-0.0378678440799911	0.782018303106108
ZDHHC6	0.0230351515151201	FALSE	0.008815968853198	0.257077699632435
PGP	0.231014154824922	FALSE	-0.0297841261749014	0.584763762521969
CLEC11A	0.5052374242097	FALSE	-0.02242489645054	0.757585484980072
C7	0.630108808611654	TRUE	0.0244762590009517	0.823988442030625
METTL2B	0.134253422409076	FALSE	-0.00979311802293825	0.488072958222671
ARMCX5	0.288478578122892	FALSE	0.012276744666694	0.632033998189821
ZNF419	0.675441486703881	FALSE	0.0607258118260548	0.848060128195693
ADSS	0.0263413728993101	TRUE	0.139941516816309	0.269085430004755
SPTBN4	0.0153739499519578	TRUE	-0.0655817613114334	0.214118200148799
ICT1	0.460001626829031	FALSE	0.0272996616795078	0.733936990374867
HLA-DRB1	0.349533802188933	TRUE	-0.40271475164944	0.670966479902986
ATAD5	0.283012691404452	FALSE	0.0274865857555038	0.629137196059366
ABCA6	0.178730396731699	TRUE	-0.0430100738115314	0.536386182765432
GNAI2	0.555422079190525	TRUE	-0.0449948860431029	0.784104949693895
SIRPB1	0.0310830743149709	TRUE	0.173025196019875	0.290147132064376
OSMR	0.540156052490221	TRUE	-0.0262816349082597	0.776277500530623
BNIP2	0.59791609840876	TRUE	0.0748344101608831	0.807500076209735
GGA1	0.25574865413157	FALSE	0.0230564271313182	0.606603524730911
TTC22	0.263053184750453	FALSE	0.0143679339230016	0.613862947496477
GPR153	0.0153899226670139	TRUE	-0.078638313352442	0.214118200148799
SYBU	0.508505776870207	FALSE	-0.0215907357790473	0.758600141740606
CACNA1H	0.396442445524852	TRUE	-0.0489869371191744	0.697805167619729
PPP1R13L	0.42610763665468	FALSE	-0.0272472279710776	0.715373777321204
GTPBP10	0.57393161182835	FALSE	0.0863049559091558	0.795381391655056
GALNT8	0.117205910473623	TRUE	-0.0562408985744858	0.465054833735256
CASP3	0.198189385725241	FALSE	0.0132392711212927	0.554717093612632
FCN1	0.632871415313072	FALSE	-0.0332848871082145	0.824937231662826
RIPK1	0.41104100743442	TRUE	0.0587090192633149	0.706388751268942
GPR161	0.433904447683775	TRUE	-0.0400021852744881	0.719304463784551
RFPL1	0.640842088926036	TRUE	-0.0539157769534778	0.82962617869204
MICALL1	0.664083288212113	FALSE	-0.0214343904858367	0.841627406397356
MAP3K13	0.0909742956789439	TRUE	0.0440100014100677	0.422990145322678
CRX	0.286504483849111	FALSE	-0.0167124806131453	0.631963145143068
AARS	0.605561310300802	FALSE	0.0187003267965293	0.810484359620438
ZNF345	0.575966813951355	TRUE	0.0604159342664583	0.796534379337175
SLC25A22	0.117314202796783	FALSE	0.00667461393159295	0.465054833735256
ING2	0.684287615039566	FALSE	0.0427535163326312	0.852746155284498
DEXI	0.657456744372251	TRUE	-0.0505685853117486	0.838093795569203
TAS2R16	0.416554779578254	TRUE	0.0558307470864565	0.708674365437032
XRCC1	0.58009478957228	FALSE	0.0254150502114552	0.797860389447958
DHX16	0.0690079282741617	TRUE	-0.0697863650399339	0.386029057079783
ZW10	0.383923901955239	FALSE	0.0233748904314695	0.690754300775463
MAN2A1	0.000597473026373731	FALSE	-0.078754118872549	0.0596564830915802
PTDSS1	0.48939227411849	TRUE	0.0801042211982529	0.750097187919648
GNG4	0.151897551452886	TRUE	-0.0670368957087759	0.507922835719338
KCNQ3	0.600018105678362	FALSE	-0.0302559815935122	0.808221109561291
LILRB3	0.552651858478731	FALSE	0.0971374747744163	0.783043120562965
PGK1	0.600814878403772	FALSE	0.0116098229727531	0.80822734575397
GLOD4	0.455338877554574	FALSE	0.0078023316382807	0.73152274477066
GNGT1	0.0420737849642388	FALSE	-0.0139290765798461	0.318900165581219
KRT35	0.652545022899791	FALSE	-0.0338243288061064	0.835237233142346
PDE11A	0.460555162411137	TRUE	0.0309869161322483	0.734181777953026
ME2	0.306892136758879	FALSE	0.0349866617782897	0.643439232326714
ZNF510	0.158861957013323	TRUE	0.0789782002345248	0.515595080260899
TBKBP1	0.685809416714746	FALSE	-0.0328322766657232	0.853107305839626
NPAS1	0.123374228048312	FALSE	-0.00513300591137565	0.474538796417844
CCNT1	0.405246042487662	FALSE	0.0273760474613493	0.704112328080457
DYM	0.332516738034471	FALSE	0.0557649284408579	0.661911219007552
DOK1	0.075134909895671	FALSE	-0.00064950476976125	0.394466953575787
BCL7C	0.642101526168582	FALSE	-0.0323041314302079	0.830381980522987
F3	0.45946356299617	FALSE	-0.0205915845169535	0.733844258386231
VAX2	0.404854914181941	FALSE	-0.0448968595400646	0.70395354642374
CHAC1	0.351655029141878	TRUE	0.0597895763880212	0.671704906309114
RAB5B	0.0277577734440685	TRUE	0.121915706445183	0.275402102540245
HTR7	0.0922769135856161	FALSE	-0.00327181066729665	0.424330155147084
PRDX3	0.490931689633846	TRUE	0.237179384331609	0.750225664253124
CD4	0.531557900460537	TRUE	0.206664049631211	0.77243816907882
TMPRSS2	0.267675253043931	TRUE	-0.040189454717245	0.618987021170051
SNTG1	0.269304236137806	FALSE	-0.0135161258590477	0.619399743116955
PTPN7	0.247191401363141	TRUE	-0.0674933161196539	0.599989859026844
NDUFC2	0.57081805630878	TRUE	0.136243234634638	0.793102063532074
SLC30A9	0.0827762302762443	TRUE	0.110351047116257	0.409154173976606
FYCO1	0.392299960154673	TRUE	-0.0467259172071888	0.695272788275951
SLC34A1	0.145526805370911	FALSE	-0.000787876179665151	0.50049391753132
NR2F2	0.0138708818771243	TRUE	-0.0691947569286153	0.206307701003418
PRKCB	0.0153726289922954	FALSE	0.0614219035413176	0.214118200148799
NPTX2	0.250026150021716	TRUE	-0.0419260312709353	0.602698937433418
DNMT1	0.574802929838431	TRUE	-0.0469894342103476	0.796089603218729
CEPT1	0.659426323416173	FALSE	0.0610875524497233	0.839290052892131
ENG	0.413700727863017	TRUE	0.079697917275145	0.707747820343806
OR10J1	0.553429457164509	FALSE	0.0373344545349394	0.783046745044718
ANKRD11	0.44868733477106	FALSE	-0.0509002319951606	0.727054639744368
MICALL2	0.686609926935893	FALSE	-0.0333928713424818	0.853185291527906
SPA17	0.584421694514497	TRUE	0.0953772750360444	0.800719863956003
ATP5H	0.0306394348494061	FALSE	0.000419810763783154	0.288795138617968
GCM2	0.467738884716284	FALSE	0.0229661737263127	0.738100295762821
PRDM13	0.125313552230836	TRUE	-0.0549556788604986	0.4772411338684
HSPBAP1	0.550468223645466	TRUE	-0.0517938262688973	0.782018303106108
IMPAD1	0.11324335936515	FALSE	0.0286797864800559	0.459264029597392
SPATA2	0.0131778082015049	FALSE	-0.00606659373441645	0.20102318760888
FOSL2	0.442140138813577	FALSE	-0.0353365614066625	0.722607590360526
SULT1E1	0.188222198168121	FALSE	-0.0066412716727406	0.544124735494582
TOMM70A	0.285859758321952	FALSE	0.0321470240273544	0.631106658803079
SLC6A9	0.187785151320704	TRUE	-0.0588118576875583	0.543442581220457
TRIM45	0.677716299545261	TRUE	-0.0207146611722493	0.849157199328154
POLR3D	0.148891998426993	FALSE	-0.00459226916965565	0.505719309595992
AMH	0.00366600947309758	TRUE	-0.0944624616357325	0.121120581672478
TMSB10	0.453486345443036	TRUE	-0.0373556706813147	0.73066413026339
CAB39L	0.411856520802933	TRUE	0.0634029289689923	0.707043069930508
LRFN4	0.0807979336937163	FALSE	-0.0113012655301039	0.404505929750587
FES	0.449047203523525	FALSE	-0.017021110100286	0.727054639744368
CNIH4	0.01178502092753	TRUE	0.196786367754257	0.193780590549037
LAMP1	0.681009370366055	FALSE	0.0299693939655628	0.850717775760791
DDX49	0.143385620703155	TRUE	-0.0444520267458266	0.498085661632712
ZNF415	0.347040265020508	TRUE	0.0472788760996114	0.668501636535373
ALDH3B1	0.0149317004910055	FALSE	0.0368543075904497	0.212168611362796
CDC42EP4	0.0882930768317422	FALSE	0.0112196095143426	0.418543143058162
ZNF329	0.543091854197784	TRUE	0.0330815667097779	0.777304206391088
MST4	0.544288536567576	TRUE	0.0579800874196667	0.777682423908739
UBXN4	0.0619734573424455	FALSE	-0.0117610666517906	0.369551053234735
RAVER2	0.46634118555927	FALSE	0.0514986451018827	0.738100295762821
RELN	0.606616543793512	TRUE	-0.0191898676917108	0.811020030443139
POLR1D	0.635335576266837	TRUE	0.0669562630021597	0.82672367446519
GSK3A	0.337023456381299	TRUE	0.0739511481670909	0.664263683627246
PAGE4	0.00106152555099884	FALSE	0.0129794946301729	0.0770365910016992
CPPED1	0.342472575699925	TRUE	0.119583875107113	0.666355038740957
DCAF11	0.435683083086818	FALSE	-0.00467925450716145	0.719727633904637
PAIP1	0.525831295577072	TRUE	-0.0579162561366608	0.768945197388241
VPS35	8.17955945670134e-08	FALSE	-0.0448559566150045	0.000856572447883932
EEF1B2	0.0834180864872213	TRUE	-0.0796878796233371	0.411169867465978
OLA1	0.390069012092559	TRUE	0.0501176175658826	0.694020481424373
LEMD3	0.268851845776744	TRUE	0.0698414883769392	0.618987021170051
PECR	0.119093475515908	FALSE	0.0121588118710512	0.467052932024664
EIF4G2	0.00203427558543912	FALSE	-0.002083046873806	0.096918701106278
PSMA2	0.208724341512932	FALSE	0.0643913494543055	0.565359779936547
ESYT1	0.0504418864953482	TRUE	0.0987312721027774	0.342948264819582
GNS	0.613962369952344	FALSE	0.0853164643648325	0.814240850449531
MBTPS2	0.313277776586444	FALSE	0.0474463995017545	0.646923458152193
TK2	0.00473311350098397	FALSE	0.0359600226491369	0.13450820548285
MATR3	0.0175117626980145	FALSE	0.0913908981669015	0.225857924140972
XPO1	0.233538565225974	FALSE	0.0379668270104324	0.588437039183015
PRPF6	0.354353500098279	FALSE	-0.0208770039235153	0.673173300390351
PALMD	0.267203161668016	TRUE	-0.0345291717708665	0.618987021170051
FAM117A	0.455264413563719	FALSE	0.0157982726495653	0.731506757177131
ASIP	0.681297450142129	TRUE	-0.0337284368083024	0.850796452330572
IRX5	0.129834295155666	TRUE	-0.0613405541170153	0.482211291441238
ACOT13	0.654966115575999	FALSE	0.0874458200601818	0.836868851928242
IGF2R	0.679742676150456	FALSE	0.0339898264816698	0.850144912827378
PPP1R13B	0.24903417894273	TRUE	0.039899832852254	0.601448041540279
FGD6	0.337450213352105	TRUE	0.0808519590181931	0.66464269049844
CREBZF	0.466007895897983	FALSE	-0.0544725228067055	0.738100295762821
MFAP4	0.584058638344144	FALSE	-0.0189725306089494	0.800319142016223
GPR22	0.354367354266691	TRUE	-0.0684490918307318	0.673173300390351
NUP155	0.129621020510992	FALSE	0.0347859360228259	0.481966931780199
SLC34A2	0.311737928266011	FALSE	-0.00980973403652105	0.646549502452608
CD5L	0.665890926792697	FALSE	-0.0236063054760063	0.842139589826512
CAD	0.612019627214692	TRUE	-0.0353763427561357	0.813152865075111
ZNF208	0.012746825593782	FALSE	0.13681312957664	0.19795421823845
DMC1	0.131865662275198	TRUE	0.0481855689628927	0.485352943837398
ATRX	0.668725651824559	TRUE	-0.0789424145820822	0.843644878286457
SDHB	0.64802283293689	FALSE	0.0540917761492248	0.832515767698534
QPCT	0.0134209686904798	TRUE	0.206258588046057	0.202903910003866
EZH2	0.409414617752043	TRUE	-0.0480454466227016	0.706345279796444
PRSS12	0.209556102369251	TRUE	-0.0384890652841103	0.56683126067866
CRYBB2	0.0711489533443204	FALSE	0.00293697632396039	0.388237719909167
UHRF1BP1L	0.353712581114174	TRUE	0.108843971149042	0.672999116398137
BRCA2	0.371601547050904	TRUE	0.0359957976767799	0.68285512382125
B4GALT6	0.58874402163225	TRUE	0.0599802979104782	0.802665439616218
TMEM45A	0.545657593845574	FALSE	-0.0361670925937654	0.778955610335809
GOLT1B	0.508370740120462	FALSE	0.0511822694737888	0.758600141740606
KCNK2	0.146313020306797	TRUE	0.0396433407835408	0.500767684050339
HRSP12	0.0367838688814505	FALSE	0.0420643078859915	0.307577361096721
USF2	0.254740137880227	FALSE	-0.0151440267560934	0.606267587336604
VAV1	0.198583647370901	TRUE	-0.0615448493782536	0.555162716355681
KLHDC10	0.683434433897184	TRUE	0.0356894375564751	0.852338654417088
ENTPD1	0.111061813954802	FALSE	0.0165169987444608	0.454467668146338
CTGF	0.649778238578363	FALSE	-0.025109302428957	0.833371275561595
SPTBN5	0.124431780647287	TRUE	-0.0608272632872731	0.476060529651821
CDK20	0.152178182319714	TRUE	-0.0398748742213422	0.508476833102717
DIO3	0.130768611318971	FALSE	-0.0090840729014903	0.483453141936594
TRAPPC2	0.467699671433869	FALSE	0.0821294469621716	0.738100295762821
ST3GAL6	0.612022241480618	FALSE	0.0581239391416148	0.813152865075111
ZNF189	0.647016163085351	TRUE	0.0600258711173613	0.832515767698534
GLT8D1	0.000155691679814685	FALSE	-0.0366323095265865	0.0362776285337425
IQCE	0.0393235934275457	FALSE	0.0022141996698637	0.314883337108893
APOOL	0.657525567103239	TRUE	0.0646284205305873	0.838093795569203
LLPH	0.560824338796737	FALSE	-0.0834995802240791	0.787444938594324
MICAL2	0.647673103915161	FALSE	-0.036086432824872	0.832515767698534
CTSB	0.266200236020752	FALSE	-0.0115727597043867	0.617900609260861
ARHGEF6	0.0231261982559301	FALSE	-0.0120209211631847	0.257200746368575
MTMR6	0.563839448573076	TRUE	0.0542147407042024	0.788916030030862
TAS2R7	0.305099171723134	TRUE	0.0554770906082123	0.643439232326714
TXNL4B	0.281199716979755	FALSE	0.0347227517070131	0.628615112092927
SCML2	0.176248019548004	TRUE	-0.0469740646570775	0.532784935658443
NARFL	0.0403998612891505	FALSE	0.0233022243695691	0.316359868821128
SCN3A	0.346199537400317	TRUE	0.0306863387638914	0.668054794086202
PRPF40A	0.152607604994854	FALSE	0.0351809322102835	0.50939582956628
CDH10	0.460899853318986	FALSE	0.0122347255964513	0.734351869767271
CIZ1	0.168908031235386	FALSE	0.00382445780297225	0.526304167374275
PCYT1A	0.610716352446536	FALSE	-0.0276253500700232	0.812783183144515
NFYC	0.0176945948292042	TRUE	0.116934210525463	0.2267107466309
CLCN6	0.0100533255144449	TRUE	-0.107316773422673	0.181765623542127
CETN1	0.597392126214019	FALSE	-0.0388449969517755	0.807159899173407
CHRND	0.595430657067103	FALSE	-0.0190343152236712	0.805981546323268
B9D1	0.0426374622555966	FALSE	-0.0090183639254029	0.320813659267558
DDX52	0.326978772437271	FALSE	0.0479275011003406	0.657572984842224
HEATR1	0.687136125565119	TRUE	-0.048501943213135	0.853185291527906
DNAJB9	0.632429187678926	FALSE	0.0399329376085964	0.824806841511917
PLEKHG6	0.40502307660427	TRUE	-0.044652727870536	0.704055904586206
ZNF408	0.400046361014132	TRUE	-0.0386163589614439	0.700827039029566
NPR1	0.607186526560975	TRUE	-0.0327889061301981	0.811131953896665
MTG1	0.438813617712819	TRUE	-0.059488169062993	0.720885043909071
IFNA7	0.0235265673516321	TRUE	-0.0896060383361902	0.258495879069919
PANX1	0.58379654041088	TRUE	0.063281940155319	0.800189016577986
AIF1	0.692569410710494	FALSE	0.0693555360157431	0.856630533814974
CBLC	0.442316890835542	FALSE	-0.0180527390453236	0.722607590360526
ACIN1	0.145842871564814	FALSE	0.002658444172658	0.500598580720017
CDH3	0.48742304254687	FALSE	-0.0183602112496782	0.749854849317994
BMP3	0.326855090147806	FALSE	0.0172792208398063	0.657572984842224
COQ2	0.596260940878636	TRUE	-0.0591443451758864	0.80638731477729
SPTLC3	0.51283210286234	FALSE	0.0299305846209896	0.761225712050801
CDH13	0.32390618739971	FALSE	-0.016532904877089	0.655122675424904
AMT	0.633893172748539	TRUE	-0.0476245439146661	0.825692621949112
PTH	0.340164512029213	TRUE	-0.0394363824998654	0.665879704885357
CUL3	0.352853984639574	FALSE	0.0253157439993359	0.672519759469814
LCP1	0.230811979356214	TRUE	0.0566023719653561	0.584763762521969
SIGLEC6	0.586498404579813	FALSE	-0.0214590098946732	0.801755201635694
NUDT4	0.437625973083017	FALSE	0.0304952084730074	0.720277786255983
ZNHIT3	0.046651735267925	FALSE	-0.01951427735919	0.334028893265042
KIAA0319L	0.498662282482368	TRUE	0.0467352730393183	0.754807791424133
KIF1A	0.33460593537145	TRUE	-0.0384962258745963	0.662649058250089
PTK6	0.206469703630404	FALSE	-0.0196682018720327	0.564110065313782
APOO	0.0817968860589318	FALSE	0.036376273340445	0.405708879671919
WDR4	0.648029503001219	FALSE	-0.0297631469681168	0.832515767698534
RPS6	0.130930743525511	TRUE	-0.0716734156379271	0.483590782031194
ISCA1	0.591303123077685	TRUE	0.0803560217628176	0.803904446814998
GPR97	0.26013233716533	TRUE	-0.100999996690429	0.610944608765053
AP1AR	0.376705213184333	TRUE	0.065149199473749	0.686261838654249
SLC20A2	0.248712953784748	TRUE	0.0361760147440795	0.601184434654712
NCSTN	0.538278044930819	TRUE	0.0852765307436883	0.775631664117715
HKDC1	0.0730922855375548	FALSE	0.003217770899651	0.392009443209016
MORF4L2	0.396632618767055	FALSE	0.0398879525446082	0.697923225356865
IL17RC	0.613078671107999	TRUE	-0.0332701783348939	0.813825690903021
AMOTL2	0.431117531413677	TRUE	-0.0362127226487803	0.718262917180067
SCAMP4	0.505835353608734	FALSE	-0.0136354885937755	0.757680420084986
RCAN1	0.305738138208288	FALSE	-0.00835594991220345	0.643439232326714
TRAF1	0.495977579245711	FALSE	-0.0607205774479979	0.753343779712132
SLC5A12	0.657465794921311	FALSE	-0.0241368850674028	0.838093795569203
IMPG2	0.162201818927759	TRUE	-0.0419423565765413	0.518766986483698
FKBP8	0.163826979098383	FALSE	0.00350861103175635	0.520703768558187
FCGR3A	0.39466157629059	TRUE	-0.190833606846977	0.697268247672016
CMTM6	0.693625046721962	TRUE	0.0696526303589946	0.856784728317627
ZNF467	0.487192314207915	FALSE	-0.0113189608727891	0.749854849317994
SLC43A1	0.606074017139634	FALSE	0.0251750108075339	0.810769977289483
SELT	0.00361246012304583	FALSE	-0.0395242371901848	0.120552474819468
C5orf15	0.195681412074843	FALSE	0.0246203784931438	0.551301332671625
NKAIN1	0.0863876980226	TRUE	-0.0621731393397007	0.417184884104881
C9orf16	0.481840265859406	FALSE	-0.0428675555152997	0.748158957608661
PEA15	0.430224383769829	TRUE	0.11300735811969	0.717475552297964
NPAS2	0.297170545061996	FALSE	-0.00843112185092655	0.637851816852321
VPREB1	0.514988490093282	FALSE	0.0239773566466516	0.762885566372318
XCL1	0.591762897747107	FALSE	-0.0473873785319994	0.804245369425885
CLDN3	0.0202488137059654	TRUE	-0.0784254620531369	0.242302356577516
KRT20	0.278829229390988	TRUE	-0.0345462564364292	0.626812972257022
FOLR2	0.171198324171845	FALSE	0.0322625037212517	0.528078835088289
ATF7IP2	0.140310723884017	FALSE	0.0360311197417864	0.495787877257983
ACTR10	0.266149865403531	FALSE	0.0436375987311245	0.617900609260861
LRRC17	0.237713281548165	TRUE	0.0454121908212115	0.590872026874655
CD34	0.0705837846033328	TRUE	0.0692935065480089	0.387642016983979
SLC35A3	0.194758600680162	TRUE	0.0981013373465562	0.550989963351387
STAU2	0.0912904492872112	FALSE	0.00611490507874726	0.423198039438957
GPKOW	0.385659067639018	FALSE	0.008864523728255	0.69117305931704
SYNE1	0.0129503540813343	FALSE	0.015698280218963	0.199138259228488
HIC2	0.484115456733546	TRUE	-0.0400917581117501	0.749414649454838
SORBS1	0.292586076072773	TRUE	-0.0750192165637336	0.634346752693916
SEC24A	0.298340987183392	TRUE	0.131125692823524	0.638642335977437
ADAM23	0.0194818809182904	FALSE	-0.00168244208952785	0.238301022365151
TLR5	0.502158975294928	FALSE	0.072902936703314	0.75582935340597
VPRBP	0.558126136029659	FALSE	0.0184332993844984	0.786067192184088
RAF1	0.670047545781076	TRUE	-0.0265705363455337	0.844748623705984
OGN	0.210460833984234	FALSE	-0.0114698847488905	0.567383594043563
SIRT3	0.641784964659814	FALSE	-0.0439033291353237	0.830176841836993
CTDNEP1	0.214417026213247	FALSE	1.23889876926034e-05	0.570380893439408
DLAT	0.174130767295528	FALSE	0.0224562070124055	0.529167006034895
PHOX2A	0.149187434221513	FALSE	-0.0161958696273606	0.505719309595992
CCNH	0.201198767169785	TRUE	-0.085163052742953	0.557296894816912
SIRPG	0.203909022784241	TRUE	0.0689950479823219	0.561007569807315
PLEKHO1	0.0681222097925684	FALSE	0.0366076881425362	0.383421279476008
PRDX6	0.537932714252083	FALSE	0.0658241137386852	0.775631664117715
DENND5A	0.609486778004169	TRUE	-0.0455736872729569	0.812281166180406
SETD4	0.208144754827561	TRUE	-0.0739405504792381	0.565359779936547
FAM188A	0.102977275354688	TRUE	-0.0739722880640321	0.441528421432346
HIST1H2BB	0.342953368845477	FALSE	0.0959833237863288	0.66656637801489
SMC3	0.288851629335468	TRUE	0.102164959949809	0.632033998189821
AP1S2	0.113246514397593	FALSE	-0.0381575313719891	0.459264029597392
TMEM115	0.0724473322326789	TRUE	0.0976800343257837	0.39055133326086
PKP3	0.261251696236069	FALSE	-0.0109349346616394	0.611959275596564
GEMIN6	0.642644843578076	FALSE	0.046501684490805	0.830625034250087
MAP2K5	0.667799297601535	FALSE	-0.0251188718473054	0.843044772614943
RNF4	0.399276618686723	TRUE	-0.0542086810047611	0.700180382835593
TUBB6	0.703312797776666	FALSE	-0.0508404704636771	0.862986682156103
TRIM15	0.538771398516469	FALSE	-0.0219074460775408	0.775631664117715
ATP6V0A2	0.195153976051053	TRUE	-0.0747793174437669	0.55103262202501
MDFI	0.0522686968892808	FALSE	-0.0071692279724904	0.347031879329511
C4BPB	0.562973034645428	FALSE	-0.0160370121148446	0.788871878379203
PAN2	0.0318448729341784	TRUE	-0.0985873365880231	0.292761626946306
USP3	0.368321065046895	FALSE	0.017710731313116	0.682012590916769
MLXIP	0.118315139952495	TRUE	-0.106293880766428	0.465501516974787
CCR4	0.59537765514545	FALSE	0.0750578515681303	0.805981546323268
ARMC9	0.33687604314934	FALSE	0.00721511588033285	0.66420404334383
RBPJL	0.476749287658996	FALSE	-0.0294976745091855	0.743966516862915
EIF4EBP1	0.593385726283624	TRUE	-0.0488493911644436	0.805121544852221
BCL10	0.0543432898006399	TRUE	0.108973521524792	0.348788023910053
RETN	0.675745884263146	FALSE	-0.0466532199075722	0.848328681483275
B4GALT4	0.662032396709724	TRUE	-0.0356641010575003	0.840343148582957
MRPL40	0.398491380757256	FALSE	0.0490997572663527	0.699673856674903
NDUFB6	0.323950334342309	TRUE	0.102057085444454	0.655122675424904
CYP2W1	0.0029016636873213	FALSE	0.0521609725689035	0.113095185309455
AFP	0.585950780890457	TRUE	-0.0195368155935069	0.801459095840397
RP2	0.000890983115684039	TRUE	0.206997187937461	0.0700145764944866
ARPC2	0.206303955028348	FALSE	0.0056439938791648	0.563978296367619
PIP5K1B	0.607155859424804	FALSE	0.0375551909871348	0.811131953896665
IL17RB	0.661612826804166	FALSE	0.0138632419553861	0.840092703598257
BAIAP2L2	0.182336743642155	FALSE	-0.0106100033683952	0.538767129187948
BBS7	0.690341702480392	FALSE	0.0520746481815537	0.855215182391037
GAL3ST4	0.558789636108726	TRUE	-0.0450608079165522	0.786285662140825
OR2F2	0.499070358717189	TRUE	-0.0496578479859564	0.754807791424133
DLL3	0.708945317605445	TRUE	-0.0336953799178938	0.865800929657804
SNRPD3	0.514454390696139	TRUE	-0.0438655539436006	0.762436065364465
SCN3B	0.123350607356581	TRUE	-0.0529152758243274	0.474538796417844
CKAP5	0.270324323274685	FALSE	0.0244121502559645	0.619837490584263
CHRNB3	0.100135052755619	TRUE	-0.0535178272363575	0.436509467534004
FERMT2	0.490034583535071	TRUE	-0.0232491678062319	0.750160457110732
ETV4	0.608834617317115	TRUE	-0.0333017148869028	0.811716508909451
NSFL1C	0.691143343381953	TRUE	0.0348550139111792	0.855555538851248
MOSPD1	0.63836649741162	TRUE	0.0737947074622803	0.827723009050928
TAOK3	0.0023706198151223	TRUE	-0.151520493759655	0.104187822029736
NKG7	0.263645169293174	FALSE	-0.0183470882983185	0.614215555582297
AOC2	0.543130580214888	TRUE	-0.0334777142801852	0.777304206391088
NAPG	0.010148391986617	TRUE	-0.0967706643721044	0.182654947200398
DDX4	0.222399537809956	FALSE	-0.0056720201879403	0.576668211272311
COL18A1	0.0878858363199567	FALSE	-0.013439925296244	0.4184038099236
CPA2	0.218500389824425	TRUE	0.0481801669311164	0.572452846631042
BTNL8	0.116412426763478	FALSE	0.0466879108578471	0.464703841013346
PTGER2	0.0113572787543514	FALSE	0.0635104101537969	0.191219183520293
STATH	0.706406815000449	FALSE	0.0442281415995256	0.864631571166892
PMPCA	0.334852403427671	TRUE	-0.0485206810978896	0.662649058250089
NUFIP1	0.629473169545481	TRUE	-0.0369755877316224	0.823252164876148
WDR3	0.552751847947745	FALSE	0.0279545443254983	0.783043120562965
FBN1	0.639181900716143	TRUE	-0.0262089424787568	0.828066587095358
RANBP3	0.241114914826167	FALSE	0.0035434544588018	0.595383714985608
ABCA5	0.136238918433244	TRUE	-0.0870648599530814	0.489136716266414
CIRBP	0.0389960025254089	TRUE	-0.1384640102004	0.314280060724649
TM9SF1	0.159101330140103	TRUE	0.105874205532977	0.515737559307784
ARHGEF11	0.281498979846306	FALSE	-0.00933636197233145	0.628615112092927
GPR176	0.259972929486154	TRUE	-0.0377554411145406	0.610823258898362
WWTR1	0.506193322369162	FALSE	-0.0221982015024591	0.757680420084986
DMP1	0.12819103448119	TRUE	0.0425043528603144	0.479049001236943
ACOT7	0.387922610339958	FALSE	-0.0237148987089393	0.693247356760407
HES2	0.611134347664284	FALSE	0.0273133753587493	0.812924103222644
SIN3B	0.33445004260738	TRUE	-0.0872201454343502	0.662649058250089
ERC1	0.11823878379948	TRUE	-0.0793724746059068	0.465501516974787
MAP3K12	0.0186843124925763	FALSE	0.0169928556485937	0.232304187887415
QKI	0.484238934008149	FALSE	0.0411140657382843	0.749414649454838
KCMF1	0.276874992847455	FALSE	0.0210904693321963	0.625846273351116
GPN3	0.0238495225177932	TRUE	0.20084710973349	0.259529496957061
EAPP	0.290343190588152	FALSE	0.00429016231625835	0.633481131052348
CST7	0.409831830412643	FALSE	-0.0415644790896157	0.706388751268942
ENTPD2	0.0290769769605712	FALSE	-0.00104529308383496	0.280958577732576
TRMT61B	0.64501955977618	TRUE	0.064687604442341	0.831993326081119
GPHN	0.424594695224622	TRUE	-0.0307995121798967	0.714948193214849
CRLF3	0.547657494514673	FALSE	0.0279936962734881	0.78033432758049
PEX13	0.302141139656935	TRUE	0.0869487685619978	0.640850362625704
LGR4	0.404112751783998	TRUE	0.0336678081695462	0.703664036615926
EPS8L2	0.594020844781717	TRUE	-0.0406551516912664	0.805576041865278
CHMP2B	0.557390490718336	FALSE	0.0966021649990319	0.785612277719728
SEC23B	0.332224611102018	FALSE	0.0202697692408673	0.661911219007552
ZNF639	0.626857841059143	FALSE	0.0537821379456829	0.821581974191131
SLC29A1	0.346617422727126	TRUE	0.0703638870180378	0.668054794086202
SNRPC	0.384072127766904	TRUE	-0.0605501985075909	0.690754300775463
SERPINF2	0.170708929501309	FALSE	-0.00868555188405695	0.527582233154421
ACTL7A	0.2566462934106	FALSE	0.0321586432206511	0.606908777809239
COL9A1	0.0339390416756239	TRUE	-0.0583607030395594	0.298239834742115
TUBA1B	0.686185536938626	FALSE	-0.0878485235881426	0.853107305839626
CCR1	0.0304306252906191	TRUE	0.279400224520826	0.28828119597518
TXNRD3	0.325646105538489	FALSE	0.0230149221411806	0.657028064864165
RAB20	0.0115505702725973	FALSE	-0.0390821563090259	0.19260575929556
MRPL18	0.224322251241364	FALSE	0.0351296885935907	0.578337186286038
RTN2	0.637374623387463	TRUE	-0.0328152800151127	0.82728833042473
DRG1	0.0620869114479315	FALSE	0.0612751888718869	0.369551053234735
GIPC2	0.624627372489723	TRUE	-0.0235143863172871	0.820617952725246
ATP4B	0.711314013332957	TRUE	-0.0344141748036453	0.866606468424941
CHD2	0.0187873457206508	TRUE	-0.10015972460529	0.232819358608153
E2F6	0.0921017844556948	FALSE	0.0339539476937606	0.424330155147084
SLC31A1	0.0564081977000288	TRUE	0.140859503183929	0.355665011262286
RAB4A	0.245550130742593	FALSE	0.0021447343966982	0.598352651329515
APOL3	0.229407568962567	FALSE	0.0098706317191435	0.584288505046393
TFB1M	0.171436168444671	FALSE	0.0282475997132196	0.528237694020144
ANKMY1	0.150128702175979	FALSE	-0.018990288148303	0.505719309595992
MSX2	0.109134650489901	TRUE	-0.0435678586010168	0.45250729603179
DYNC1LI1	0.0722430417722842	TRUE	0.133875475304093	0.390322465949818
SPEN	0.709967819865267	TRUE	-0.0447577937617831	0.866126503830461
GLRX5	0.137967777518144	TRUE	-0.064245803861473	0.491495832570418
LLGL1	0.450009726265077	FALSE	-0.000182368200056349	0.727564209542128
HHLA3	0.282260479691982	FALSE	0.0509498150169872	0.628615112092927
KHNYN	0.0592144638602094	TRUE	-0.0945711478711762	0.360644597450668
DPT	0.598254785801243	TRUE	-0.0231813524515987	0.80777681274538
ADCY9	0.0227858830761505	TRUE	0.0654078175262205	0.256033514655861
RNASEH1	0.706385677325118	TRUE	0.0353094140621071	0.864631571166892
PRO2012	0.619001109896985	TRUE	-0.0495860535049184	0.817000766514016
SRCAP	0.565498744130619	TRUE	-0.0337630335186749	0.790109137461874
BMS1	0.262696532107314	FALSE	0.0219350497016988	0.613283091942522
KCNAB3	0.501804179482816	TRUE	-0.0398596460725664	0.75582935340597
TKT	0.691022582616556	TRUE	-0.0431101000611261	0.855555538851248
CST5	0.0703935997112718	TRUE	-0.0730611235872374	0.387472343265102
CD36	0.436596333260133	FALSE	0.0481983407801137	0.720277786255983
SERPINC1	0.527372068771806	TRUE	0.0340156196783443	0.769378804005495
UBA2	0.600731975630045	TRUE	0.0314778712505923	0.80822734575397
UGT2B17	0.370734489702647	FALSE	0.0342861888979464	0.682647558715216
PCF11	0.064065794138382	TRUE	0.105100949099862	0.374041240501554
KCTD14	0.221978551732831	TRUE	-0.0508331121886032	0.576107758777424
SPINT3	0.545780615487121	FALSE	-0.0619489843283231	0.778955610335809
TGOLN2	0.000494498486182891	TRUE	-0.148768963553989	0.0534011269983601
TGIF1	0.649907739774222	FALSE	-0.0213880327974789	0.833443096731498
PNMA3	0.437053627230341	FALSE	-0.0169046345739754	0.720277786255983
KLF9	0.49718182376911	TRUE	-0.0484824321446031	0.75438842495891
NUBPL	0.00830605255178716	FALSE	-0.00411680528531775	0.166989946604104
SUGP1	0.155022285472521	TRUE	-0.0532464884695058	0.512656743147919
KLF12	0.506014359735764	FALSE	0.0644923701514206	0.757680420084986
NPL	0.533760176681073	FALSE	0.0392993357302289	0.773886041992068
UFSP2	0.412575353038499	TRUE	0.0923059624443446	0.707429263946921
RAX	0.643514447482554	FALSE	-0.0345426686239421	0.830956409511825
TMEM222	0.711612384469938	TRUE	0.023740674785941	0.866606468424941
PBX1	0.710842491469737	TRUE	0.0798710205352376	0.866320186024866
VASH1	0.541619790063049	TRUE	-0.0638344685415331	0.777100695878136
HSD17B4	0.434945645331449	FALSE	0.0353376033919856	0.719714220538262
PIN1P1	0.574559092084814	TRUE	-0.0432383175974543	0.795983329001077
PTAFR	0.636703363661921	TRUE	0.121489461878157	0.82728833042473
LSS	0.476314490930951	FALSE	-0.019229005557225	0.743909858280821
ADORA1	0.0149266766869339	FALSE	0.0211459899677943	0.212168611362796
KCND1	0.52107477705547	TRUE	-0.0497035299464099	0.765940743716875
SRPK2	0.269634752400387	TRUE	-0.0753396429284825	0.619657166085933
EMR3	0.119389952304914	FALSE	0.031663190156631	0.467136876875575
DEFB126	0.491368288062776	FALSE	-0.0345079219732396	0.750488283720881
CACNB1	0.0417421581206511	FALSE	-0.000942591517760799	0.318723219275291
CD180	0.0166280842748488	TRUE	0.226430024511714	0.22156584107458
SS18L2	0.312858652040233	TRUE	0.0563383315712312	0.646735264704011
HCK	0.0142079553340799	FALSE	0.0359240753971459	0.207512596289764
CBLL1	0.00909325061585472	TRUE	0.128501014935997	0.176555425912974
CRIPT	0.442087810280165	TRUE	0.0925054153158732	0.722607590360526
PCGF1	0.508326959812001	TRUE	0.0428265739190596	0.758600141740606
LAPTM5	0.559889488986304	TRUE	0.0590930993679011	0.786775253668956
SFT2D2	0.667163303717075	TRUE	-0.0520930539161762	0.842842547508807
PENK	0.447044994664717	FALSE	-0.0243135585474978	0.725808017540554
DIP2C	0.305373656240415	TRUE	-0.0501382694341998	0.643439232326714
PJA2	0.651719584730309	FALSE	0.0601269308059431	0.834633879744406
POM121L9P	0.00946873395977491	TRUE	-0.0882205588227095	0.179534117541404
NPRL2	0.00689902036831597	FALSE	-0.0305773910687691	0.15552284683168
VPS33A	0.348499946139061	FALSE	0.0323035952971144	0.670137775905801
DEGS1	0.33317219746023	TRUE	0.155732655241092	0.661911219007552
DDB1	0.63130571275827	FALSE	0.0456292475527391	0.82439852604224
ALS2CL	0.0165308285934465	FALSE	0.0527025336349403	0.220780995784559
PRAMEF1	0.686082254056948	FALSE	-0.057330516832224	0.853107305839626
CDC42EP3	0.603581114576816	TRUE	-0.0693035662552124	0.809845729284879
OSTM1	0.550657519063853	TRUE	0.0710474242925913	0.782052305694517
SDC4	0.549819250108851	FALSE	-0.0449360633320342	0.781841043012824
PGRMC2	0.0852915260018677	TRUE	0.113328925606474	0.414485517030395
MKKS	0.0283995549298197	FALSE	-0.00325750117887399	0.279335958955939
STYK1	0.352267478763049	FALSE	0.0200927718731547	0.671908051470096
ABCA2	0.710551410825886	TRUE	-0.0472055857551145	0.866320186024866
CEBPD	0.639947293446544	FALSE	-0.013537897137601	0.828730283278936
PTK2	0.625036147227098	FALSE	0.0482048836973067	0.820617952725246
DPEP2	0.0242788839595589	TRUE	-0.115028484508896	0.260772440791205
HAGH	0.522742688309093	FALSE	-0.0336567288881095	0.766777996143791
KCTD7	0.526699309518949	FALSE	-0.031545321577398	0.769222497505842
KCNE2	0.126326746422526	FALSE	0.0334970186828911	0.477954320979065
YPEL5	0.614543125236155	TRUE	0.0634205692933448	0.814339663089022
ANP32B	0.18255053398736	FALSE	-0.015347684527349	0.539150015289546
HYAL2	0.590933154833916	FALSE	-0.0214413992027302	0.803904446814998
TMEM121	0.270003953226265	FALSE	-0.0244834660671374	0.619837490584263
TGFB2	0.157433761957838	FALSE	-0.0289783608685115	0.514121438019989
SOX5	0.178213957773214	TRUE	-0.041997413719904	0.535586553721304
EP300	0.00540909432010185	TRUE	0.132799049675764	0.141976204851007
RAB27B	0.662300594359764	FALSE	0.128423164668895	0.84044121375828
TAGLN2	0.212608841593798	TRUE	0.106370448583722	0.569249505273218
TTC3	0.0909916747890034	FALSE	-0.0176963034509343	0.422990145322678
B9D2	0.277571294530626	TRUE	-0.0626927063908966	0.625846273351116
MAP4K1	0.235220789960571	TRUE	-0.106360518740902	0.589820552269553
MYH9	0.167220943063449	FALSE	-0.002079255748943	0.524833654896133
KCND2	0.125151381101554	FALSE	0.0178499271755226	0.4772411338684
SEC61A2	0.350419302770281	TRUE	-0.073322969860638	0.671444428188378
MAPK1IP1L	0.678879950990541	TRUE	0.0739326006271615	0.849648980605049
DYNC1H1	0.61970138541124	TRUE	-0.0403752658583043	0.817544387338924
IFT140	0.00235056099092148	FALSE	0.0105478366946019	0.104187822029736
RFK	0.447766641328612	FALSE	-0.0160526585366188	0.726563529768908
EXOSC9	0.000439509521841678	FALSE	-0.0085115930281949	0.0505900371877312
ESD	0.434860259692627	TRUE	0.113031366780471	0.719714220538262
POFUT2	0.683755424928898	FALSE	-0.0419684045134061	0.852414309910629
ABI3BP	0.206810600347356	FALSE	0.0051297417611376	0.56456801592104
RBM19	0.532388755510268	TRUE	-0.0762704665479566	0.773044429503974
TMCO6	0.158612951864957	TRUE	-0.058635837254684	0.515595080260899
PRG4	0.435656049609137	TRUE	-0.029059100632931	0.719727633904637
HSP90B1	0.503218429228424	FALSE	0.0306028217501934	0.756863479111434
NEK4	0.338857240719422	TRUE	0.0886390340765977	0.66524204992795
FRMD8	0.72436850699124	FALSE	-0.0410300372354855	0.872888508228115
ARL6IP4	0.1614965534648	TRUE	-0.0668940202563703	0.517436965170207
SCN1A	0.612748291210048	TRUE	0.018388003620013	0.813646237063699
TEX15	0.365479668709186	TRUE	-0.0354494738098126	0.680823716690235
SACS	0.686161920174282	FALSE	0.0484142738485713	0.853107305839626
BRSK2	0.000577098233158384	TRUE	-0.0850323672652747	0.0589524041962424
TPRA1	0.111631139315624	FALSE	0.0167605558597113	0.45555102727582
EMP1	0.607915234104172	TRUE	-0.0626899852329034	0.811245244145841
PPY	0.365277810942059	TRUE	-0.05351277699764	0.680671339075104
CXCL2	0.389699639217638	FALSE	-0.0335369272874466	0.69396648904483
OSGEP	0.0720455652777609	TRUE	-0.0973643878083567	0.389820912000371
NOS2	0.139877902712382	FALSE	-0.00038107958780835	0.494875363137504
MST1R	0.407054324429448	FALSE	-0.0108049518628439	0.705459626222554
ABCA3	0.427782578519581	FALSE	-0.011718184282179	0.716267479810417
DNAJB4	0.562854675453956	FALSE	0.0683113569350682	0.788871878379203
COL5A3	0.0331783593405168	TRUE	-0.0747315279647988	0.295762119938774
GGNBP2	0.0678014879711287	TRUE	-0.0799848454553685	0.382793434746891
ITGB1	0.624308425181469	TRUE	0.0565710533546522	0.820472094707079
PTPN4	0.0999057403938714	TRUE	-0.096504702413468	0.436473184994697
DCK	0.152197757434573	TRUE	0.118490764654995	0.508476833102717
RFC1	0.713139585518201	TRUE	0.0415845756093005	0.867255444035917
MTMR12	0.565459864778947	FALSE	0.0362523223510678	0.790109137461874
CAPN6	0.14417775949361	TRUE	-0.0346987635073903	0.49894156195605
PPP2R2A	0.553364037700547	TRUE	0.0587646064279914	0.783046745044718
CLEC4A	0.195230085521483	FALSE	0.0510502430074419	0.55103262202501
MAFB	0.384328756017122	FALSE	-0.0182096545941652	0.690874854382425
NPHS2	0.638897034958184	TRUE	0.027567351166907	0.827937540501811
MME	0.0378472580746307	FALSE	0.0154764967326788	0.309855638489702
CDX1	0.702966681636536	TRUE	-0.0267033545129651	0.862859306748589
CALML4	0.277998979619297	TRUE	0.0701968414599206	0.626517244823884
PIK3C2G	0.169152161215775	TRUE	-0.0317293221851039	0.526325062666292
SPON1	0.53797021496617	FALSE	0.0168692390642371	0.775631664117715
KDM4C	0.68545405209673	FALSE	-0.0507325583424814	0.853107305839626
ZNF613	0.299981702335551	TRUE	0.0538437020124048	0.639788564624894
XPA	0.443982807024644	TRUE	-0.0442068786179637	0.723839812021445
BFSP2	0.285201459054833	TRUE	0.0377850589505355	0.630804313860432
HOMER2	0.263208190166054	FALSE	-0.0397296246198912	0.613971953979198
ETF1	0.64364550859344	TRUE	-0.0349428910685869	0.830956409511825
HAUS2	0.342093442002324	FALSE	0.0141158573597626	0.666303315229786
RDH8	0.629080528549152	TRUE	0.0313892650192309	0.823213400256068
SUPV3L1	0.0182944913792658	FALSE	0.00441765562133555	0.229868237886362
TNXB	0.0458072407614679	FALSE	0.0264528465970212	0.333374558425585
ATP5L	0.604187330030839	TRUE	0.0977763928810402	0.81008397010993
SOCS2	0.559961541441041	TRUE	-0.0426647974398407	0.786775253668956
TM4SF5	0.649732059443967	FALSE	-0.0250516737739863	0.833371275561595
FOXC2	0.00995954105937402	TRUE	-0.0920258262936677	0.181316222892852
CASQ1	0.246034498121123	FALSE	-0.0176198195297328	0.598352651329515
GPR1	0.21589845913167	FALSE	0.0131125288962135	0.571445524765175
WNT1	0.00115890048420983	TRUE	-0.0883657199856519	0.0794464460801913
CAMK2N1	0.352896425508898	FALSE	-0.029050984751291	0.672519759469814
PLXNA3	0.694682716015311	TRUE	-0.0414805215718035	0.857333966058562
CD101	0.508097156795592	TRUE	0.121705460344733	0.758466780003319
ARMCX3	0.0293778761486726	TRUE	-0.105501217749207	0.281676473985794
TFDP1	0.711524761370011	TRUE	0.0715581116720731	0.866606468424941
FASTKD1	0.0424931693101629	FALSE	-0.0451669026206368	0.320578873458375
ZBTB3	0.297894155839422	FALSE	0.0405167981705901	0.638167737212016
C19orf54	0.721223499125745	FALSE	-0.0224669594013398	0.871799696961032
ZNF212	0.127254312027695	TRUE	0.0580252615663901	0.477954320979065
ZNF26	0.00491529717987535	TRUE	-0.101944126743037	0.135937938347821
SHCBP1	0.457724598972533	FALSE	-0.0130261099791702	0.732863488809595
EEF2	0.0507411702663906	TRUE	0.082999688981001	0.343603794623373
TXNRD2	0.531160275963095	FALSE	-0.0199488040053524	0.772058244987249
PRKCE	0.134547530866754	TRUE	-0.0564806302279615	0.488139357883529
ACTR1A	0.391298269875985	FALSE	-0.00333108631434875	0.694480671524407
ZFX	0.281424453293654	FALSE	0.021905836980896	0.628615112092927
NOV	0.163557055526714	TRUE	-0.0484624662269546	0.520655096186807
ILF2	0.719039805325821	FALSE	0.0459103075493958	0.87067185843713
SAMHD1	0.19094190279787	FALSE	0.0384298998215921	0.547836547308532
TWF1	0.1073403716265	FALSE	0.0288240477840453	0.448418118524473
KLHL36	0.277053408529004	FALSE	-0.008873693488884	0.625846273351116
IL17A	0.326276639563244	FALSE	-0.0207538761315429	0.657300905470371
USP5	0.565075479396008	TRUE	0.0367685738232497	0.7898657372869
CLIC3	0.254148963966424	TRUE	-0.0821506711283076	0.605795750395919
CD46	0.0141072603487482	FALSE	-0.0285648533353742	0.207217409229612
OAZ3	0.00154039783726246	TRUE	-0.0698747824095954	0.0864776387869746
LMF2	0.66884812751732	FALSE	-0.0334070638187143	0.84370551984858
RAB27A	0.585234329948504	FALSE	0.0510605207473	0.801109532156888
ANGEL1	0.131992364519286	FALSE	-0.0022398020093637	0.485613699313493
GCAT	0.335058933714648	TRUE	-0.0526117882815047	0.662649058250089
KRT32	0.0876912650446913	TRUE	-0.0540116176649827	0.4184038099236
MED28	0.29364832603117	FALSE	-0.00479145868783345	0.635313560173142
MTO1	0.564695556228627	FALSE	0.0197918900258096	0.789495080455678
HAUS7	0.429324875377008	FALSE	-0.00727308138891215	0.716710957450616
GNL1	0.0136497226302259	FALSE	0.0679563632576303	0.204187605414421
ERAP1	0.570310574816447	TRUE	0.0879826851901137	0.792981097126248
DNAJB1	0.230463478695503	TRUE	0.07485853499416	0.584763762521969
UCHL1	0.576109400846046	TRUE	-0.0276078940317865	0.796534379337175
TNFRSF25	0.0401546335825265	FALSE	-0.0226306261606853	0.316189854300186
MOS	0.00723483040198637	FALSE	0.00257130555612761	0.159913726955406
ALDH1L1	0.502030758628136	TRUE	-0.0308214057602179	0.75582935340597
HR	0.155042318967988	FALSE	-0.003521055219013	0.512656743147919
BIRC7	0.00569238252170656	FALSE	0.0487762960757037	0.14385313245081
HIGD2A	0.542344662842961	FALSE	0.137808766944671	0.777304206391088
DOCK5	0.235949801669012	FALSE	-0.0321683458833202	0.590221129422679
DPM2	0.701135434218558	FALSE	0.0437077671983981	0.861527382813636
GOLGB1	0.158619266760014	FALSE	-0.0172115810771993	0.515595080260899
TF	0.0248450337334407	TRUE	-0.0557382657549432	0.262222209906497
MED8	0.259629411531187	FALSE	0.0422453591454009	0.610269050031536
UBR7	0.535508187183791	FALSE	0.0495754752642157	0.774279906077429
IFI6	0.280772183984096	FALSE	0.0415264740545955	0.62819175102519
HSD3B1	0.61522792574783	FALSE	-0.0245331212265527	0.814961384352178
RHBDD3	0.0550226214636898	FALSE	-0.0118009302713852	0.35051917887956
MLLT3	0.412641153728475	FALSE	0.0602141603054257	0.707429263946921
RBM23	0.550193365685494	FALSE	0.0516715638501689	0.781980768802685
MMD	0.617679879565993	FALSE	0.094622065838764	0.81667401183589
HSPA6	0.136415952545123	TRUE	-0.135871555766158	0.489136716266414
HCFC2	0.681929043916039	FALSE	0.0408221027510067	0.851464419589838
SS18L1	0.501781857613823	TRUE	-0.0475800760745751	0.75582935340597
ADORA2B	0.704710258724646	FALSE	0.0275727404761996	0.863487100030123
HTN3	0.472653015502795	FALSE	0.0314029784595675	0.741391237227485
PROSC	0.57563032752642	FALSE	0.0395981754558248	0.796534379337175
PIGQ	0.00762048116168091	TRUE	-0.0701819771446965	0.162604763009695
NUSAP1	0.632625901810489	TRUE	0.0772942124870535	0.824806841511917
MYC	0.320385964484541	FALSE	0.0282392870698873	0.652743820843035
ANAPC10	0.183658422079463	TRUE	0.103970050916604	0.540603686224248
MBD4	0.115160541306569	TRUE	0.103536375067578	0.462559467897692
APRT	0.654778768926422	TRUE	-0.0532940280349444	0.836850367544713
TTC33	0.453950917686673	TRUE	0.0946485990012109	0.73066413026339
TFCP2	0.302676888098365	TRUE	0.0654052132455041	0.641145756425811
CAPN10	0.661519462929355	FALSE	-0.0387237478109737	0.840092703598257
NKRF	0.718251918697221	FALSE	0.0393501507386369	0.870299049594763
ZNF224	0.58459804120722	TRUE	-0.057002423365712	0.80076796197737
ASXL2	0.0410997260616847	TRUE	0.116367087846799	0.318045567752296
MYCNOS	0.500915480901828	TRUE	-0.0398256272384114	0.75582935340597
ARHGEF17	0.628997179181239	TRUE	-0.0287360867133719	0.823213400256068
RPP40	0.190703502974743	FALSE	0.00936542758894055	0.547717077059424
C1QL1	0.23187899032778	TRUE	-0.0813450002939258	0.585845782381171
LEP	0.298965109233063	TRUE	0.0443959043791193	0.639013265521903
HIST1H2BM	0.183823964589509	TRUE	-0.098771178472402	0.540603686224248
SCT	0.101603007378144	FALSE	0.0191483767320395	0.43884293293279
FZD8	0.711013800095963	TRUE	-0.0473584460346563	0.866435838719841
GLS	0.607123711116934	TRUE	0.0546200616081532	0.811131953896665
HSD11B2	0.252357040015513	TRUE	-0.0432833135305324	0.604579859863914
PPIP5K2	0.305788279723906	TRUE	0.137178924758025	0.643439232326714
ZFY	0.618713153750028	TRUE	0.0316410489031465	0.816962089082258
SLC4A8	0.617202889873524	FALSE	-0.0382717814146534	0.816432987433025
TUBAL3	0.721689138391623	TRUE	-0.0276592563264799	0.871799696961032
L3MBTL1	0.672493200978163	FALSE	-0.0238534346395309	0.846326349155537
CCL27	0.390988417582051	TRUE	0.0400179677588479	0.694480671524407
RAP2C	0.437498127553473	FALSE	0.0042475498462942	0.720277786255983
KCNA1	0.378207480810078	FALSE	0.0438008566033289	0.687038549328016
AHR	0.123104366130568	TRUE	0.139085109767116	0.474035694212474
TTC19	0.373058004851592	TRUE	-0.050010230102731	0.684150851853826
NDUFB11	0.507002941692078	TRUE	-0.0478296643671712	0.757887480599397
CLDN5	0.322260495824743	FALSE	-0.0276946727794965	0.654506853332753
IFI44L	0.357370608754738	FALSE	0.018852623719125	0.675708743149904
MTCH2	0.534423830731319	TRUE	0.0567948366947722	0.774122613268066
RAI2	0.701476324316618	TRUE	-0.0325624105883056	0.861852859619257
PQBP1	0.386720548882802	TRUE	-0.0516150715124297	0.691753321309686
IGJ	0.61126782443947	FALSE	0.103415360601154	0.812924103222644
TRDN	0.691313667705712	TRUE	0.0636151934979381	0.855578004596711
TMEM132A	0.599411724281574	FALSE	-0.0269208354802722	0.807981822292757
ANGPTL3	0.639152550445775	TRUE	-0.0283401100640552	0.828066587095358
ZNF23	0.290555874772286	TRUE	-0.0421001275567616	0.633565862894856
APOBEC3C	0.470900547602035	TRUE	0.0885716485485629	0.740569924431121
LAP3	0.176867289741442	TRUE	-0.119864705812355	0.533377180419738
SLC37A1	0.0237533092452284	FALSE	0.0117115803459207	0.259449167607816
ZBTB1	0.0592161798524214	TRUE	0.122229531737855	0.360644597450668
POLR2B	0.141539513709394	FALSE	0.0231284254820511	0.496570713474881
FASN	0.543921120556435	TRUE	-0.0409129307722522	0.777451353332839
SYT5	0.0304693513255164	FALSE	0.0023422392174566	0.28828119597518
INO80D	0.727406746848008	TRUE	0.037453383530655	0.874150218367694
SLC4A2	0.0282286203406752	FALSE	-0.00419550316181651	0.278092377100709
GMPR	0.441627757044437	FALSE	0.0802340754787366	0.722607590360526
SEPT2	0.0312142943879197	FALSE	-0.0348030039001922	0.290554687475148
DDO	0.621516282154349	FALSE	-0.0230232124500192	0.818415180971799
NPTXR	0.59579657123923	FALSE	-0.0256848181143159	0.805981546323268
IKZF5	0.431446503449672	TRUE	0.104352402812028	0.718499535978563
CDC7	0.69364880553451	TRUE	0.0347110357318821	0.856784728317627
CNOT3	0.12444853797258	FALSE	0.0598347467383224	0.476060529651821
KIAA0087	0.238564851414224	FALSE	0.0222159376322937	0.592105144921298
SLC26A1	0.525703675960351	FALSE	-0.0223301755814696	0.768945197388241
SF3A1	0.714859995665011	TRUE	-0.0199118491883281	0.868230657519218
RMND5B	0.549041411351054	FALSE	-0.0153003644435486	0.781126795898318
IGFBP4	0.296673336086632	TRUE	-0.0605326622012203	0.637600257370417
E2F3	0.056785126928726	TRUE	0.122160471803076	0.355935076973369
DCX	0.664341155200079	FALSE	-0.0190470849811022	0.841762113647332
PTGER1	0.193700029129362	TRUE	-0.0629261084399921	0.549640798372832
CTF1	0.253753799977448	TRUE	-0.0627286039082953	0.605790595632738
TNFAIP3	0.4731877368107	TRUE	-0.0648651491480106	0.741885008361329
SRI	0.467493476543102	FALSE	0.0264265668502529	0.738100295762821
GPR162	0.485925019900914	FALSE	-0.0304571792115893	0.749507651769684
KCNG2	0.0702179397685222	FALSE	0.0170811679730509	0.387445848678965
GAS1	0.0621895519312997	FALSE	0.00541124714848795	0.369551053234735
BTBD1	0.580065262289486	TRUE	0.046761861526587	0.797860389447958
B3GALNT1	0.235115223101393	TRUE	0.0314668476613899	0.589686245243683
ERCC3	0.285673108124739	TRUE	-0.0698921399549772	0.631106658803079
MAP3K4	0.268119731468993	TRUE	-0.0855157233798925	0.618987021170051
AEN	0.647467502933178	FALSE	-0.0235778953916945	0.832515767698534
ZNF606	0.562843530501295	FALSE	0.0093731730997741	0.788871878379203
BANF1	0.155508963602368	TRUE	0.139161641259634	0.512804403662896
CCDC57	0.0678218546967549	TRUE	-0.0759776025277636	0.382793434746891
NRAS	0.463546312577689	TRUE	0.0770548021640017	0.736341007697971
PUM1	0.0514362203826475	FALSE	-0.0193243055643659	0.345919206377447
ATP1A3	0.194183635311813	TRUE	-0.0593621227562271	0.550324479080391
KHSRP	0.530666328636561	FALSE	-0.00801088458521315	0.771538081857927
ALX1	0.468046161293166	TRUE	-0.0449495315500962	0.738150714575471
DAB2	0.179745427800625	TRUE	0.148276237260517	0.537587636872547
CDKL5	0.0220927861926835	TRUE	0.0896101520743185	0.252587687946549
HIST1H3C	0.275900490303817	TRUE	-0.120399792544379	0.625672664569943
TLE2	0.0867650182405125	TRUE	-0.0554432485129781	0.417468178116588
OXA1L	0.00401191595695911	FALSE	0.0133302380318875	0.12578993415208
ARL14	0.241437704310223	TRUE	0.0418613817847304	0.595572936481889
FYB	0.437178284650819	FALSE	0.0156603950095491	0.720277786255983
RWDD2B	0.00380171395692681	FALSE	0.0209112656174405	0.122578970654052
ACTR2	0.120494508615892	FALSE	0.216092300702611	0.468753270300837
TSPO	0.540074931427015	TRUE	0.120136642575608	0.776277500530623
KIF14	0.24444823954845	FALSE	0.0123711980414471	0.597776839829552
LY96	0.441761554012922	TRUE	0.193153898578835	0.722607590360526
SPATS2	0.739086539264843	FALSE	-0.0331345861832153	0.879758297985416
B3GNT3	0.312610582811691	FALSE	-0.0128605882740538	0.646735264704011
CHMP7	0.00346846853562534	TRUE	0.0985926135505861	0.11775139139358
MAN1C1	0.610468798365936	TRUE	-0.0369732795328784	0.812644482821243
AREG	0.495949374158721	TRUE	-0.0550050924281455	0.753343779712132
KLK10	0.00626132708753792	TRUE	-0.0765665255621988	0.151057846479984
NPDC1	0.280213113273049	FALSE	-0.0224375660688245	0.627598298428661
DCLRE1B	0.644502560409464	TRUE	0.0916037226550219	0.831779482413261
MED16	0.701720234264527	FALSE	-0.0230998727320042	0.862059126362457
BDKRB1	0.250819513278844	TRUE	0.0490964249211978	0.602934590008229
ABCA12	0.110153299008815	FALSE	0.0030542932135984	0.453970160025283
BSPRY	0.520234238548534	TRUE	-0.0451349706570601	0.765598446580381
RBM41	0.518591244348052	FALSE	0.024777755499886	0.764603171194466
VAPB	0.720963125949142	FALSE	0.0316091165471066	0.87172114364868
MYL1	0.146123511811448	FALSE	0.0026110220094675	0.500598580720017
GHITM	0.238586154611995	FALSE	0.00337673573135	0.592105144921298
PTPN9	0.156394336000288	TRUE	0.112044117380712	0.513155275548692
CLN6	0.582615408247993	TRUE	0.0693758728745052	0.799597689920599
VPS4B	0.341722987324001	TRUE	0.0593364734631292	0.666303315229786
RAB33B	0.0286824835633144	TRUE	0.116356835767975	0.279888710089864
ELP4	0.282751724216916	FALSE	0.0270422625683269	0.628897960159987
PMAIP1	0.537165527613797	FALSE	0.0285131858290606	0.775518196793079
MOCS3	0.0962958093826209	FALSE	0.028684767138242	0.431724281533479
PDPR	0.323309767374665	TRUE	0.0864556844345326	0.655122675424904
PSG7	0.516674007397067	TRUE	-0.0529905541495233	0.763729183923262
CAPNS1	0.167659428445413	TRUE	0.1057116671991	0.525199083098898
PHKG2	0.637620767433353	TRUE	-0.0335821190233956	0.827486311634107
ARMCX6	0.0985098131758	FALSE	-0.0125416983501489	0.434795758213988
POLDIP2	0.00597526630747248	TRUE	0.118418774296559	0.14825975358844
DACH1	0.345620128374309	FALSE	-0.0242393545696515	0.667860358902977
PKLR	0.000553897807434305	FALSE	0.064713981062135	0.058135768226577
RB1CC1	0.562492793176266	TRUE	0.0624261862136181	0.788871878379203
TMPRSS3	0.563761633407348	TRUE	-0.0309131419454762	0.788916030030862
SIM2	0.337959568506532	FALSE	-0.00809553615033875	0.664835544444941
CLCN2	0.352068846487489	FALSE	-0.0108581868672286	0.671908051470096
PCCA	0.307127452771097	TRUE	0.0632156851431547	0.643439232326714
FTH1	0.560096911307124	TRUE	-0.183256073527017	0.786786283115891
BMP2K	0.463837690478912	TRUE	0.0753541713272901	0.736511620115873
EGFL7	0.0908993226964958	TRUE	-0.0878487608724398	0.422990145322678
VRK1	0.690128923705481	FALSE	0.0635632450183901	0.855215182391037
RAC1	0.000134602299257905	TRUE	-0.151762654575031	0.0359079766534698
TMEM14A	0.442287072678885	FALSE	0.0296884509878192	0.722607590360526
HSD17B1	0.444913782014921	FALSE	-0.0219405712098118	0.724166130690542
CYP3A7	0.732444533207666	TRUE	-0.025991193742064	0.876816065312877
EHD1	0.662780279823276	FALSE	-0.0342063061952711	0.840539715123155
SLC6A6	0.368797499982052	FALSE	-0.0057761966005878	0.682030462421455
PRICKLE3	0.503371221860719	TRUE	0.0490101510446759	0.756992875952082
SERPINA3	0.222488679483874	TRUE	-0.0427529636516693	0.576668211272311
RFC2	0.294474712244196	TRUE	0.0549241524406106	0.63564606170511
CFI	0.0717471530969261	FALSE	-0.0016781418027949	0.389295661926272
TMPRSS5	0.493832965423767	FALSE	-0.0109166001924917	0.751456565014185
KDM5B	0.184865581679503	FALSE	0.0035873504190831	0.541452385055629
PTDSS2	0.305946754183629	FALSE	-0.0127561880509938	0.643439232326714
MBD5	0.687254126253109	FALSE	0.0368441822582839	0.853185291527906
SMPDL3A	0.372178347001082	FALSE	0.0360523780911924	0.683016716760221
POSTN	0.0351717692443998	FALSE	-0.0043548545057621	0.301495107058277
RPF1	0.587915612765941	TRUE	0.0783006938000259	0.802568490807888
IFIH1	0.634596607839286	TRUE	0.0700971760497119	0.82633106755738
WHSC1	0.217087804236832	TRUE	-0.0461722055012955	0.571802378496795
GGA3	0.430465686984907	TRUE	-0.0569635023594817	0.717695989519461
WNT6	0.572148292661802	FALSE	-0.0395012605311347	0.794262142203355
DDR1	0.431819947973187	TRUE	-0.0361685972582056	0.718685805088503
PIK3CG	0.0672459632837269	FALSE	-0.023376106922499	0.380692155939657
MYBPH	0.424744507711839	TRUE	-0.0418742787485203	0.714948193214849
LINS	0.735851266919809	TRUE	0.0558921910884071	0.878389042594349
ADAMTS8	0.585479362357234	FALSE	-0.0263411859156748	0.801109532156888
PAK1IP1	0.0232148252376395	TRUE	0.115165290668695	0.257566441653223
SEMA3C	0.122306356595463	TRUE	0.119210555447719	0.472817877769812
CTSH	0.48879445007404	FALSE	0.0507211149981106	0.749860260840521
CALCR	0.106230683523045	FALSE	-0.0093694407118394	0.446883453891439
LIN7B	0.485041600939163	FALSE	-0.0319970919181136	0.749507592402448
DCTN3	0.728773546912603	TRUE	-0.0289689306933294	0.874821432187381
CLCN5	0.721796944622115	FALSE	0.0406393124440423	0.871799696961032
FPR2	0.340024967299882	FALSE	0.0920650483586412	0.665879704885357
GALE	0.632761732262632	FALSE	-0.0145670212351967	0.824889087390893
RBM5	0.308874062215196	FALSE	-0.00692898282468149	0.64439721071642
PLK4	0.287605561286567	TRUE	0.047159943216112	0.632033998189821
KEL	0.0060894450631289	TRUE	-0.0621934189504363	0.149029088483356
DTNB	0.232043101340057	FALSE	-0.0244287711251383	0.585868787818951
CHRNA5	0.65501308551798	TRUE	-0.0400362481546477	0.836868851928242
ULBP2	0.371654619586647	TRUE	0.0580523258376791	0.68285512382125
CDKN1B	0.66771747341175	FALSE	0.0462717240443914	0.843044772614943
UGT2B28	0.572458544611408	TRUE	0.0599765917482676	0.794262142203355
EPN3	0.00289787178072681	TRUE	-0.0816623638606297	0.113095185309455
ONECUT2	0.0044932966321197	TRUE	-0.0798735426078521	0.130846457436584
SCEL	0.0771133583207234	FALSE	-0.0028529986521748	0.397629999999401
PI3	0.622138220288743	TRUE	-0.0378387529460023	0.81866372053546
CD3EAP	0.380796545421768	TRUE	0.0414823254052972	0.689311317211796
TERT	0.631226413024354	TRUE	-0.0382982157727416	0.82439852604224
CUEDC2	0.301486818022838	TRUE	-0.0486173020833123	0.640299499824117
ADAM28	0.0281494915789016	TRUE	-0.144935445257761	0.278037530499272
LUC7L3	0.0437575162131372	TRUE	-0.219433203436299	0.325292783149328
HAPLN2	0.000436361151937555	TRUE	-0.0885998846756093	0.0505900371877312
MLX	0.683686110660931	FALSE	0.0329205632644172	0.852414309910629
PEX19	0.0350805616977834	FALSE	-0.0051397146833212	0.301495107058277
UBE2B	0.429026467884118	FALSE	-0.0103153924951158	0.716710957450616
STAG3	0.703701017643537	FALSE	-0.0212359051768183	0.862986682156103
DBF4B	0.453691499953721	TRUE	-0.026206955808616	0.73066413026339
MSH6	0.343909184064448	FALSE	0.00333544450947975	0.667057181062751
KISS1	0.572943484167679	TRUE	0.0288290492792047	0.794789107777993
TRIM14	0.579354362447424	TRUE	-0.0429378723246163	0.797839490184047
LAMA3	0.154705137527767	TRUE	-0.0376995311429713	0.511876730209324
CRYL1	0.694223681181951	FALSE	0.0340206585457739	0.85712133285302
IL1RAPL1	0.646838067898413	FALSE	0.0183413778311441	0.832515767698534
SLC27A2	0.392885588998534	FALSE	-0.0531449322103835	0.695272788275951
OAS1	0.180699853211298	FALSE	0.00606682685189951	0.537587636872547
CYP1A1	0.686714018796365	FALSE	-0.0266311187571415	0.853185291527906
CSRNP2	0.200781549857025	FALSE	0.0082232511111422	0.556771454502354
SMUG1	0.36688585596755	FALSE	0.0064372273829143	0.681391179888347
SLC25A10	0.452952493672055	TRUE	-0.0381773852540572	0.730171783586499
BEGAIN	0.0651294499618904	TRUE	-0.0597543363445352	0.376595019437978
SATB2	0.704998211786668	FALSE	0.0244354045973014	0.863653276085677
HAND2	0.44467446388821	TRUE	-0.0562368485524431	0.724032703335499
PVR	0.398190542450545	TRUE	-0.0433969015848739	0.699362230614425
FILIP1L	0.525337440790281	FALSE	-0.019048105465607	0.768520351067088
PCNT	0.012073483660232	TRUE	-0.0962715071732214	0.193780590549037
HBD	0.100476784442193	TRUE	-0.0727280723807824	0.437083106564651
DUSP9	0.687067047416598	TRUE	-0.0415732031323599	0.853185291527906
SLAMF8	0.274157881720783	FALSE	0.054196361421118	0.624441174317542
KAT2A	0.144040982258026	TRUE	-0.0906053372050565	0.49894156195605
AURKB	0.529865421246985	FALSE	-0.0220991596081679	0.77128839548185
AHCYL2	0.517883726811633	FALSE	0.0277216087832475	0.764100999922941
GTPBP8	0.748287168630599	TRUE	0.0463065614258995	0.884757894171257
ABCC6	0.0512200709698462	TRUE	-0.0627609092590098	0.345293926710515
ALPI	0.300321200868091	TRUE	-0.0429837487863991	0.639788564624894
IPO8	0.312056535134333	TRUE	0.0727379930814286	0.646549502452608
SFSWAP	8.71877224065803e-06	TRUE	-0.166417354437016	0.00988621584368215
SORBS2	0.338001297852468	TRUE	-0.032540470276615	0.664835544444941
GNAL	0.327614473285164	FALSE	-0.0109832356185664	0.658310072708777
THY1	0.429255243197464	FALSE	0.005641498783878	0.716710957450616
CTSA	0.443453617781448	TRUE	0.0603412259121345	0.723395277229727
SYN3	0.0249657340557295	TRUE	-0.0578515507599735	0.262356954225944
ZNF589	0.0243760212140465	TRUE	-0.118529974804766	0.260945710413733
BPTF	0.0862277375217606	TRUE	0.101563057571661	0.416752627461024
TCFL5	0.274447169307464	FALSE	0.00634783982279655	0.624639994535797
NPY5R	0.606673595398069	TRUE	-0.036551048911349	0.811020030443139
DIABLO	0.459062418018912	FALSE	0.030169978438983	0.733566303132445
SAMD14	0.034292553520187	FALSE	0.004292761434177	0.299571081945609
UXS1	0.611172349621931	FALSE	0.0352381953635161	0.812924103222644
TMEM134	0.432269540477801	FALSE	-0.0340497710236167	0.718881847814073
MARK4	0.23780221524414	FALSE	0.0149855256780276	0.590935638538967
DDX5	0.647340983511727	FALSE	-0.0635846623058825	0.832515767698534
FGL2	0.0459340599286731	FALSE	0.0347310742751919	0.333661951012956
IGF2BP3	0.667308473254384	FALSE	0.0416412788682101	0.842842547508807
GCNT2	0.156662831924269	FALSE	-0.0271438245527455	0.513262019991125
SLC1A2	0.448785582529673	TRUE	0.0306961134580543	0.727054639744368
PRPF4	0.222295020379016	TRUE	0.0479013722326842	0.576665119212459
MORN1	0.0157008394643185	FALSE	0.0601297504166504	0.215890659258186
CHMP5	0.453499707252524	FALSE	0.0132810481040692	0.73066413026339
TAS2R3	0.665621570354468	TRUE	-0.038893339692077	0.842139589826512
SUV39H1	0.19726178721381	FALSE	0.0196648268008195	0.55337738872276
HSD17B2	0.588899101466436	TRUE	-0.0257124877933972	0.802683845597778
NAALADL1	0.712377458467339	FALSE	-0.019320035706397	0.866793432939281
ZFP36L2	0.288917027069869	FALSE	0.0797825328335583	0.632033998189821
NPR2	0.00525096349146473	TRUE	-0.0638804568028574	0.14042612035311
CLC	0.239434131905829	FALSE	0.117458698587102	0.593170990098359
TRIM10	0.0325106164100967	TRUE	-0.0611405872631701	0.293757546820657
ARMC1	0.490368018780738	TRUE	0.0741571238740848	0.750160457110732
C16orf3	0.222854471107791	TRUE	0.0546854069272067	0.577323931435055
PRSS50	0.137871982133337	TRUE	-0.0598169309206225	0.491458788245806
CCDC40	0.462117967020633	FALSE	-0.0109703622337278	0.735057540643879
SCML1	0.0874609711171689	TRUE	-0.0848694408377204	0.418356551032022
RBP4	0.605297721013201	TRUE	-0.0348527972396608	0.810484359620438
CLDN15	0.694474981864327	TRUE	-0.0454952295032873	0.857274675912372
HYAL3	0.0927916288284684	TRUE	0.0505378317281133	0.425539035906338
TRIM2	0.0607741432813157	TRUE	0.0476839913001617	0.366135237604887
LIN37	0.154017496025184	TRUE	0.0656717003788203	0.511600895024217
SGPL1	0.000762471073466127	TRUE	0.154732052791271	0.0650599446857973
CAPN3	0.703892666164088	FALSE	-0.0363232873404104	0.862986682156103
GRM2	0.184791968702629	TRUE	-0.0569317142628933	0.541435693312433
SLC7A10	0.725169428012306	TRUE	-0.0357165020242549	0.873361247395808
CCNB1IP1	0.0121061787926625	FALSE	-0.0340893652456623	0.193780590549037
PEPD	0.38546913988411	FALSE	0.0144816061904356	0.691063060319362
CRELD1	0.636811887985381	FALSE	-0.0248458848944164	0.82728833042473
KIFC3	0.726522714709896	TRUE	-0.0358977958414659	0.874150218367694
TREH	0.413461870607536	FALSE	-0.00762502667275915	0.707662245823443
F13A1	0.730510617889579	FALSE	0.0775457461092905	0.876031690496612
COL4A3	0.255496142340813	FALSE	0.0022357483543538	0.606603524730911
AMHR2	0.189493284982028	FALSE	0.010477592170691	0.545716272152157
PRSS21	0.526842296534296	FALSE	-0.0251789635649828	0.769271778891966
SIPA1	0.224230519359652	FALSE	0.0270155893854181	0.578337186286038
PAQR4	0.0492147366923491	FALSE	0.003160786810839	0.340271889850333
NDST2	0.68841194822411	FALSE	-0.0202454219602544	0.854037536204943
PTPLA	0.736972723748244	FALSE	0.0179600785623268	0.878802578039893
WASF1	0.15339052019477	FALSE	-0.0223706859947947	0.510611973192306
MACROD1	0.126976376761394	TRUE	-0.0533828831068046	0.477954320979065
ALDH3A1	0.377272921373952	TRUE	-0.040634717248047	0.686550739120405
AGPAT3	0.0558827112759895	FALSE	0.0190137263363126	0.353601597744668
MAPK11	0.235706513917546	FALSE	0.00554383207203735	0.590221129422679
MDH1	0.0106826382815416	FALSE	-0.000498290414162002	0.18828210705163
WIPI1	0.330098327726022	TRUE	-0.0664314914840349	0.660371372280409
TMEM87A	0.416389343304845	FALSE	0.0121128526596141	0.708605547611233
MYEF2	0.327625441400982	FALSE	-0.0414158683212382	0.658310072708777
TIE1	0.459885676843964	TRUE	-0.0285990444798858	0.733936990374867
BTBD2	0.0171030504235142	TRUE	0.114943387634768	0.224457741611374
EPS8L1	0.566332857817594	TRUE	-0.0303830031952747	0.79064864255032
NDUFAF1	0.0855917305639749	FALSE	0.0201833719172511	0.414931437736174
SHOX2	0.739076678554461	TRUE	-0.0415412066583771	0.879758297985416
HSPA5	0.749996116803088	FALSE	0.0600480645705723	0.88603937991563
CLIP2	0.289401227498153	FALSE	-0.0082617542113326	0.632033998189821
NR1I2	0.072515028473905	TRUE	-0.0554528123256573	0.39055133326086
KRT86	0.0277612314316519	TRUE	-0.0868835144169297	0.275402102540245
ATG10	0.625397276197685	TRUE	0.0518070684754353	0.820894056094609
SNX10	0.177220982379398	FALSE	0.0248064606423038	0.533875855260361
USP8	0.0872504995763542	TRUE	0.122771563059708	0.418356551032022
DHCR7	0.142781945286678	TRUE	0.061806617442858	0.497802778346223
RGL1	0.195247515095031	TRUE	0.0696253945870331	0.55103262202501
RAB21	0.723723119805009	FALSE	0.030431452629327	0.872746975991642
ZEB2	6.15994014875747e-05	FALSE	0.210172575035232	0.0306838931770202
ELK1	0.490057488876422	FALSE	-0.0163512167571618	0.750160457110732
TACR3	0.493951244443273	TRUE	-0.0317725731772933	0.751458082382508
CD69	0.165801693189336	FALSE	-0.104811173757259	0.52198983801595
FAM57A	0.306678760575001	FALSE	-0.00717070923725725	0.643439232326714
NRN1	0.488478916719254	TRUE	-0.0295446329390558	0.749854849317994
CAPN11	0.250609448652605	TRUE	0.0345019629295784	0.602934590008229
GRM7	0.598263486501076	TRUE	-0.0254630878251261	0.80777681274538
KPNA4	0.1461311669621	TRUE	0.101182254453858	0.500598580720017
MFSD5	0.0600491633693237	TRUE	0.123435073040037	0.363039292280027
ACSM1	0.724248973090791	TRUE	-0.0253863723723393	0.872888508228115
HOXD9	0.487701426032204	TRUE	-0.0413098532480349	0.749854849317994
NEK1	0.281987426675166	FALSE	0.0180699010628182	0.628615112092927
SLC25A11	0.00345233039555336	TRUE	0.147024457083589	0.117555478544083
CACNA2D2	0.544266250439446	TRUE	-0.036617529256068	0.777682423908739
FOXH1	0.539396657840409	TRUE	-0.0498835586238764	0.775892250263558
LGALS2	0.587667355382617	FALSE	-0.0451905599676435	0.802437449234223
KIF4A	0.386644256340576	TRUE	0.0436614111752376	0.691725973910665
FLNC	0.000448766405399975	TRUE	-0.0904161805769571	0.0505900371877312
DBT	0.631568132407579	TRUE	0.0858279488056519	0.824485926261517
SPG21	0.346378280820662	FALSE	0.0241188256676965	0.668054794086202
ZNF32	0.0817744554108257	FALSE	-0.0115330858074465	0.405708879671919
TBC1D1	0.562913358179764	FALSE	-0.0112485574170042	0.788871878379203
MPHOSPH10	0.0056774896273081	TRUE	-0.102056863578869	0.14385313245081
PCSK1	0.445053893329736	FALSE	-0.0097626158444206	0.724166130690542
PRUNE	0.740724928391733	FALSE	0.0706598682605481	0.880591315059117
DDRGK1	0.534412233675938	TRUE	-0.0468242464341255	0.774122613268066
HIF3A	0.00286485142551768	TRUE	-0.0808845661804997	0.113095185309455
TRIM46	0.550083457130189	TRUE	-0.0404570538295959	0.781922567431267
C17orf53	0.596392654171767	TRUE	-0.0288701274289421	0.80638731477729
ROGDI	0.371047345635153	TRUE	-0.0924472528230895	0.682782514144271
ASCL1	0.306342628041659	FALSE	-0.0234936445172327	0.643439232326714
GPX4	0.726650061053037	FALSE	0.0358511194755637	0.874150218367694
TNFRSF17	0.744294690842289	TRUE	-0.0542524813127989	0.882706568294186
NCF4	0.58751869245643	FALSE	-0.0322252119115482	0.802437449234223
RCE1	0.752274919279654	TRUE	-0.0287939547092053	0.887252476566674
SRR	0.331025953482729	FALSE	0.0346656482874322	0.660828043405046
TEAD1	0.316192190264085	FALSE	-0.0134688010495898	0.648219715314493
TERF2IP	0.734856014457068	TRUE	0.0364359268847902	0.877755435365922
TOMM20	0.103867229355568	FALSE	0.0523869362665675	0.443800242896057
MLLT10	0.27698795893583	FALSE	0.0234697929334927	0.625846273351116
PRRG2	0.0942740196665701	TRUE	-0.0533633069374684	0.42741827628918
STEAP1	0.446470191740385	TRUE	0.0575781894073975	0.725295521279276
TCP11L1	0.149671373327767	TRUE	-0.0593340525708208	0.505719309595992
PSMC5	0.0144364444729407	TRUE	-0.0978624949323751	0.208794443722799
LARP6	0.410517017923243	TRUE	0.0297038584516068	0.706388751268942
HMGN4	0.339456557654838	TRUE	0.072220002108792	0.66581870044079
MYBPC1	0.615816658726461	FALSE	0.0146894628017056	0.815265043000507
PAK4	0.592429447234488	TRUE	-0.0420707962433937	0.804245369425885
PLCB4	0.692157095391634	TRUE	0.0203532330875906	0.856434887019395
ALX4	0.285122434768617	FALSE	-0.0304050209266054	0.630804313860432
PICALM	0.75663387955754	TRUE	0.0960819609483241	0.889894363686646
TIMM10	0.428194670587726	TRUE	0.0564657917400191	0.716354156077444
NFATC1	0.67587982260516	TRUE	-0.0320540250771524	0.848328681483275
COL9A3	0.757674949174192	TRUE	-0.0494698233515431	0.890472247998151
TTC37	0.0710084838754391	TRUE	0.160968993776647	0.388031421042701
MED15	0.0541749058357594	FALSE	0.0452832878671018	0.348788023910053
LRRTM4	0.471678043693005	FALSE	0.0167476142336178	0.741077641323956
COL6A1	0.319188493467371	FALSE	-0.0238675637419337	0.651417985497934
ENDOG	0.350933649770722	TRUE	-0.0510477672473168	0.671591565431259
ZFYVE21	0.366730812718116	TRUE	0.0392856554049126	0.681391179888347
GTF2IRD1	0.135424683459199	TRUE	-0.0754676448118716	0.489136716266414
NFX1	0.216903878387457	FALSE	-0.0111800718142176	0.571802378496795
GRM6	0.744843970156148	TRUE	-0.0261143635395764	0.883173248729537
ROBO4	0.539579565997873	TRUE	-0.0332494440303024	0.775940735428013
NMD3	0.677485082888524	TRUE	-0.041962347546764	0.849144966823865
SSB	0.680578637675371	TRUE	0.0901278122618025	0.850554521393258
BMP7	0.522109743979535	FALSE	0.0158829599965205	0.766666975781397
TCEB3	0.376770409891996	TRUE	0.0670946139786377	0.686261838654249
ACRV1	0.750350624894651	TRUE	0.0188158496435911	0.886081580027795
CD244	0.0599372154091276	FALSE	-0.000244672062612146	0.363039292280027
GOT2	0.746809244476297	TRUE	0.0696423301191967	0.884116728243551
SLC39A1	0.596363410016774	TRUE	0.0409147137445096	0.80638731477729
LSM7	0.459833393207592	TRUE	-0.0514145225531824	0.733936990374867
SNRPB	0.663644435361714	TRUE	0.0461086247116445	0.841259279213692
PMP22	0.0119954533251998	FALSE	0.00434009670685884	0.193780590549037
DARS	0.034507774521931	FALSE	-0.0238243205112256	0.299650606823466
RIC8B	0.229148999278998	FALSE	0.0017427356200614	0.583957993076629
RSAD1	0.603135311384447	FALSE	-0.0296813959468252	0.809534954520389
NUDT3	0.340651233915057	FALSE	0.00605645859243965	0.665982871695752
LCAT	0.0343737183298026	FALSE	-0.00143664929797005	0.299650606823466
GALNT6	0.534879579379942	FALSE	-0.0111014464891106	0.77416394264349
CHRM2	0.388415956744856	TRUE	-0.0893780462528314	0.69335014501144
HBS1L	0.692918705327458	TRUE	0.0487828911871091	0.856640132080486
SELENBP1	0.600463425602419	TRUE	-0.0294260288847754	0.80822734575397
CMPK1	0.0811650663874888	TRUE	0.114947249326424	0.404718860056172
NXN	0.111970538686197	TRUE	-0.0498765377294434	0.456531184689598
FOXD2	0.0377742386568923	TRUE	-0.0636472241584922	0.309855638489702
CADPS2	0.320885114231529	FALSE	0.00392642353113535	0.653469164919416
REPIN1	0.342187864450831	FALSE	0.00428099394489135	0.666303315229786
MFAP5	0.246577949064719	TRUE	0.0430645746210399	0.599345630106076
REG3A	0.308114327244551	TRUE	-0.0587850841445654	0.643722130252789
IL19	0.20932914781684	FALSE	-0.00315421767096605	0.566437991176883
ATP8B3	0.750832475164384	FALSE	-0.0207785748526641	0.886349187368705
MAGEA8	0.739129916166023	FALSE	-0.0284278010203889	0.879758297985416
FCN3	0.180045068652209	TRUE	-0.045903543229787	0.537587636872547
MYBPC3	0.448405695299437	TRUE	-0.0548271980537294	0.727054639744368
SH2D1A	0.630516445567363	TRUE	0.0610886983246476	0.824223100947909
NT5M	0.280137411758257	TRUE	-0.0778300766222723	0.627598298428661
PAICS	0.0997146605362469	FALSE	-0.00811970423456465	0.436274433552756
DUSP11	0.614295527909846	TRUE	0.0775681664594974	0.814240850449531
RBBP5	0.0814251414372768	TRUE	0.0674805298273111	0.405350005941942
GALNT14	0.694698340254525	TRUE	-0.0268825233629677	0.857333966058562
ZNF324B	0.186552127579288	TRUE	-0.0332074533970963	0.54217914036826
LTBP2	0.540998873115524	TRUE	-0.0349855824060575	0.776785484539442
HMBOX1	0.280008668351408	TRUE	-0.0942294147956629	0.627598298428661
CCNO	0.753571112110535	FALSE	-0.0369470029644128	0.887798334625956
GALK1	0.591003490557946	TRUE	-0.0439677192029047	0.803904446814998
IFRD1	0.100695878663759	TRUE	-0.142077240624751	0.437232776134713
TOP2B	0.736287393745877	TRUE	0.0615116536551783	0.878498787006001
VDR	0.745063249122727	FALSE	-0.0450886524581868	0.883207897128299
F7	0.000172469439602481	FALSE	0.0895844569738599	0.0364111136501258
MYO15A	0.332606632484765	FALSE	-0.00792668456938595	0.661911219007552
CWC25	0.00633799487510634	TRUE	-0.0899373568936258	0.151857618266516
VRTN	0.0411862823087925	FALSE	0.0329725166931867	0.318045567752296
SLC35A1	0.485755057944055	TRUE	0.0914925157725241	0.749507651769684
THAP7	0.199931586821736	TRUE	0.0518272634193835	0.556188484536717
TUSC2	0.178484785085928	TRUE	-0.0514253891151309	0.536116285586579
ENTPD3	0.521899535906173	FALSE	-0.00863749274375625	0.766522592219889
MX2	0.759454260958578	FALSE	0.0384161056871797	0.891454644410903
CEACAM5	0.0761604289628943	FALSE	-0.0028678227989074	0.395957406698881
BCHE	0.598891641839309	TRUE	-0.03220059079343	0.807981822292757
CHKA	0.743768501617653	TRUE	-0.02996849328082	0.882267082314318
GTF2H4	0.0880442508367782	TRUE	0.0508525916089568	0.4184038099236
LAMC3	0.393155667850455	FALSE	-0.00942004363162985	0.695366778704798
FBXO31	0.522415421326021	TRUE	-0.0378995370531156	0.766683174357697
NOL12	0.000103331494868733	FALSE	0.125325633475288	0.0342208080021711
ATF2	0.247355355730326	TRUE	0.0758419714318777	0.599989859026844
C2CD2	0.603237462073146	TRUE	-0.0375612949399371	0.809571403178016
MALL	0.282812076941159	FALSE	-0.0122332148631639	0.628908833189999
WDR82	0.292794073937438	TRUE	0.0855601649868108	0.634433786427786
LPCAT3	0.0919668679548009	TRUE	0.129015435013881	0.424330155147084
MMRN1	0.268559583040654	TRUE	0.147090374799042	0.618987021170051
GPR137	0.190962589588999	FALSE	-0.0045034965587556	0.547836547308532
SNTA1	0.066848138194307	TRUE	-0.0621941242312834	0.380692155939657
LST1	0.00680613743203881	TRUE	-0.0967909548585172	0.15552284683168
TAF6L	0.029155440579493	TRUE	-0.0575780169834608	0.281356204877338
SERPINI1	0.400594602849366	FALSE	0.0329638760881572	0.701061934300499
BTBD7	0.0585854217348297	TRUE	0.0594105287128834	0.360644597450668
HDAC2	0.432416499182882	FALSE	0.0376847089987608	0.718881847814073
DHX15	0.0213984458555959	TRUE	-0.182651672764319	0.249382880845299
KIAA0125	0.759350895808609	FALSE	-0.0513992530750125	0.891425593495581
ITGA10	0.556680577261328	TRUE	-0.0311876961348543	0.785091240631215
HOXD12	0.726982542444413	TRUE	0.0331276766469344	0.874150218367694
RABAC1	0.199651408881716	FALSE	0.0085055417392468	0.556067714326007
UBAP2L	0.25771037852047	TRUE	0.0571982701957872	0.60812281797583
ELOVL1	0.143736062099697	TRUE	0.129554500230899	0.498416883225829
PTPRH	0.38566469232727	TRUE	-0.0370458052290048	0.69117305931704
RERE	0.748603119819267	TRUE	-0.0313396101753041	0.88494691155449
HSPA1A	0.0996744652602816	FALSE	-0.221436723334556	0.436274433552756
MTMR2	0.0414441397787064	FALSE	0.0152618673480765	0.318657086350813
C6orf106	0.487878484337176	TRUE	0.0361742609879108	0.749854849317994
MUM1	0.383268104993077	TRUE	-0.0364050667189377	0.690698830660601
MYH14	0.102820605885973	FALSE	0.0098574006311694	0.441455073889075
SEC23IP	0.613032985967515	FALSE	0.0306036980650184	0.813825690903021
SLC35F5	0.386527622620997	TRUE	0.0539178712812398	0.691725973910665
RTEL1	0.539268639844838	TRUE	-0.0511627320814396	0.775887210658624
MAT1A	0.543057003410995	FALSE	-0.013822295312377	0.777304206391088
EXOC7	0.527207954296628	FALSE	0.00262744338301605	0.769271778891966
MSH3	0.507441900379815	TRUE	0.0524751550023664	0.757987578501742
AKAP8L	0.603847986846077	FALSE	-0.0315728589657169	0.809855014830138
LANCL1	0.527494063620991	FALSE	0.0369800103390516	0.769392228890973
UQCRQ	0.219927279915333	TRUE	-0.0754422415636	0.573435795105412
CD93	0.388427941131899	TRUE	0.126836849081712	0.69335014501144
NECAP2	0.103098242948188	FALSE	0.0138087303479963	0.441810648824452
TNFRSF10B	0.310463170214443	TRUE	-0.0674640476187199	0.645636629808139
SUOX	0.679164861385038	TRUE	0.0588685011637671	0.849767396949248
MRPL13	0.537578075959197	TRUE	0.0534826215710429	0.775631664117715
STC1	0.0185535157104655	TRUE	-0.0523997656019355	0.231276472144042
SAR1B	0.0932967373273139	TRUE	0.110111002513268	0.426569235707425
NHEJ1	0.00669173754858051	FALSE	0.0165319975852473	0.154931727215176
WDR78	0.652299695603284	FALSE	0.0191496585007785	0.835188149101812
DNASE1L3	0.331565599231687	TRUE	-0.0628215037807119	0.661439537242805
DCUN1D4	0.162762862010476	FALSE	0.0177549258941956	0.519630300708339
CHRD	0.665972810827616	TRUE	-0.0357749779051293	0.842139589826512
OGG1	0.149688855884486	FALSE	0.00630069111670825	0.505719309595992
AHSA2	0.436851354480129	TRUE	-0.153383593904467	0.720277786255983
MED7	0.706589556803806	FALSE	0.04914594435628	0.864698609813326
CNTD2	0.496481022890525	FALSE	-0.0177832009155439	0.753930402913575
ID4	0.734408577578798	TRUE	-0.0352724250719079	0.877505179228079
ITPKB	0.000700421434050054	FALSE	0.0466566631219185	0.0635366291255485
OTUD7B	0.43529816097313	TRUE	-0.0341085657537867	0.719720887616553
ADCY8	0.0247038923255837	TRUE	-0.0594728461110044	0.262036889691107
CD19	0.618591697500514	TRUE	-0.0503014283937908	0.816962089082258
CXCR5	0.159423635511686	FALSE	-0.0253534764209426	0.516487029447717
DPYSL4	0.276447407813439	FALSE	-0.0185150069527968	0.625800989657934
NENF	0.00150165074361993	TRUE	-0.0985115687376698	0.0851360889095322
CALY	0.516131095093163	TRUE	-0.0362294974509166	0.763618093270593
ABLIM1	0.746287881463181	TRUE	0.0756945012018839	0.883776322497234
SOS2	0.679876009305817	TRUE	0.0644740073250168	0.850144912827378
TRIM23	0.575934168461773	FALSE	0.0246308803745303	0.796534379337175
FNBP1	0.335815777041279	TRUE	-0.0956721330853396	0.663266869164095
RPS16	0.41436448952443	TRUE	-0.0588608514390226	0.707850358516276
PHF20L1	0.216298576708405	FALSE	0.0108710126283307	0.571802378496795
RPH3A	0.704449711709375	TRUE	0.0525220086806599	0.863261134883022
FOXD3	0.0890809652206432	TRUE	-0.0431744406494592	0.42079241165159
CARM1	0.767194251893117	FALSE	0.025978032241464	0.895902741731829
GCDH	0.147907518161309	FALSE	0.0149610885747489	0.50346147510286
GZMM	0.358183336469369	TRUE	-0.0557285914020205	0.67597936172593
AP4E1	0.341570673577067	FALSE	0.0378154130274133	0.666303315229786
CSF3R	0.463467694353265	FALSE	-0.00332503893318135	0.736341007697971
ARR3	0.192583275755302	FALSE	-0.0021111825968547	0.54939839102264
CCR3	0.208500008085648	FALSE	-0.0568033018653139	0.565359779936547
ATP5O	0.538876316594016	TRUE	0.0469334937108083	0.775631664117715
ATXN7L1	0.606975477903974	TRUE	-0.0259359765001408	0.811131953896665
RFX1	0.277171137892147	FALSE	-0.0054209689217357	0.625846273351116
ID3	0.220458310080969	FALSE	-0.00115565683710095	0.574087318471365
RRS1	0.660870613573156	TRUE	0.0567284524594053	0.839883786202581
PDPN	0.32529406844486	TRUE	-0.0363906679838571	0.65674503657733
CBX1	0.303138739709612	FALSE	0.0043693613572593	0.641557502348857
SLBP	0.59663540951422	TRUE	0.0379145588546983	0.806442830907347
NRBF2	0.110626754621494	FALSE	0.0390799195754469	0.454006280439059
DCTPP1	0.343529083533418	FALSE	0.0338707017104347	0.666846036636672
RSPH6A	0.747669001205399	FALSE	-0.0282460025707687	0.884339751103161
NCAPG2	0.465628259992077	FALSE	-0.0153861191840194	0.7379100569218
NRG2	0.55384172152597	TRUE	-0.0317331725464199	0.783243017228659
MAGOH	0.434559488821859	FALSE	0.00598124541354395	0.719714220538262
CYP27B1	0.757553859413196	TRUE	-0.0279778385545364	0.890422225757876
CHRM5	0.408000150194994	TRUE	-0.0412744884734786	0.705740543038231
ASB6	0.0324548905365068	TRUE	-0.0720169971692632	0.293757546820657
NOS3	0.512355491093087	FALSE	-0.0194320071572824	0.760916688081795
TBC1D22B	0.216736765720057	TRUE	0.0408805402428239	0.571802378496795
JAKMIP2	0.00889263077061246	FALSE	-0.00558893438351535	0.174230161205528
PGBD5	0.768854779775652	FALSE	-0.0201067375101256	0.896088431275169
IGF2	0.770695427874023	FALSE	-0.0334348597080853	0.896936566337189
CDC25C	0.655988111092608	FALSE	0.0261710899119869	0.837584528219468
GATC	0.473796274562719	FALSE	-0.0751944202036495	0.742143384067781
UBE4B	0.333959484408982	TRUE	0.042948570843734	0.662437134664065
SLC25A20	0.0315493476719423	TRUE	-0.109879008018787	0.291688195879567
TAF7L	0.17252256284724	FALSE	0.0036319941594227	0.528971132021033
TXNIP	0.0473716842798303	FALSE	-0.0255002996551452	0.33634785726299
RAI1	0.216856879944933	TRUE	-0.0534173711966899	0.571802378496795
RBM17	0.0500629224002247	FALSE	0.0101927852800557	0.34196595005792
PHKG1	0.00604859509344928	TRUE	-0.0753480788430823	0.148452423732947
EIF3M	0.38535227716714	TRUE	0.207194331007153	0.691063060319362
RAPGEF6	0.300151871237766	FALSE	0.0205638586940018	0.639788564624894
TREM2	0.746011194084565	TRUE	0.0253696792525733	0.883540936883735
MAN1A2	0.425859696381469	FALSE	0.0266407098302893	0.715265955406493
COL17A1	0.0507572410260297	FALSE	0.0264692630774706	0.343603794623373
DDIT4	0.0607287589327065	TRUE	-0.105429334042306	0.366135237604887
AGPAT2	0.159823744722393	FALSE	0.0081708375891649	0.516897159557106
SCUBE2	0.133863377985536	TRUE	-0.0404270703923704	0.48768526756484
SH3BGR	0.598792532060106	FALSE	0.013044453548797	0.807981822292757
C16orf70	0.715013482662885	FALSE	0.0533522547474334	0.868230657519218
C2orf83	0.230889593352888	TRUE	-0.0508744624577057	0.584763762521969
C14orf79	0.626896993039924	TRUE	-0.0286817129628636	0.821581974191131
ARSB	0.536363915758293	FALSE	0.0462523211307398	0.774952910395423
GPR173	0.32340678940193	TRUE	-0.0502173955911989	0.655122675424904
MCRS1	0.0926458049614586	FALSE	0.0499746930268719	0.425440322984576
CRBN	0.282235981258898	FALSE	-0.00518980888339725	0.628615112092927
HOXB6	0.437584587054737	FALSE	-0.0166660943608821	0.720277786255983
XRCC2	0.656507262544144	TRUE	0.037015118167937	0.837952541610401
QSOX1	0.0638611118275292	FALSE	0.0257843624804243	0.373494459123476
ACTL8	0.0391831416386514	TRUE	-0.0763970141935922	0.314883337108893
CDC42	0.745983575251412	FALSE	-0.0374520645130545	0.883540936883735
KRT76	0.133395268375551	TRUE	-0.0545225220846803	0.487111567975894
EFCAB6	0.729324505991233	TRUE	0.016226321162589	0.875112229993078
MS4A6A	0.626591332073888	FALSE	0.0467990586041599	0.821581974191131
PSMD11	0.610084251555475	FALSE	0.0147710408208335	0.812511751755639
PEBP1	0.411057629548383	FALSE	0.0140440609716874	0.706388751268942
DDX46	0.154392880129325	FALSE	0.0076923225745924	0.511600895024217
ABHD2	0.106709078152363	FALSE	0.0137042498407948	0.447475679426645
CDKN2B	0.501453666339089	TRUE	-0.047574833470378	0.75582935340597
TBK1	0.0243053607076079	FALSE	-0.0082472351222157	0.260772440791205
VPS52	0.0131193307567527	TRUE	-0.0799195691477602	0.200485298451238
RPS6KB1	0.0985470665899327	FALSE	-0.00391889970758676	0.434795758213988
PHF14	0.743021738746147	FALSE	-0.0406812987266853	0.8816579631271
PTPRU	0.199301387477301	TRUE	0.0402751563576786	0.556059834810056
SNRNP35	0.341829588782734	TRUE	-0.0557380175852185	0.666303315229786
STARD7	0.0241831682715262	FALSE	0.00656600789321625	0.260772440791205
HAMP	0.000947342359910418	FALSE	0.0801358483869226	0.0716127667934949
UIMC1	0.256569538480132	TRUE	-0.0750595674207544	0.606908777809239
PPP1R11	0.755501587556382	FALSE	0.0493388320012656	0.889392909188312
TNNI3	0.170081148707848	TRUE	-0.0566888116177466	0.52733188473758
KIRREL	0.466889707646618	TRUE	-0.031349804916049	0.738100295762821
AUH	0.606415090855909	FALSE	0.0153047304771396	0.810965646481569
VDAC1	0.0338978659556901	FALSE	0.001543429273184	0.298239834742115
PFDN2	0.543603051702603	FALSE	-0.0171466002008964	0.777311117512781
IFIT5	0.712696886985848	FALSE	0.0578913549492241	0.867083260191946
IGFBP6	0.195221728296287	TRUE	-0.0616405659589212	0.55103262202501
APOL1	0.568044849416025	TRUE	-0.0460770735596578	0.791966131504771
SIK3	0.30686325547392	FALSE	0.015609510479857	0.643439232326714
HHAT	0.764177832164666	TRUE	-0.029150205092507	0.894129856456005
KIAA0141	0.0111206233116673	TRUE	-0.0849100525679384	0.190469082960513
GNAT1	0.244556526914462	TRUE	-0.0390804377000613	0.597776839829552
ZNF821	0.769943939590025	FALSE	-0.0188295992447243	0.896620553662452
LHX1	0.74108461818202	FALSE	-0.0252203733965901	0.880924698842859
CEP170	0.213021461770126	TRUE	0.112436128148935	0.56926492925149
TMPO	0.48411044894851	TRUE	0.0763102748061622	0.749414649454838
MYO1A	0.0940461926523538	FALSE	0.0198728631152764	0.427175167281097
NME1	0.167670930489286	FALSE	-0.0208874127580154	0.525199083098898
ZNF750	0.357688564893678	FALSE	0.0144779859439321	0.675746524046886
ZBTB6	0.765904023397523	FALSE	0.0508230376387944	0.895427068606194
OR2C1	0.681245461375633	FALSE	0.0368090136728596	0.850796452330572
URB2	0.764397241900254	TRUE	0.021424377856428	0.894294296936337
CD33	0.0415341088343729	FALSE	-0.000947041155636999	0.318657086350813
ATN1	0.187658998165715	TRUE	-0.0495322831626659	0.543379396091809
OPA1	0.505836082257715	FALSE	0.0200068972257133	0.757680420084986
ZNF623	0.317979887078959	TRUE	0.0416905904698535	0.650740877335957
UTF1	0.109548275506031	TRUE	-0.0722955802728404	0.453070290025742
SMG6	0.67854902109278	TRUE	-0.0424292508003905	0.849413540791592
ADRA2A	0.515162088746884	FALSE	-0.0325516403645167	0.762886629789854
CAT	0.121822198612872	TRUE	0.2487844098144	0.472091777406095
EZH1	0.0711324482699423	TRUE	-0.104810889743058	0.388237719909167
ATAD2	0.661283954150847	FALSE	0.0325951610831829	0.84002910722028
IQCB1	0.180335593069941	TRUE	-0.0835347091901282	0.537587636872547
MRPL3	0.617725541986658	FALSE	0.0400352888528941	0.81667401183589
ATXN1	0.402072261774683	TRUE	0.0550158217471877	0.702047640323858
CCT6A	0.631113866982335	FALSE	-0.0339711904788369	0.82439852604224
RBBP6	0.0211306955920761	FALSE	-0.0201531333134073	0.247902231940792
BDNF	0.158969696219973	FALSE	0.0004324756235783	0.515605659450306
GLTSCR2	0.0908756295876581	TRUE	-0.0980639503462868	0.422990145322678
PPARD	0.0861195235997722	FALSE	-0.0189873561662002	0.416601331107233
OIP5	0.354869338787533	FALSE	-0.0105523050668288	0.673361122849467
SPACA1	0.245815794970188	FALSE	0.0034537672071151	0.598352651329515
EFNA2	0.775608699158085	TRUE	-0.0387991388728906	0.898813986397949
ITGB8	0.768718157567943	FALSE	-0.0350716154387216	0.896088431275169
CCL4	0.757423555013439	TRUE	-0.0725420744485939	0.890361361216814
EMP3	0.0534136774427313	FALSE	0.0373332547324104	0.347786552196209
ITFG2	0.1162073208228	TRUE	-0.0647710547527374	0.464703841013346
PIK3CB	0.765242506356505	FALSE	0.0350341199241422	0.895006166021291
PCDHB13	0.107197934417822	FALSE	0.0194376009838933	0.448034418858713
DNM3	0.606129032320571	TRUE	-0.0605659485246876	0.810769977289483
MUC1	0.147719223425484	TRUE	-0.0516609437515871	0.503088797623556
OR1G1	0.733390130938955	FALSE	0.0356352075068185	0.877247978672612
PADI2	0.454625000388164	TRUE	0.0943277760222429	0.731042126207362
MRPS31	0.770396493183739	TRUE	0.046957153761003	0.896916763184755
RBL2	0.13293378018888	TRUE	0.102690649382777	0.486501490719015
ATP5SL	0.675178549038612	TRUE	0.0557030357533861	0.847938013092893
MAST4	0.346664997654398	TRUE	-0.0573395492071085	0.668054794086202
CPLX3	0.22023264586792	FALSE	-0.0038527231632748	0.573734791842128
CRP	0.247484229710144	FALSE	0.00103035589097635	0.599989859026844
PGLYRP1	0.00688001992713221	FALSE	0.088202678619864	0.15552284683168
CDA	0.603944934799431	TRUE	0.13649638712564	0.809855014830138
NPPB	0.654073011587557	FALSE	-0.0268434687476886	0.836325426070287
CHST3	0.363218157457647	TRUE	-0.0424473603659719	0.68000262661663
ARHGAP1	0.208363649348759	TRUE	0.135670505541857	0.565359779936547
KCNF1	0.00107344398785329	FALSE	0.0981540505693875	0.0770365910016992
KIAA0368	0.150729911136976	FALSE	0.0180608015538789	0.506557931944922
ACTR5	0.205235993468114	TRUE	-0.0582965021473347	0.562934429108599
ACTR6	0.723842815614878	FALSE	0.0396561318296529	0.872746975991642
CKMT2	0.120378176462502	FALSE	0.00154030456906495	0.468739060064667
RPUSD2	0.301071745712749	TRUE	0.0329066765524466	0.639897380438024
PPP4R1	0.0977540728878249	TRUE	0.0793225447205925	0.433589634619975
RASSF9	0.635306985678538	TRUE	0.0606247673886526	0.82672367446519
CAST	0.201139467147286	FALSE	-0.360976937794122	0.557296894816912
BAHCC1	0.604599988683819	TRUE	0.0542155610506589	0.81025402100057
PRX	0.588506239502571	TRUE	-0.0361383672744906	0.802665439616218
MFN1	0.437488874445246	FALSE	0.0236696457362071	0.720277786255983
SCRN1	0.778455143870116	FALSE	-0.0396063427251159	0.901072159692043
DNAJC1	0.657292201237767	FALSE	0.027004932659203	0.838093795569203
TH	0.444361486499114	TRUE	-0.0424445371109509	0.723847232874429
CCDC106	0.656985151712964	FALSE	-0.0283486881115404	0.838093795569203
HEMK1	0.0936249644018678	TRUE	-0.0580175594759002	0.426865086993478
TSN	0.454050195034412	FALSE	0.0148688881063084	0.73066413026339
PRSS16	0.276814537471704	FALSE	-0.0083663957378719	0.625846273351116
NEFH	0.673390081908059	FALSE	0.0188349306877797	0.846703275532877
ACTA2	0.052706677849732	TRUE	0.125673662117296	0.347465709382622
TTC30A	0.704058097601501	FALSE	0.0313620907280883	0.862986682156103
LTBP3	0.570286516736545	FALSE	-0.0340294391133132	0.792981097126248
SLC16A6	0.434522845599992	TRUE	0.0996518019753947	0.719714220538262
NCAPD3	0.304783897513131	FALSE	-0.0054873653653922	0.64308608371816
FABP4	0.0529714175429856	TRUE	0.0609789411141772	0.347786552196209
POLR2I	0.159878935134855	TRUE	0.0565648087752937	0.51692821371375
OR1F1	0.385765782226588	FALSE	-0.0233889367754681	0.691244975453111
IGHMBP2	0.0871369616543067	TRUE	-0.0843735534253804	0.418132039017429
PFKFB2	0.406898981355507	FALSE	-0.0125129832604482	0.705459626222554
COL13A1	0.693443691516551	FALSE	-0.0197477286799517	0.856718023328195
PUS7L	0.00780681489170401	FALSE	0.000200820840135854	0.163625645207083
POU3F2	0.635775010652638	FALSE	-0.0339007447275024	0.826821062712497
RABGAP1	0.227265129200906	TRUE	0.0652107427250037	0.581443885381109
CPNE3	0.738654211357577	FALSE	0.0898381468856878	0.879758297985416
MSC	0.472662250102962	FALSE	-0.0106229991958378	0.741391237227485
HABP4	0.0745663422578828	TRUE	-0.0605860734985257	0.393923455816058
TACC3	0.636391026465279	FALSE	-0.0242337106977368	0.82728833042473
HPD	0.0282216698844123	TRUE	-0.0822215795346128	0.278092377100709
SETX	0.34517942397608	FALSE	0.0121082761400508	0.667423540720056
APITD1	0.208698629550042	TRUE	-0.0298272329355931	0.565359779936547
AKAP1	0.760212372958977	TRUE	0.0197895543841846	0.891790616282003
TARBP1	0.00712692302222574	TRUE	-0.104837618301697	0.158519794158873
GFRA4	0.325761688038305	TRUE	-0.071714497483353	0.657028064864165
VAC14	0.45673880824894	TRUE	-0.0467936664247497	0.732455069281532
AGMAT	0.741627921778768	TRUE	-0.0303829870400922	0.881018229968512
CTNNA3	0.164340960539933	FALSE	-0.0032966623743387	0.520703768558187
SEC24D	0.0613707746274495	TRUE	0.127594419641452	0.367802966966517
BFSP1	0.461789409611928	FALSE	0.00826281794860685	0.73490948990732
MTHFSD	0.684218531664353	FALSE	-0.016693782830874	0.852746155284498
RNASET2	0.549769144143742	FALSE	-0.00794404307432295	0.781841043012824
EIF6	0.423103420846258	TRUE	-0.0431616079335546	0.713287197290473
CSRP1	0.18422854774318	TRUE	0.102075256323022	0.540804807720894
PNO1	0.41469410869333	FALSE	0.00746907471459535	0.707850358516276
GTF3C2	0.0176716819650712	FALSE	-0.0189024193778202	0.2267107466309
SLA	0.0387501053326895	TRUE	0.0940936178458731	0.313400459605825
ZIC4	0.376268833816033	FALSE	-0.011363387026424	0.686261838654249
KIAA0513	0.518820086516253	TRUE	-0.0566963345236298	0.764708301183907
SQRDL	0.092508816761856	FALSE	0.0125920856214508	0.425023287383584
TLE4	0.738387105774943	TRUE	0.0359010684596246	0.879749016747092
PDCD5	0.0150251004748907	FALSE	0.0307974486311831	0.212414120565263
KIF1B	0.575779321210213	FALSE	-0.0179896063163185	0.796534379337175
DDX60	0.518280847944933	TRUE	0.0978122511590754	0.764425728532208
DSC2	0.300203002419304	FALSE	0.0615614635020211	0.639788564624894
CFHR2	0.569511064686142	FALSE	0.0371816162049005	0.792824170692567
CCDC87	0.0462583968083582	TRUE	-0.0602725483695115	0.334028893265042
RSU1	0.23504458799178	TRUE	0.136759821193652	0.589686245243683
USP48	0.0431831211135418	FALSE	0.00187550658824805	0.323417047758554
PSORS1C1	0.0668421703852653	FALSE	0.00079710040219225	0.380692155939657
VEZT	0.766407583723629	FALSE	0.0355585809850933	0.895648558685577
P2RY10	0.0493812443153201	TRUE	0.120505427733829	0.340460485097415
GCG	0.62210066697765	FALSE	0.0177955446714457	0.81866372053546
KCTD20	0.472628576429938	TRUE	0.0654581617818213	0.741391237227485
OGT	0.776417205565922	FALSE	-0.0780680882943312	0.899527672891292
CDK2	0.0587306429800364	FALSE	-0.0139964023698296	0.360644597450668
TM4SF1	0.0574123408611946	TRUE	0.0662653102464103	0.357346528363767
ATP2A3	0.0898437629957227	FALSE	0.026590137691259	0.42079241165159
KRT31	0.0881529854402928	TRUE	0.0575401935187893	0.4184038099236
NMI	0.62920030419762	FALSE	0.0759859459724332	0.823252164876148
TP73	0.590678830697292	FALSE	-0.0213995505270379	0.803827147422772
NEU1	0.77221304147225	TRUE	-0.0329122219983917	0.897632138487336
WDHD1	0.715854307854122	TRUE	0.0285514662557489	0.868390440458634
EPHB1	0.385456404418578	TRUE	-0.0354375774550073	0.691063060319362
LRP2BP	0.46111961994203	TRUE	-0.028498853652807	0.734351869767271
GLP2R	0.433574956515828	TRUE	-0.0277059968943707	0.719097229595949
KRR1	0.213091913121333	TRUE	0.108360638731134	0.56926492925149
SERINC5	0.285539613079332	TRUE	0.0845620736518064	0.631106658803079
RBM25	0.0659195753980677	TRUE	-0.100559831376787	0.378270276031726
TGFBR1	0.753256330966328	TRUE	0.0455793214362395	0.887798334625956
ADAM19	0.245843101572311	TRUE	0.0651102572146404	0.598352651329515
ELL2	0.552805377908681	TRUE	-0.0516029801074667	0.783043120562965
POGK	0.759243043266787	TRUE	0.029671729180694	0.891425593495581
MYL12A	0.767958516720694	TRUE	0.0534490990678822	0.895959917620072
NRXN2	0.0486393112390765	TRUE	-0.0548242776589767	0.339309421545291
PPFIBP1	0.199808578345061	TRUE	-0.0424506716430235	0.556067714326007
FAM64A	0.776375184140931	TRUE	-0.07551275020365	0.899527672891292
SLC37A4	0.648123662753794	TRUE	-0.0228788015913448	0.832515767698534
FGG	0.370415154287418	TRUE	0.0269020866831046	0.682647558715216
RRH	0.314310696705974	FALSE	-0.001708551326157	0.647690746991241
CLCN3	0.178763857894926	TRUE	0.0979585224965982	0.536386182765432
CDK5	0.410647992311469	TRUE	0.0668331256467253	0.706388751268942
OPRK1	0.548149532968896	TRUE	-0.0331192131970664	0.780641491375824
CASR	0.724188107053944	TRUE	-0.0277531053755049	0.872888508228115
RAD50	0.385312282454598	TRUE	0.0605988616995762	0.691063060319362
ALMS1	0.78191153483511	TRUE	0.0402386676698243	0.902217858298088
CYHR1	0.0621023412435551	FALSE	-0.003617297206735	0.369551053234735
CD2AP	0.537515517858631	TRUE	0.0681385861323101	0.775631664117715
ADAMTS2	0.636926184925843	TRUE	-0.0308833756317389	0.82728833042473
KLHDC3	0.317666326080981	TRUE	0.0723123622067368	0.650418647784804
ATP12A	0.608841071370922	FALSE	-0.0097595776684076	0.811716508909451
ZFR	0.673492943882945	TRUE	0.0410176513221368	0.84673871722904
FLT3	0.00225692488570928	FALSE	-0.0369398336327055	0.101552663805784
ZER1	0.597342623107431	FALSE	0.0122568335635491	0.807159899173407
ABHD5	0.557034203911397	FALSE	0.0410327387901284	0.785207712350986
FRAT2	0.00132647682438072	FALSE	0.0793553670433127	0.0805646145902433
ADSL	9.30961570866181e-05	FALSE	-0.0596684991823392	0.0329335475956379
TJP3	0.785105340765719	TRUE	-0.0267457953411494	0.903971309803258
SCAMP2	0.204897854072107	TRUE	0.0696768461724889	0.56241509739134
APBA2	0.280717042839552	FALSE	-0.00954514878698555	0.62819175102519
CDKL3	0.563595921177149	FALSE	0.0174153928642742	0.788900783933366
C6orf211	0.13897494080494	TRUE	0.149221542314708	0.493837936003515
TCEAL1	0.739817227445395	FALSE	-0.0220585436356502	0.879881219006013
STAP2	0.314382759938779	FALSE	-0.0047313537521307	0.647690746991241
GNRHR	0.0747936976735647	FALSE	0.0062440976837168	0.394194149557578
PCDHB8	0.201951865289948	TRUE	0.0551392999483153	0.558111674511996
ROCK1	0.733544229807595	TRUE	0.0522342268217626	0.877247978672612
STAG3L4	0.384121051059354	FALSE	-0.0368235721904768	0.690754300775463
EDEM1	0.696303065276055	TRUE	-0.0365473669025587	0.858380132329331
NDUFB5	0.0109377685499552	FALSE	0.044681992071923	0.189515923136741
CTSS	0.187659733230049	FALSE	-0.032725787272261	0.543379396091809
RAB11FIP5	0.0426311365540041	FALSE	0.0065014522981062	0.320813659267558
ATP10D	0.380082748514162	FALSE	-0.000456070055546896	0.688862400328834
RAMP1	0.012898435605236	FALSE	0.0260145018108906	0.199097515252139
LMTK2	0.72622251615454	FALSE	0.0161432619641495	0.874150218367694
FAM90A1	0.0534933736124408	TRUE	-0.0720528331587072	0.347786552196209
SLC4A7	0.621096725522428	TRUE	-0.0598274085857865	0.817957696945275
MOCOS	0.671099374829111	TRUE	-0.0168402303419191	0.845589044112759
SNAP25	0.761276792302678	FALSE	-0.0230807003132991	0.892459314188092
SMARCD2	0.0831617679531362	TRUE	0.0713963023127696	0.410522980766483
DLEU1	0.569397814481627	FALSE	0.0326686774001548	0.792824170692567
ATP4A	0.239497184268546	TRUE	-0.0472358075324934	0.593197591179782
BAALC	0.270846444359717	FALSE	0.0064357663483374	0.619837490584263
RPLP0	0.0129609344131426	TRUE	-0.083822858659178	0.199138259228488
MTRF1	0.131850183776092	FALSE	0.0059631724208371	0.485352943837398
BLVRA	0.485527013121377	FALSE	0.0279156194505268	0.749507651769684
DIO1	0.056978688816052	FALSE	0.00380415673734145	0.3563035238434
BCL2L2	0.0181366616723322	TRUE	-0.271976127468658	0.228755958512318
SMNDC1	0.553023767257505	TRUE	0.055851210883385	0.783046745044718
ERBB2	0.709744915592037	TRUE	-0.0263254790432312	0.866126503830461
HOXA11	0.693229548634848	TRUE	-0.0308117807416495	0.856640132080486
AMPD1	0.335595375592734	FALSE	0.0038645278230667	0.662947032028921
FMOD	0.045039698713507	FALSE	-0.0238081005276162	0.32969517508846
P4HA1	0.372198632406862	FALSE	0.0454766122514871	0.683016716760221
FMO5	0.336237303702346	FALSE	-0.00139840500320165	0.663637038586754
CSF1	0.56071997874222	FALSE	0.0131800182788342	0.787444938594324
MXRA7	0.441726951374887	TRUE	-0.0907130189054016	0.722607590360526
CDHR1	0.303380485721366	FALSE	0.0030504232242241	0.641557502348857
FGF8	0.0694650673500772	FALSE	0.0010255144729907	0.386392388296044
DDX51	0.758096564968317	TRUE	-0.0431649325647263	0.890783103645155
ANKZF1	0.59645210415708	FALSE	-0.0429413322367732	0.80638731477729
ZBED5	0.19302775330019	FALSE	0.0134492692001185	0.549499453723677
ADH1B	0.748398079685538	TRUE	0.0273415518341786	0.884796770467555
KIAA1324	0.61809278184079	FALSE	0.0193042826793559	0.816943006561687
TLR7	0.267684381214509	TRUE	0.141705706084591	0.618987021170051
IL10RB	0.676745407985202	FALSE	0.0374415598489728	0.84860784647197
HRK	0.325902646825168	TRUE	-0.0642946654053018	0.657195467250682
UPK3A	0.620709651141009	FALSE	-0.0247507259697497	0.817922920893422
RMI1	0.688142852443435	TRUE	0.0846854278263722	0.853831179390535
SH2D3A	0.358455653843613	FALSE	-0.022964472554547	0.67597936172593
SNIP1	0.587727578789154	TRUE	-0.035639719987282	0.802437449234223
NANS	0.345024676443645	FALSE	0.023325221256826	0.667423540720056
GNAT2	0.494563854149643	TRUE	-0.032391921731564	0.751754190422681
PLEKHB1	0.394875073447388	TRUE	-0.0423607569893712	0.697428108694693
COL9A2	0.149409729007947	FALSE	0.000712063539282749	0.505719309595992
VPS13D	0.584582369568145	FALSE	-0.0280811649542643	0.80076796197737
NEB	0.0239905301567818	FALSE	0.0123560593838863	0.260314470284927
FBN2	0.526080648892625	FALSE	0.0157403548418182	0.769111459230722
COL4A1	0.449857244806912	FALSE	-0.00997548153922835	0.727564209542128
CASP8	0.552390091744481	TRUE	-0.0585203308515476	0.783043120562965
LPPR2	0.590042275302608	TRUE	-0.0489240606051253	0.803628853689173
CBX7	0.375516568039808	TRUE	-0.0561203694176848	0.685740017055072
ITGA1	0.457515551829127	FALSE	0.0262885665738666	0.732735712173796
ZNF426	0.359679001100411	TRUE	0.0486768649884377	0.67668826837192
N6AMT1	0.433822466854918	TRUE	-0.0615698370077981	0.719304463784551
PITRM1	0.24346574977787	FALSE	-0.0130164634774186	0.596770025233737
MGST3	0.730631598644189	TRUE	0.0907482761821897	0.876031690496612
ZPBP	0.3160249433396	FALSE	-0.00218976744034815	0.64806471877186
LPAR3	0.401808867728758	FALSE	-0.0156223092335668	0.701803874179973
SBNO1	0.585816936361861	FALSE	0.0305072039857687	0.80137269168864
BTK	0.179907173286267	FALSE	-0.0211825317202632	0.537587636872547
PTPN13	0.635565262882045	FALSE	-0.0309602838044616	0.826821062712497
ASCC2	0.124666034101261	TRUE	0.0709589385074801	0.476206763483891
FANCL	0.720205221661143	FALSE	0.043768892520037	0.871281268882186
SLC13A1	0.753388347697599	TRUE	0.0196139244727385	0.887798334625956
CRYBB1	0.220835079816551	TRUE	-0.0551563393738563	0.574323158266026
PRAME	0.767359132365759	TRUE	-0.0227400270639735	0.895910749783293
SMC4	0.706768603066623	FALSE	0.0374017850293882	0.864698609813326
MAGIX	0.789017927149414	FALSE	-0.0242921989146399	0.905992331741489
AIP	0.148595871344437	FALSE	0.0106201366843531	0.505225962571085
TSPAN6	0.176120705010979	FALSE	0.00604044734567435	0.532542046431866
CNOT6	0.321256861990146	TRUE	0.0756777821490586	0.653606013136751
CTSK	0.018747148976473	TRUE	-0.12004443461092	0.232819358608153
NKX2-5	0.114253796287817	FALSE	-0.0167192418207516	0.46104049683543
PSMD2	0.0207681495053519	FALSE	-0.00851150555849145	0.245046875381046
KAT5	0.710649247230815	FALSE	-0.0108802857226564	0.866320186024866
SLCO1A2	0.372039733085941	FALSE	0.0006922799901985	0.683016716760221
TJP2	0.660543847162222	TRUE	-0.0536771915730299	0.839883786202581
SLC23A2	0.305524227589263	FALSE	-0.0213006582487259	0.643439232326714
PID1	0.503778904701859	FALSE	0.00737066644764895	0.75719872025436
TSPAN14	0.694155144522337	FALSE	-0.0203781743774165	0.85712133285302
TUBA1C	0.682239299276666	FALSE	-0.0313906021594193	0.851505911411934
ZFAND6	0.13105990454534	TRUE	0.0980459972870848	0.483752688033726
CA1	0.285542003191127	FALSE	-0.0149122065200582	0.631106658803079
CLTC	0.0324181353444499	FALSE	0.019948610234485	0.293757546820657
NEUROD6	0.0213746394141586	FALSE	0.0024679440380573	0.249382880845299
CBR1	0.00748631569353538	FALSE	-0.0599111392412209	0.161300438797431
WWP1	0.000292158712487606	TRUE	0.242534694487876	0.0447674005526617
MFGE8	0.11432053523844	FALSE	0.0089838791005432	0.461145695150717
TRAF3IP2	0.238665518669862	FALSE	-0.0011778934041939	0.592172498073866
HDAC1	0.697084150695035	FALSE	0.0202049369732435	0.858934885191299
CCT7	0.0586940095999837	FALSE	-0.0198198593366881	0.360644597450668
CRY1	0.490535772667233	FALSE	0.0125007346688984	0.750160457110732
SEMA3D	0.730817465209545	FALSE	0.0540482669714708	0.876161898711253
SMAD5	0.789644948626579	FALSE	0.052383144078593	0.906075341519693
GPR32	0.195695199224208	FALSE	-0.0086576518284547	0.551301332671625
CLDN6	0.0988636173717783	FALSE	0.0091792553370338	0.434795758213988
SPATA7	0.368834182517714	FALSE	0.013509731528646	0.682030462421455
TOX	0.688170310296331	FALSE	0.0421098291244708	0.853831179390535
SRP54	0.777770758477681	FALSE	0.0531387986644826	0.900463817682094
MPPE1	0.0444634795922223	TRUE	-0.0808308160162605	0.328236585349094
SLC38A4	0.429917223087506	FALSE	-0.00794090382656325	0.717308915919546
INHBB	0.187432247475507	TRUE	-0.0600085575663858	0.543136788685093
EMCN	0.645531952649117	FALSE	-0.0118659518122133	0.832160847099629
FBXW7	0.25143839266585	TRUE	-0.070949323622521	0.603271251468065
TTK	0.428826363373652	TRUE	-0.0375021212746649	0.716710957450616
VWF	0.425831946618003	TRUE	-0.0379441375587755	0.715265955406493
CDH6	0.572329516843041	FALSE	0.00873887951185815	0.794262142203355
RNF146	0.509922127188845	TRUE	0.102026653083853	0.759690842227607
ZNF354A	0.670471565527538	TRUE	0.0520898771938781	0.845057816668512
N4BP2L1	0.690199832792153	FALSE	0.0315190679598145	0.855215182391037
AKR1B1	0.389392000539593	FALSE	0.0191984432559131	0.693686707638404
ADRBK2	0.693005620634379	FALSE	-0.0319225028371384	0.856640132080486
SERPINA5	0.151509507933158	FALSE	0.0095894369325009	0.507221232094814
EMID1	0.672428618195204	FALSE	-0.0229759762641586	0.846326349155537
NTRK2	0.239268964751217	TRUE	-0.0331711058441972	0.593020937992142
HLA-DOA	0.761185379312611	TRUE	0.0321043049142862	0.892459314188092
NUMA1	0.6618682124599	FALSE	-0.0249957927842201	0.840286088320259
WDR60	0.635109454036587	TRUE	-0.0363032645061035	0.826714051121669
ATP2A1	0.0679136090392013	TRUE	-0.046771955393945	0.382900301525687
LRP5	0.191720536705353	TRUE	-0.042871208534089	0.54855391514055
FOXA1	0.684225673427122	FALSE	-0.0345847735518774	0.852746155284498
FAM8A1	0.532794934966363	TRUE	-0.0444397507838827	0.773353730927293
IDH3G	0.522282910342072	TRUE	0.0549929694369178	0.766683174357697
IFITM1	0.715686932531371	TRUE	0.112234495331495	0.868367654235427
MYH13	0.0529784096223519	TRUE	0.0550732797320262	0.347786552196209
MORC1	0.655449554272661	FALSE	0.0309403656910811	0.837141529161715
CLPTM1	0.244197712200853	TRUE	0.0844392349604133	0.597776839829552
ACAP1	0.238462113249062	FALSE	-0.0146422455594165	0.592056470797266
PTK7	0.737777167588322	FALSE	-0.0161450467017277	0.87939191667024
HSPE1	0.512798634967583	FALSE	-0.0210554198523449	0.761225712050801
KIAA0355	0.538452135842946	TRUE	0.032944958386043	0.775631664117715
PCSK7	0.505100128129863	TRUE	-0.0739552437781222	0.757579553133471
KCNJ13	0.168821540702251	TRUE	0.0404477541692038	0.526304167374275
CMAS	0.348478143385278	TRUE	0.0765594115416818	0.670137775905801
SRRM1	0.134213993572569	FALSE	0.016649111202212	0.488072958222671
ZBTB16	0.0156535994936661	FALSE	-0.0542756792971274	0.215890659258186
PCDH11X	0.613275788099883	FALSE	-0.0255470186789805	0.813992059143694
MMP17	0.117945235317089	FALSE	0.0138714003763108	0.465176008090599
RBKS	0.485786194657786	TRUE	0.0387874044066279	0.749507651769684
PRKCH	0.330082388722502	TRUE	0.112178311365002	0.660371372280409
HMGXB4	0.669656873414453	TRUE	0.0366741310263503	0.844349970826919
POLR1C	0.00490341998396685	TRUE	-0.0774771953451053	0.135937938347821
XRCC3	0.223001204529959	FALSE	0.0007518955310282	0.577489907690193
NRAP	0.564740682386102	TRUE	-0.0196354343647332	0.789495080455678
RPS19	0.484848401721529	TRUE	-0.0598077415375338	0.749452625322433
HOMER1	0.0620456432292897	FALSE	0.00460520858846315	0.369551053234735
MEX3D	0.00235665972061729	TRUE	-0.0801546566048303	0.104187822029736
TSHZ2	0.467835989699741	TRUE	0.0805505135516087	0.738109404091466
B3GNT1	0.368153429725455	TRUE	-0.0434822475641718	0.682012590916769
MYOF	0.41482354485483	FALSE	-0.00748151264678765	0.707850358516276
GSTK1	0.00368151148853062	TRUE	-0.122532252373853	0.121120581672478
RHAG	0.631725348563371	TRUE	-0.0274937090047817	0.824485926261517
NUDT2	0.219431004108175	FALSE	-0.0076854643220421	0.572950707129812
DNMT3B	0.609644247725694	TRUE	0.0242310000630917	0.812309767915586
SLC24A3	0.53971860673218	FALSE	-0.0302123711876549	0.775943867343246
SYK	0.145461720011346	FALSE	0.0146788619760247	0.500421857769614
DNAJC4	0.0487867515853234	FALSE	0.0383464694989072	0.339309421545291
AKAP13	0.211831855137735	TRUE	-0.107833510595881	0.568645997504995
LCP2	0.246957055176331	TRUE	-0.0596314428573583	0.599989859026844
STAB2	0.0324881392898329	TRUE	-0.0611210424774313	0.293757546820657
GSTA4	0.484612147720206	FALSE	-0.0136736376685347	0.749427533936135
PLN	0.588005077953421	TRUE	-0.0416124246998253	0.802568490807888
COL6A3	0.798065377292188	TRUE	-0.0180782762276732	0.911003156523871
ZIC1	0.00212806759710225	FALSE	-0.0230801130348732	0.0986766171387992
GPR3	0.00647164425318722	TRUE	-0.0828889575126661	0.152879112889354
TCEB2	0.00401811595869377	TRUE	-0.0754000416209036	0.12578993415208
ZNF550	0.739604016232267	FALSE	0.0246723173051033	0.879820989052001
TMEM176A	0.389258518852889	TRUE	0.229110668390799	0.693557879521198
RACGAP1	0.665860940233462	FALSE	0.00836253605292915	0.842139589826512
DGKD	0.170273196564587	TRUE	-0.064865163812982	0.52733188473758
KLHL2	0.726453124877258	FALSE	-0.0282246468794209	0.874150218367694
LRRTM2	0.611958144875021	FALSE	0.0231238317536064	0.813152865075111
LILRA2	0.155107492690101	FALSE	0.0290415738119725	0.512656743147919
FABP3	0.0107613925124642	FALSE	0.0171477029021534	0.18839085915109
KIAA1033	0.71879435197111	FALSE	0.0467271054902172	0.87053377430806
RECQL4	0.364453789975833	TRUE	-0.046065193793015	0.68036574325584
LHFP	0.726940094476888	TRUE	0.0421539870012549	0.874150218367694
FOXF1	0.394153509973333	FALSE	-0.0240732403953214	0.696696282086926
HIGD1B	0.0554710254507678	TRUE	-0.0558866387579093	0.352175788122204
TROAP	0.174787134092748	TRUE	-0.0593873416858389	0.530206343894509
PIP4K2C	0.183874613623335	TRUE	0.0713810853248047	0.540603686224248
CBFB	0.120920640894237	TRUE	-0.0633296562351724	0.469400598116998
GSR	0.799916270356682	FALSE	-0.0368467954326182	0.912301328789289
INPP5E	0.109829895850431	TRUE	-0.0622559440746939	0.453578419550027
CARD14	0.671909880995901	TRUE	-0.0261776151241606	0.845945106141041
KIF20A	0.418790174209215	TRUE	-0.0450729304584509	0.710558399724418
MYL10	0.481859499728023	TRUE	-0.041881747805037	0.748158957608661
C1orf105	0.0780100731491323	TRUE	-0.0571946478157379	0.399827671564031
SLC12A2	0.256416798852396	FALSE	0.0189259462745759	0.606908777809239
KRT33A	0.482314770307162	TRUE	-0.0673600030737581	0.748529628661579
MRPL22	0.191514252584442	FALSE	-0.0046926207424529	0.548382861190805
RBX1	0.792017918926041	FALSE	-0.0416456346993322	0.907415497898594
DCC	0.756278672934627	TRUE	0.0173396753467725	0.889753462586194
ATP13A3	0.43353735283575	TRUE	-0.0642338262320248	0.719097229595949
HOXD3	0.0845348305439606	TRUE	-0.0639824069658048	0.413451828185956
VGLL3	0.779432768671926	TRUE	-0.0306535830556787	0.901191818494032
CD53	0.0149668673985767	FALSE	0.00753717012684075	0.212366472594228
PFKP	0.21181264267207	FALSE	-0.0055936003244468	0.568645997504995
HOXA1	0.562598738960455	TRUE	-0.0359442487832906	0.788871878379203
GRINA	0.0440783381328764	FALSE	0.126186813120582	0.326280447886939
LAIR1	0.00358461706059276	FALSE	0.0577065222586029	0.120552474819468
TRRAP	0.369242747507135	FALSE	-0.00553047617120495	0.682297626424401
EYA2	0.547752854827737	TRUE	-0.030184092287532	0.780370601946439
MYCN	0.370451216440449	FALSE	-0.0486287459319621	0.682647558715216
IFNG	0.618666657940839	FALSE	0.0211572248802705	0.816962089082258
CLK1	0.650575016000533	TRUE	-0.0873874457136003	0.83382729811575
DCP1A	0.0521841380664235	FALSE	-0.0014760145262035	0.347031879329511
CCDC86	0.633892367150507	FALSE	0.0155267543261961	0.825692621949112
UFM1	0.380506687674027	FALSE	-0.0019638472589545	0.689170358739517
SNF8	0.681007914987353	FALSE	-0.0189186946543272	0.850717775760791
RHBDF1	0.306824904635053	TRUE	-0.042427330555404	0.643439232326714
RAB3GAP2	0.354101823179327	TRUE	0.0432464617745012	0.673119961949772
FTSJ1	0.23727563465064	FALSE	-0.00219695957692645	0.590852192954045
CYP2R1	0.610867627175415	TRUE	-0.0381037258318959	0.812889100403946
CYP39A1	0.707229874506763	FALSE	0.0134247973135966	0.86470557979644
ZNF611	0.727055188458493	TRUE	0.047626739788329	0.874150218367694
NCR3	0.492658257969434	FALSE	-0.0183207180315819	0.750965729597102
TMEM106C	0.770260859022514	TRUE	0.0522344841169916	0.896897502614118
SCD	0.637080755248541	FALSE	-0.0500982078929171	0.82728833042473
CYBB	0.41598757227467	FALSE	0.0196801588150488	0.708336613551641
DLG4	0.535559351297137	TRUE	-0.0483387061042495	0.774279906077429
NHP2L1	0.794243448605939	FALSE	0.0248834132115246	0.908955032674883
IL18BP	0.551322452672791	FALSE	-0.0101847907453152	0.782849441800729
FSD1	0.440189205279175	FALSE	-0.00924914378919035	0.721779014706024
C6	0.100008385543585	TRUE	-0.0508351215089898	0.436509467534004
ATP7A	0.758900378422625	FALSE	0.0569363961676857	0.89126580952192
FRK	0.663844941972667	TRUE	-0.0222960912422714	0.841419382632246
PPID	0.0323738277583544	FALSE	-0.0281943714172306	0.293757546820657
ARTN	0.571338418984908	TRUE	-0.0356401203914252	0.793630568770044
PIP4K2A	0.524018682592962	TRUE	0.131899922507449	0.767680599731472
PTGR2	0.791639524712035	FALSE	-0.0235037385779049	0.907262824465007
TAF12	0.357338351698048	FALSE	0.00798372656847015	0.675708743149904
PLCD1	0.510384997709711	TRUE	-0.0363133187508873	0.759984561411538
PIGL	0.319171762623194	TRUE	-0.0551262175424405	0.651417985497934
AIMP2	0.0053814637933182	FALSE	-0.0223260476035562	0.141729636549285
RAB30	0.700817698385602	TRUE	0.0712866752145556	0.861332224234036
TIMM8B	0.312945502332244	FALSE	-0.0050932066923508	0.646735264704011
RIT1	0.122201845728689	FALSE	-0.0211686789522797	0.472755622216855
HBEGF	0.802958746892072	TRUE	-0.0578060234368144	0.914131448896507
PPRC1	0.356706243623031	TRUE	-0.0439850073008228	0.675368470231053
KLHL12	0.038917486652252	FALSE	-0.0177915629699728	0.314280060724649
APBB1	0.142092679762834	TRUE	-0.0624057996318501	0.49758767629116
MRPL39	0.567750455957336	FALSE	0.021015757422707	0.791750389878272
PMS1	0.119177620012127	FALSE	-0.0256096862098191	0.467052932024664
RAB11FIP3	0.0537174539630163	FALSE	0.0177903505779389	0.347786552196209
LRRC40	0.0433891432600379	TRUE	0.13496925817902	0.323890385401955
PREX2	0.631992007391827	TRUE	0.0159981784275236	0.824644116434514
HRG	0.40434550373589	TRUE	-0.0339081251801922	0.703741161452227
NFE2L1	0.179178761407779	FALSE	0.0158940510281615	0.536643038851454
PIBF1	0.582495196773021	TRUE	0.061152980191681	0.799529480233541
NCAM2	0.412688715813224	TRUE	-0.0237264996527346	0.707429263946921
COPS5	0.680044556033735	TRUE	0.0417399107174568	0.850168161065769
TCP11	0.781625635188603	FALSE	-0.0183803577087827	0.902071560041076
APLP2	0.11092052230601	TRUE	0.0874846549546952	0.454288225407822
IKZF1	0.619337421614377	FALSE	0.0281378409198947	0.817254395867034
HSD17B10	0.646708242900848	TRUE	-0.029460432376645	0.832515767698534
DSPP	0.0322926173948876	TRUE	0.119577262965915	0.293757546820657
TLR2	0.721789351451474	TRUE	0.0808781854449352	0.871799696961032
HADH	0.641404730210656	FALSE	0.0188994671996338	0.830074819147046
PTHLH	0.803241583590151	TRUE	-0.0277292866728329	0.914361642036816
CDADC1	0.690253493807963	TRUE	0.0365352204296015	0.855215182391037
NR1H2	0.300343463224121	FALSE	0.0122931288575394	0.639788564624894
CSPG5	0.773820603103157	FALSE	-0.0209046448678692	0.898434711427007
DHRS12	0.728903805951205	TRUE	0.0189019921245208	0.874885175789215
SEMA6D	0.217100639349212	FALSE	0.0076467591780869	0.571802378496795
KLHDC4	0.626210998637652	FALSE	-0.0314937616949456	0.821354136905995
LGALS13	0.224677284124386	FALSE	0.0157393650098605	0.578511536933992
TTC28	0.577959937317009	TRUE	-0.02816382189816	0.797281134014208
BID	0.607745106423014	TRUE	0.043537158545802	0.811209153823491
SNRNP27	0.564625863359852	FALSE	-0.00779082853614275	0.789495080455678
CDH1	0.0513007503694849	TRUE	-0.0447486030732822	0.345632328246934
DDX42	0.535629004304592	TRUE	-0.0554668964970179	0.774279906077429
PON3	0.713825244571687	FALSE	-0.0139531406009601	0.867641833731976
GLRA1	0.223355363373536	TRUE	-0.0360413813082809	0.577588519719069
PRKAA1	0.0836537795415684	FALSE	-0.0341190234985482	0.411169867465978
TRIM33	0.427359039853555	FALSE	-0.00445099791867865	0.715815877863958
BAD	0.502699008458124	FALSE	-0.0099410653612413	0.756282878719208
SPINK5	0.33110749345182	FALSE	0.0026263477504398	0.660874470735819
HIST1H3I	0.427225779551448	TRUE	0.0866887568135722	0.715815877863958
SV2A	0.387998892682205	TRUE	0.0345607210643522	0.69327441602955
PPP2R3A	0.376771865321842	FALSE	0.0072194253971913	0.686261838654249
ORC4	0.563574035795944	FALSE	0.0235734562008756	0.788900783933366
TMBIM4	0.494488396017348	TRUE	0.0553295730201864	0.751754190422681
PTPRE	0.0530959639041854	FALSE	0.00715023658934835	0.347786552196209
ZNF395	0.724535403976149	FALSE	-0.0129670121955931	0.872968541673101
IFT81	0.505888584349173	TRUE	-0.0297369074434384	0.757680420084986
BBX	0.000984978222408997	TRUE	0.197488795316374	0.0729978304829779
PTPRT	0.569501166692761	TRUE	-0.0305815161871865	0.792824170692567
TBX10	0.327737321984016	TRUE	0.037626321641008	0.658310072708777
XPNPEP1	0.685470386443733	TRUE	-0.0382481592788678	0.853107305839626
NECAB2	0.271797108099686	TRUE	-0.0456826053319652	0.621132962180113
LYPLA1	0.713084352185051	TRUE	0.154368678880918	0.867255444035917
RARG	0.780514007336901	FALSE	0.0174496276749805	0.901430874841425
MCM10	0.127369452464917	FALSE	0.00223970715489765	0.477954320979065
PSPC1	0.207824601921187	TRUE	-0.0892203874114377	0.565218394317161
HEATR3	0.54516862264885	FALSE	-0.0110625445894086	0.778548181057591
C2orf49	0.538885814438607	FALSE	0.0298519832025214	0.775631664117715
UMOD	0.261498225611479	TRUE	-0.0372615086688164	0.612054270807065
IDH2	0.554056446039879	FALSE	-6.11331046985013e-05	0.783243017228659
SPN	0.514002076332149	TRUE	-0.0366360592412635	0.762164187724628
PLA2G2D	0.0372342748307885	FALSE	-0.0124559544261111	0.30804384794374
FABP1	0.572343791814546	FALSE	0.0282138211530398	0.794262142203355
LAD1	0.711947573754781	FALSE	0.0197723759017858	0.866793432939281
CDH17	0.376684683887045	TRUE	0.0258315487562921	0.686261838654249
ADI1	0.457676900867387	TRUE	0.0937023920936915	0.732863488809595
XPO4	0.736408058073202	FALSE	0.0323606866073547	0.878498787006001
AHDC1	0.0420536080932652	TRUE	-0.0609725553607725	0.318900165581219
STK17B	0.470077030958433	TRUE	0.073134087435144	0.739792290636734
PLEKHF1	0.366895242218711	TRUE	-0.0457334069915558	0.681391179888347
NT5DC2	0.556108864163108	FALSE	-0.0121453800531328	0.784488481058159
PARP11	0.462036468226912	FALSE	0.0184620095100021	0.735057540643879
SLC1A3	0.0217231724350974	FALSE	0.018071409894831	0.251106146020322
ADAMTS3	0.549923623180919	FALSE	0.0100570363860219	0.781891406049962
FGD1	0.621067137503755	FALSE	-0.0120037634381336	0.817957696945275
ZMAT5	0.634041717774311	FALSE	0.0223268391628011	0.825703346484772
EPYC	0.605629595119849	FALSE	-0.0157242878484478	0.810484359620438
MPRIP	0.723234889194981	FALSE	-0.0701150248104837	0.872606981121716
SESN1	0.270861166403124	FALSE	-0.0209340297959106	0.619837490584263
POLD3	0.147714762946134	FALSE	0.00336832823694926	0.503088797623556
SLC30A10	0.506283914296584	TRUE	-0.0310575040348953	0.757680420084986
REL	0.241724819560416	TRUE	-0.0834881122640688	0.595572936481889
ALDH2	0.693118566490693	TRUE	-0.0508861009645427	0.856640132080486
ZCCHC11	0.195666628618787	FALSE	-0.036247684771607	0.551301332671625
PSMD6	0.350661497690115	FALSE	-0.000326185571510401	0.671444428188378
TRIM37	0.29173815203321	FALSE	-0.0046790068301044	0.634252605316474
PSG6	0.768795544854742	TRUE	-0.0437343856595212	0.896088431275169
SPAM1	0.173416629958137	FALSE	0.0035061908561431	0.528971132021033
TEX12	0.0749031521320137	FALSE	-0.0166844232268941	0.394464131420468
NPHS1	0.437136968034016	TRUE	-0.0510287904739876	0.720277786255983
DRP2	0.600943558926851	FALSE	-0.0065719164910396	0.80822734575397
IL15RA	0.759991661634582	TRUE	-0.0318874385723884	0.891716209775923
SOX21	0.00338835741285428	TRUE	-0.0873106367307502	0.116432424267267
GNRH2	0.518600579710403	TRUE	0.0494467157864383	0.764603171194466
ANPEP	0.313799631315669	FALSE	0.028918147908448	0.647690746991241
PDGFB	0.712194788576098	FALSE	-0.027986980907528	0.866793432939281
CDH4	0.0271478416957758	TRUE	-0.0568877499478795	0.27362611287858
ATP6V1B2	0.352397670173089	FALSE	0.0327766238702108	0.671908051470096
TRPC1	0.443379296229152	FALSE	0.0322478786708729	0.723378106466525
PKD2L1	0.184893168263109	TRUE	0.0411956518402348	0.541452385055629
IMP3	0.00408253487003796	FALSE	-0.0293624787618091	0.12578993415208
ESRP1	0.570249364184593	TRUE	0.0321236867416324	0.792981097126248
KDM4A	0.0314866189534389	FALSE	-0.0218498640893858	0.291688195879567
CACNG3	0.664786520018462	FALSE	0.0134508891358305	0.841765979954141
ELN	0.00532954402837078	TRUE	-0.0801505277721128	0.141622605931454
TNNI1	0.085965395774124	TRUE	-0.0544345794052541	0.416386852918749
ZIC3	0.809724405958818	FALSE	-0.0148167060792787	0.916168083655483
SLC25A24	0.283336599034469	TRUE	0.0996015530774782	0.629211456414384
PEX5	0.664706474428771	TRUE	-0.0262647005981158	0.841762113647332
SH3PXD2A	0.718784953288788	TRUE	-0.0247846203512307	0.87053377430806
LPAR4	0.513692705743699	FALSE	0.040732568025661	0.762004394352146
DDX24	0.703749029564175	FALSE	0.0255275370093732	0.862986682156103
DNAJC13	0.552128122239722	TRUE	0.074743651256603	0.783043120562965
NKX3-2	0.685400581986362	TRUE	-0.0290801103658684	0.853107305839626
ADORA2A	0.506159656128597	FALSE	-0.0194965113460608	0.757680420084986
SPR	0.362517490101221	TRUE	0.0385281237598112	0.679211140161558
NYNRIN	0.692617403123352	FALSE	-0.0250836673551085	0.856630533814974
MYNN	0.774109833057395	FALSE	0.0430506992878472	0.898434711427007
SCAMP5	0.296273476235693	TRUE	-0.0503177888861118	0.637313407044525
SYF2	0.704155143562839	TRUE	-0.0477477166262213	0.862993425514379
TSC22D2	0.00829114139934832	FALSE	0.0950196594573677	0.166989946604104
CARS2	0.145317455933899	TRUE	-0.0727587190213841	0.500229093149508
ITPKC	0.76174111872821	FALSE	-0.0146003013597653	0.892568207632445
TEF	0.542839102086436	TRUE	-0.0376222227426655	0.777304206391088
NOTCH1	0.804878563172263	FALSE	-0.0353685626598605	0.915214403109736
TSPAN13	0.207355404267219	TRUE	-0.132427149589385	0.565193011775479
IQSEC3	0.641683566473406	FALSE	-0.0406786742948664	0.830176841836993
FBXO17	0.685593832091942	FALSE	-0.0152819001655975	0.853107305839626
RBM28	0.326263075154583	TRUE	-0.0435684893202422	0.657300905470371
SGK1	0.289398636683102	FALSE	-0.00120488608729375	0.632033998189821
CPN2	0.153829519388538	FALSE	0.00471883643379955	0.511600895024217
DNAI1	0.0543240007901271	FALSE	0.0176778535926059	0.348788023910053
FNBP1L	0.5815975063453	FALSE	-0.0458847938357731	0.79874450244402
CSGALNACT2	0.491805604957891	TRUE	0.0677882448009175	0.750673725036584
GSTT1	0.148955422254763	TRUE	-0.0710720734300723	0.505719309595992
CRNKL1	0.463083519564123	FALSE	-0.0073956276263729	0.736142440535202
SUPT3H	0.0647665037894178	FALSE	0.0083105524745468	0.375453674063501
KDM6A	0.315052847199247	FALSE	0.0107677747184796	0.647690746991241
CAMLG	0.422480310708339	FALSE	-0.0055754881994674	0.713154136875637
HPR	0.353047214462234	FALSE	-0.0500637549639606	0.672581042470979
HOOK1	0.242112265976221	TRUE	0.0463964801473849	0.595892543965345
FOLR3	0.022157850806867	TRUE	-0.360546148894402	0.253019003322321
GPATCH2	0.104367845540155	FALSE	-0.00335797281989695	0.443829305439923
TSPYL2	0.0643913947687353	FALSE	-0.00747720204167065	0.375187038939951
ESRP2	0.0180365796829574	TRUE	-0.0619744709708417	0.228316372015862
PLTP	0.0715314447570714	FALSE	-0.011515842939084	0.389150068959542
DDHD2	0.25132504863592	FALSE	0.0183872880255791	0.603271251468065
YY1AP1	0.385043267061108	TRUE	-0.0610630164382088	0.691063060319362
LRRN3	0.193262529451453	FALSE	0.0465643854618012	0.549499453723677
XKR8	0.641796471958998	FALSE	0.0150654317639028	0.830176841836993
FANCE	0.736370847450574	TRUE	-0.0191958527435095	0.878498787006001
C9orf78	0.305523008609333	FALSE	0.00898847281614135	0.643439232326714
TIMM23	0.413463478135666	TRUE	0.0967063482241088	0.707662245823443
RANBP2	0.0893267826933761	TRUE	0.104032628548787	0.42079241165159
GPI	0.193875538157128	FALSE	0.034206214899118	0.549960379608525
SPAG7	0.147319365008801	TRUE	-0.0548979085789689	0.502241214622608
SALL2	0.766518950360269	TRUE	-0.0231660510425726	0.895648558685577
WAS	0.80205967874641	FALSE	-0.0180770002659889	0.913554801981011
RASL10A	0.33327932838704	TRUE	-0.0505273549658676	0.661911219007552
SLAMF1	0.398965226426478	TRUE	0.0526219451563366	0.700072222601336
PPP2R5D	0.722506418806673	TRUE	0.0201372662492778	0.872045075209563
CXCL10	0.367910060519289	FALSE	0.0902526564890015	0.682012590916769
SEC22A	0.674978856670872	TRUE	0.0536907283692334	0.847938013092893
CHUK	0.482424688015762	TRUE	0.0629938791556209	0.748529628661579
ACOX3	0.767517166927506	FALSE	0.00921276923607593	0.895910763412703
AMBP	0.0848320198194136	FALSE	0.0015960772161834	0.413902871227337
MYOT	0.783478787241235	TRUE	0.0202588384249825	0.903107244945447
IL1RN	0.13633569254911	TRUE	0.12771047487824	0.489136716266414
ADH1C	0.486885733643536	TRUE	-0.0328052344458886	0.749854849317994
MLH1	0.0944436594375834	FALSE	-0.0130480570392812	0.427725309441334
MTMR11	0.612069821273135	FALSE	0.00820739442794415	0.813152865075111
NPC1L1	0.165582797451393	TRUE	-0.0393811286075492	0.521903312575957
FEM1C	0.691127587604773	TRUE	0.0342474821579141	0.855555538851248
GK2	0.112253184917875	FALSE	0.0074378599756968	0.457033703333493
PHC3	0.370066799894873	TRUE	0.0524914461534784	0.682647558715216
EVL	0.409435576439968	FALSE	-0.0256463763901885	0.706345279796444
MSH4	0.408335267784685	FALSE	0.00760736781569805	0.705929367764792
BMPR1A	0.780860306683727	FALSE	0.0508602661850621	0.901647150456902
MANSC1	0.290867102554751	TRUE	0.0967273272028261	0.634014239882414
TEX261	0.0870809416262548	FALSE	-0.0010384771007308	0.418040134250679
KLRF1	0.791504044885776	TRUE	0.0957327958905825	0.907262824465007
IRAK3	0.208702510891091	TRUE	0.130742198130411	0.565359779936547
TIMM50	0.281993856148552	FALSE	0.0247369839008749	0.628615112092927
MPO	0.160210796146832	FALSE	0.0264052213847895	0.517043237797613
STARD8	0.129964386211576	FALSE	0.0113439956939305	0.482220607085427
CRYBA2	0.651892282675093	TRUE	-0.0252367427223108	0.834760767165768
LILRB2	0.51186294649742	FALSE	-0.00383378931295565	0.760671870583832
CD226	0.64566124860181	TRUE	0.115333478613772	0.83223290870705
MDC1	0.220535018184441	TRUE	-0.0588926849910729	0.574087318471365
NAGA	0.508960907752374	FALSE	0.0324928754021466	0.758943213406843
MECR	0.0799517695530661	TRUE	-0.0479569145808579	0.403606196927811
NDUFS3	0.293262865193927	FALSE	0.0066031565906419	0.634600692449225
SLC19A1	0.0555657795967529	FALSE	0.006487513935578	0.352254160641935
PFKM	0.370038811416809	FALSE	-0.0058629179549885	0.682647558715216
GALT	0.81248485863603	TRUE	-0.048469196265374	0.917355454147065
HPSE	0.164158808318365	TRUE	0.134245837632343	0.520703768558187
MCAT	0.349691691074325	TRUE	-0.0365081781132352	0.670971106545837
CDK17	0.628685326773928	FALSE	0.0151123465798944	0.822981172972704
FAM155B	0.0185608598334137	FALSE	0.00578328307118795	0.231276472144042
SLC22A8	0.0587727303240067	TRUE	0.0701776529496012	0.360644597450668
CRAT	0.359838075227458	TRUE	0.0580058681306772	0.676762968154611
PRDM9	0.485578469806923	FALSE	0.0191033054228371	0.749507651769684
ACYP2	0.0254568356539237	FALSE	0.0355539947051126	0.263997913960265
PEX11A	0.0493343861370653	FALSE	0.0062622058020465	0.340460485097415
SECISBP2	0.781765892714712	TRUE	0.0476373124110205	0.902141609759019
TEC	0.241065678968104	TRUE	-0.052650942415061	0.595383714985608
TOPBP1	0.291840492868997	FALSE	-0.00193112261046835	0.634252605316474
CALM1	0.407675315917404	TRUE	0.0539049360213317	0.705688362810524
VNN2	0.306728214594309	FALSE	0.0156799465829365	0.643439232326714
IL26	0.597903169120066	FALSE	0.0223000799604498	0.807500076209735
LRP2	0.498234691164226	TRUE	-0.0194975705821254	0.754807791424133
PSMB5	0.793601466866291	TRUE	0.0764338691373566	0.908403698041276
GOSR2	0.360989561762546	TRUE	-0.0429121653504723	0.678059000628147
PNMA1	0.423763920956591	FALSE	-0.0060881065265006	0.714190286307418
PFAS	0.0322302713901861	TRUE	-0.0580268815730074	0.293757546820657
ELMO3	0.402776928703623	FALSE	-0.0098059042724623	0.702619953432908
PRKACA	0.538193717168761	FALSE	-0.0044495616909632	0.775631664117715
SERPINB3	0.579221241134594	TRUE	-0.0335883241586847	0.797839490184047
MRPS16	0.450681068501919	FALSE	0.0195767421594733	0.727959064920693
NBAS	0.802129959301786	TRUE	0.0276883179185749	0.913554801981011
PSMD13	0.560019673018973	FALSE	-0.00433474570868065	0.786775253668956
USP49	0.492772178576541	FALSE	-0.0188920093003415	0.750965729597102
CPZ	0.737659937157546	TRUE	-0.0355026283758493	0.879344620209147
HIST1H2AG	0.467107098223526	FALSE	0.0310896362644484	0.738100295762821
ENC1	0.219269351960308	TRUE	-0.0722137541104572	0.572950707129812
CEP350	0.69623981884174	FALSE	0.0270674489888085	0.858380132329331
CDK5R2	0.311885227902284	FALSE	-0.0159793239558925	0.646549502452608
PLXNB3	0.43145456746433	FALSE	-0.0103247945205021	0.718499535978563
IL12RB1	0.430632336035285	TRUE	0.0375645085795542	0.717868282608659
GLRA3	0.00178313485643815	TRUE	-0.0548473468110204	0.0906680095836422
NMB	0.517654568282674	TRUE	-0.0342893688543242	0.764100999922941
GGA2	0.414387108527165	TRUE	-0.0429542360536246	0.707850358516276
MAPK12	0.756246922352745	FALSE	-0.0223445315743973	0.889753462586194
LARS	0.626631550042048	FALSE	0.0178043122568976	0.821581974191131
WBSCR16	0.218941301139356	FALSE	0.0075613821641416	0.572618336753129
PARP1	0.428270996035717	TRUE	0.0480796543103423	0.716354156077444
CCL17	0.316276478967431	FALSE	-0.0139201630211665	0.648275306401247
NPY2R	0.29854230129481	TRUE	0.047267649832953	0.638717614919387
USP24	0.682729130002516	TRUE	-0.0403011338083012	0.851740081978054
RPL30	0.00198533846257615	TRUE	0.112496299773457	0.0957946928814936
CAP1	0.764983479527157	TRUE	0.0286208930184335	0.894882419568983
PPP2R5A	0.61889975705235	FALSE	0.0375768496179605	0.816962089082258
PRH1	0.00639463146130621	TRUE	0.162727601662786	0.151857618266516
FAM118A	0.466916287420377	FALSE	-0.0148352030579785	0.738100295762821
MAGEA4	0.670286920213632	FALSE	-0.026510363616048	0.844956463402154
COCH	0.579269503678383	FALSE	0.0052759485054592	0.797839490184047
ELMO1	0.703742613486812	FALSE	0.0097199514207893	0.862986682156103
MTSS1L	0.806333161597838	TRUE	-0.0341301593704286	0.915584893598886
TWF2	0.0674303344519022	FALSE	0.0345277462335565	0.381342923865396
EI24	0.00137128235434491	FALSE	-0.010074096643703	0.0805646145902433
LILRA5	0.138911085894143	FALSE	-0.0791528482914385	0.493765768950998
ARHGAP29	0.522421817981546	TRUE	0.0505338946461627	0.766683174357697
DNAJC6	0.700070058739972	TRUE	0.0297974694358807	0.860871315047451
GCLM	0.100539780224366	FALSE	-0.000247573054906094	0.437124450906477
SELP	0.636984374604125	FALSE	0.0689942100988685	0.82728833042473
GSTZ1	0.283081221826871	TRUE	-0.0390087920608177	0.629137196059366
RPS11	0.00669992578759781	TRUE	0.113011415246176	0.154931727215176
P2RY6	0.555859798678918	TRUE	0.0402746987594114	0.784234696680385
PLA2G2E	0.353470033826417	TRUE	-0.0380958164059031	0.672821338519009
ENDOD1	0.658902954667372	FALSE	-0.0464719352789681	0.838812237899779
ERCC1	0.774498947865284	TRUE	-0.0232221653049791	0.898434711427007
RHBDL1	0.707028029788549	FALSE	-0.024356152836134	0.864698609813326
POLR3F	0.572475663542362	FALSE	0.026208819142218	0.794262142203355
FAM193A	0.202861487571357	FALSE	0.0172456125994214	0.559398445421114
COPZ2	0.723405179980437	FALSE	0.018155506384756	0.872719580359418
BCAR3	0.405366017965361	TRUE	-0.0260821066502195	0.704112328080457
SEC14L1	0.390922093123179	FALSE	0.10815815132721	0.694480671524407
OVOL2	0.327810154758846	TRUE	0.0396167258453035	0.658310072708777
PSMB2	0.768954806493468	TRUE	0.0703038968963811	0.896112903476818
GRIN2D	0.126156525871349	FALSE	-0.0068362131204278	0.477954320979065
NOSIP	0.622923511204622	FALSE	-0.0401769235120693	0.819159905976284
FARS2	0.602466257683301	TRUE	-0.0494939494347282	0.809115823270277
MRPL16	0.0226299412804966	FALSE	-0.0251085966856504	0.25557858982027
MYO1E	0.0399382016864869	FALSE	0.0329714380125914	0.315649780659111
EGR2	0.00740637034733864	FALSE	0.242719265376621	0.161192131150488
PCCB	0.469751149229037	FALSE	-0.00220167361472475	0.739484698196314
PEX14	0.805703294225297	TRUE	-0.0138119137716943	0.915584893598886
NKX2-8	0.509012267608353	FALSE	-0.0171106052694538	0.758943213406843
MMACHC	0.406389276359989	TRUE	-0.0298767003947842	0.705010188796462
TMEM189	0.720067832718572	FALSE	0.0180468201845647	0.871281268882186
BCAP29	0.0762861547555821	FALSE	0.0147114857832165	0.396120552567489
GPR98	0.433254008635382	TRUE	0.0180995730114816	0.719067213688027
LIPC	0.808617155271472	TRUE	0.0364641745480832	0.916168083655483
GNA15	0.342492033317073	FALSE	-0.00765513527554075	0.666355038740957
TBXA2R	0.576780585860622	FALSE	-0.03696720314423	0.796894731701425
FKBP6	0.681138706629229	FALSE	-0.0117605638228216	0.850785612961977
ACP5	0.402672900664906	FALSE	0.0088521618175941	0.702568951348707
ERLIN2	0.693223672513179	TRUE	0.0417838179653849	0.856640132080486
HIST1H2AK	0.591354351431687	TRUE	-0.0497864862048991	0.803904446814998
PTS	0.575852462339973	TRUE	-0.043705874764783	0.796534379337175
TGM5	0.720269796281472	FALSE	-0.0107475556063527	0.871281268882186
HSPB8	0.19894183512803	FALSE	0.0102910005169137	0.555753010228315
FOXC1	0.646921911864303	TRUE	-0.0445968243901919	0.832515767698534
SLC35C1	0.819207063972893	FALSE	0.0399424160867206	0.920375123762409
PANK3	0.139252335654236	TRUE	0.10939013828981	0.494097450017809
FZD7	0.450115788864805	TRUE	-0.0310602763000691	0.727564209542128
SNRPD1	0.0347056499776211	TRUE	0.113503386061798	0.299650606823466
C1orf35	0.42529639842988	FALSE	-0.0203757064734087	0.714964545855657
KLRAP1	0.268484282072596	TRUE	0.0550522529863918	0.618987021170051
PODXL	0.638579462908202	FALSE	-0.00916786878936325	0.827904474035685
GCH1	0.802538335644437	TRUE	0.0579196564858525	0.913928109658759
PIP4K2B	0.116351464768733	TRUE	-0.0640320277477784	0.464703841013346
PRR13	0.490562061680035	TRUE	-0.0518811469605174	0.750160457110732
HUS1	0.683515481140148	FALSE	-0.0132418746913769	0.852345984894769
TOR1B	0.492602820354873	FALSE	0.0170633234984257	0.750965729597102
NCOA2	0.0996023328812261	TRUE	0.0992022397451313	0.436274433552756
POFUT1	0.00121850833368632	FALSE	0.047065079670331	0.0798651213622494
RPAP3	0.368368645596096	TRUE	0.106539766577473	0.682012590916769
CCDC132	0.720291967060729	FALSE	0.0335631793532327	0.871281268882186
AMN	0.605056898776965	FALSE	-0.0180470165823125	0.810484359620438
CASP5	0.502079031258736	TRUE	-0.0635256514004685	0.75582935340597
IL13RA2	0.0633907828502843	TRUE	-0.0456496301905806	0.372429060486722
G3BP1	0.434933511679113	TRUE	0.0498791979264035	0.719714220538262
ADRA2C	0.2512997499541	FALSE	-0.0039039222605721	0.603271251468065
MMP9	0.11387345697611	FALSE	-0.007201793911199	0.460463981117563
LCE2B	0.60296685618863	TRUE	-0.0543751221290183	0.80950049518386
ISG15	0.476098289332488	TRUE	0.0738630369557604	0.74379698301751
KAT2B	0.613912772687228	FALSE	0.0155615610953714	0.814240850449531
FIBP	0.570923207714641	FALSE	-0.002857829763669	0.793150974304866
C21orf59	0.00323915951708667	TRUE	-0.0848944112285039	0.115119738188728
JRKL	0.728771307083418	TRUE	0.0528378183653086	0.874821432187381
SERPINF1	0.0474753324127119	FALSE	-0.0890167944111655	0.33666216024249
SMPDL3B	0.230684173538595	FALSE	0.0214478852869826	0.584763762521969
STXBP6	0.724838134903625	FALSE	-0.0113185005514032	0.873147733100202
CLDN11	0.240702873163685	TRUE	-0.0513112227947565	0.595143889839298
SF3A3	0.0346042191788551	FALSE	0.003456243482696	0.299650606823466
CCDC47	0.0107661413466713	TRUE	0.146588166895757	0.18839085915109
STK32B	0.216498083403088	TRUE	-0.0397612323412018	0.571802378496795
TPO	0.829677305577404	TRUE	-0.0161770772141065	0.923276381739061
KRT19	0.230558820289845	TRUE	-0.0516568259199959	0.584763762521969
BMP5	0.520665352856095	FALSE	0.0086173445346409	0.765895637774196
RBBP7	0.364121077649049	FALSE	0.0053504667869078	0.68000262661663
ALPK3	0.0400230412826265	TRUE	-0.0542119118621453	0.315649780659111
PAEP	0.801928445090985	TRUE	0.0244719362137613	0.913508804388856
CFTR	0.049307323294887	FALSE	-0.0214891218161006	0.340460485097415
PANK2	0.170058569295654	TRUE	-0.0526981822849288	0.52733188473758
MTHFD1	0.0805776318134434	TRUE	-0.073888083399949	0.404457621572658
MMADHC	0.553895605429177	FALSE	0.05254717658314	0.783243017228659
RABEPK	0.0284899203258304	TRUE	-0.061480726798568	0.279380023851361
SOX11	0.172733673578863	TRUE	-0.0453626466668808	0.528971132021033
NOVA1	0.297278063266712	TRUE	0.0368725580536573	0.637851816852321
PRICKLE4	0.767301324218667	TRUE	-0.0246689507654772	0.895910749783293
ACAT1	0.822293873494718	FALSE	0.0494930433541783	0.921501957616882
KCNK3	0.458421807002687	FALSE	-0.00535647942586025	0.73340816608779
WDR61	0.82505722053234	TRUE	0.0403539149535743	0.921979286844999
HPSE2	0.516273561323105	FALSE	-0.00123392978612545	0.763618093270593
NAP1L2	0.00119810761793039	TRUE	0.0585136119721419	0.0794464460801913
COL4A2	0.597450660001976	TRUE	-0.0344850983765199	0.807159899173407
GRHL2	0.809264407777542	FALSE	0.0148673359682778	0.916168083655483
RNF111	0.754770552568063	FALSE	-0.0370386906510074	0.888716853122457
NFS1	0.615700694444905	FALSE	0.00687260652030955	0.815206699475804
SLC15A2	0.56278767316043	FALSE	-0.0593298308601845	0.788871878379203
LCMT1	0.750422560455677	TRUE	0.0358334498566948	0.886081580027795
ABL2	0.259926531824466	TRUE	-0.0370618852062842	0.610823258898362
RFC3	0.268467276511473	FALSE	-0.000601031278132151	0.618987021170051
SRM	0.778327691656856	FALSE	0.0348060110039073	0.901016610076272
MADD	0.601029304543919	TRUE	-0.0384404786496724	0.808234277971755
RASSF7	0.554691924095925	TRUE	-0.0394316733010478	0.783464340722931
GUCY2D	0.224294714020724	TRUE	-0.0472531260246604	0.578337186286038
ZNF557	0.402494995740968	FALSE	0.0238433831485607	0.702461252379073
PRPS1L1	0.638838168334255	FALSE	0.0256730951260442	0.827937540501811
FOXL2	0.452431766757197	TRUE	-0.0353788551207828	0.729643550456529
KRT7	0.429432423046079	FALSE	-0.0088789451339011	0.716710957450616
PMM2	0.314552364799592	FALSE	0.00147410250182435	0.647690746991241
CCT6B	0.600520218333597	FALSE	0.00868296738933115	0.80822734575397
SNX4	0.367509284037397	TRUE	0.0880507934650586	0.681804282018987
SLC5A7	0.709697489917296	TRUE	0.0218811552887561	0.866126503830461
RRAGA	0.824965967631944	TRUE	0.027581198657038	0.921968175337928
CHEK1	0.72386916105867	TRUE	0.0350811468636105	0.872746975991642
PRDX2	0.440267575363626	FALSE	-0.0250738255974609	0.721779014706024
KIAA0907	0.178663815074189	FALSE	-0.008885564864142	0.536369870036069
GTF3C5	0.187383965229196	FALSE	0.0131022933318162	0.543135680402316
BCAP31	0.121741875400439	TRUE	0.069139014013615	0.472091777406095
LBR	0.20135691059402	TRUE	0.0828728803091217	0.557472046547111
POLR2L	0.409497125114461	FALSE	-0.145363796412282	0.706345279796444
C4orf19	0.551901162874393	TRUE	-0.0279560699662032	0.78293597971134
AKAP7	0.578590619846232	FALSE	-0.0234203160825763	0.797646083700478
SPRY4	0.612365270847539	TRUE	0.0313018542744335	0.813354785772549
PSRC1	0.659815912665727	TRUE	-0.0320186223286165	0.839503212939484
ARHGAP12	0.600100546175521	TRUE	0.0565100244795489	0.80822734575397
KIF11	0.458963451406917	FALSE	0.0332354245039932	0.733566303132445
GPR144	0.286143066824541	FALSE	0.00601721740303865	0.63148622707736
LAMA4	0.524412371720143	TRUE	-0.0243081583553999	0.767860522073179
GABRB2	0.567524106690004	TRUE	-0.0284822182062583	0.791726851102111
NUP160	0.230224594450426	TRUE	0.0584528547144893	0.584763762521969
APOL2	0.432674757110154	FALSE	-0.00467152162361375	0.718881847814073
ALOX15B	0.126442552794716	FALSE	-0.0080132862105291	0.477954320979065
APOBEC3A	0.646033462622715	FALSE	0.0633535200437814	0.832428799168064
DHODH	0.695865510968571	TRUE	0.0249670852637163	0.858027297615553
ZNF500	0.504780671696924	TRUE	-0.0473896463189671	0.757518908382312
TYMS	0.596530607586925	FALSE	0.0060243440533125	0.80639730083788
PDE3A	0.142415651980952	TRUE	0.0920966746325056	0.497599911417046
STX2	0.636660786621603	TRUE	-0.0714641102571267	0.82728833042473
CCL11	0.114102882277447	TRUE	-0.0476490257411512	0.460595436861506
SSR4	0.0105588143426655	FALSE	-0.0183241559928265	0.187658927635555
EPX	0.193539252479666	TRUE	-0.0459238922347023	0.549640798372832
CDC42EP2	0.155373660068495	FALSE	-0.009940845447268	0.512718887041164
EPHB2	0.589878195395122	TRUE	0.0375248146653755	0.803535422583529
PORCN	0.431326447172519	FALSE	0.0147975117160737	0.718497221167796
SMC6	0.30723417954386	FALSE	0.0152448438198505	0.643439232326714
FBP1	0.687048139639701	FALSE	-0.0226886448519643	0.853185291527906
LYST	0.731229318233357	TRUE	-0.0625995132116594	0.876395229014776
SCNN1D	0.21659799370566	TRUE	-0.053640923663429	0.571802378496795
PGPEP1	0.356726891506165	TRUE	-0.0442265272201339	0.675368470231053
KDELR1	0.593091016886462	TRUE	0.0786897448342914	0.804817979951603
STAMBP	0.775433729129586	FALSE	0.0188682261247654	0.898813986397949
GMDS	0.250716540808565	TRUE	-0.0392400777106241	0.602934590008229
BCL2L14	0.261158631725796	TRUE	-0.0391038514263564	0.611959275596564
ATG4A	0.812846371414556	FALSE	0.0350334719841157	0.917412732537766
COPS8	0.817514760537069	TRUE	-0.0235945102876096	0.920262073833994
GP5	0.433467696772028	FALSE	-0.0189850214979348	0.719097229595949
TUBA4B	0.113767663799312	FALSE	0.0112521116922091	0.460225308533855
CDK14	0.155792333845268	FALSE	-0.0102182930386116	0.512945434624202
MC1R	0.832596975083667	TRUE	-0.0207166686080256	0.924573215206513
CLEC2B	0.546554490222852	FALSE	0.032092586723131	0.779446782120101
C3orf18	0.0366575059302965	TRUE	-0.0707324483700024	0.306986307048473
MPZL1	0.813003374387932	TRUE	0.0469978268319027	0.917460714787496
ANKRA2	0.832066389367531	FALSE	0.0447140227237428	0.924363509318965
PATZ1	0.086882394078373	FALSE	-0.015868631421533	0.417501915090514
RPA2	0.410105322912234	TRUE	-0.0477270707634437	0.706388751268942
CHML	0.160695753582506	FALSE	0.0178912643755145	0.517262277639015
CPSF7	0.287219613434562	TRUE	-0.0536367651309675	0.632033998189821
EIF4A3	0.0376548027836309	FALSE	-0.00537259477311115	0.309397316110871
FAR2	0.127173710707996	TRUE	0.128924411483748	0.477954320979065
FAM98A	0.316786909851086	TRUE	0.0675875522945879	0.649086875822456
GHSR	0.444172979279056	FALSE	-0.0150262547777555	0.723839812021445
HIST1H3F	0.542720680573407	FALSE	0.0219462520824907	0.777304206391088
LARS2	0.0328289208483231	TRUE	-0.0581688067608375	0.294499314477164
CALCOCO1	0.818854774498549	FALSE	-0.0147981831266515	0.920375123762409
SLC24A2	0.709979109233233	FALSE	0.00958220902404475	0.866126503830461
JAK1	0.712059721173855	FALSE	0.020039183149322	0.866793432939281
SFMBT1	0.687035499338013	TRUE	0.0348845153781951	0.853185291527906
MFF	0.583662663903297	FALSE	0.0113316285166514	0.800189016577986
KCNA4	0.0628505180121592	TRUE	0.0588552702972675	0.370937844138902
YTHDC2	0.789139401466995	FALSE	-0.0387662590227337	0.906040064118495
LMO3	0.0149014151706176	TRUE	-0.0540544894111221	0.212168611362796
COBLL1	0.00306830572182716	TRUE	-0.116348418153255	0.114647011330044
SIAH2	0.156772390913039	FALSE	0.0200329122488885	0.513437367557874
NOTCH2	0.828643582167151	TRUE	-0.037212394461946	0.923166592473307
RMND1	0.647781193511298	TRUE	0.0421245387067253	0.832515767698534
CDH2	0.156997471647053	FALSE	-0.0122077235004024	0.513468223537909
DAGLA	0.730209158179736	FALSE	-0.0187933511277874	0.875803008737045
RASL11B	0.150149501632697	TRUE	-0.0385333674870685	0.505719309595992
PDSS1	0.185614314021248	FALSE	-0.0115369399798921	0.541874320034115
ZNF280B	0.115589095621413	TRUE	-0.0465131376313331	0.463222878076706
AUTS2	0.26687023223755	TRUE	-0.0487104022680018	0.618589282760436
PDZRN4	0.261265971704997	FALSE	-0.00408085729429875	0.611959275596564
GP1BA	0.778818993595766	TRUE	0.0817067242177575	0.901098967669426
DBNDD1	0.197217004975062	FALSE	-0.0040072318000082	0.55337738872276
CD52	0.412031929566952	TRUE	0.118511844760674	0.707043069930508
RAD23A	0.769777230998032	FALSE	-0.0139751812657209	0.896518490374556
TNIP3	0.131819457802896	FALSE	-0.00198265374172955	0.485352943837398
GPR75	0.518291295612983	TRUE	-0.0457995648234202	0.764425728532208
SIPA1L1	0.489619381259256	TRUE	0.0565661718581372	0.750141084191151
SPINK4	0.19158881824949	TRUE	0.0557279624951161	0.548382861190805
CACNA1A	0.00849722819719207	FALSE	0.03625745590853	0.168982587578519
TRMT61A	0.647553565817124	FALSE	-0.0121497229013996	0.832515767698534
OPLAH	0.517280926755442	TRUE	-0.0373844757329591	0.764100999922941
RAB9A	0.130703822108803	TRUE	0.0709806913524718	0.483453141936594
PIGR	0.754386228533297	TRUE	0.0226714423549233	0.888448841435299
PEX7	0.41380867356293	TRUE	-0.0337774141331137	0.707825697621068
ASGR2	0.141233804616441	TRUE	-0.123622092767495	0.496376019684525
ATP10B	0.715979744413401	TRUE	0.0306433799143777	0.868390440458634
ZNF552	0.472747537260638	FALSE	-0.0263319207846431	0.741422451590369
TP53TG5	0.405908428447715	FALSE	0.00184315993215245	0.704595569549894
ZNF592	0.403284565929907	FALSE	-0.00409430510529775	0.702857928218775
UBOX5	0.362468527248398	FALSE	0.0082066311688824	0.679211140161558
C3AR1	0.615312996822951	TRUE	0.141779967948673	0.814978865900648
HES1	0.272213195212101	TRUE	-0.0375441484058019	0.621676821854988
CEP70	0.763729536673227	FALSE	0.028967679624154	0.893892076085605
GPR12	0.0937276477619868	TRUE	-0.0952722362497463	0.427093349675284
GRB10	0.42890358675856	TRUE	-0.0365035243659562	0.716710957450616
HSPA14	0.0815418787859221	FALSE	-0.0293237913445496	0.405350005941942
KLK13	0.729320669362383	TRUE	-0.0259651761623028	0.875112229993078
TRIM49	0.185562345295987	TRUE	0.0469001802445459	0.54187263283832
SRP14	0.637290210049022	TRUE	-0.0564280632496627	0.82728833042473
G6PD	0.294211198585622	FALSE	0.0344387222890256	0.635574613792148
NNT	0.51297106172048	TRUE	0.0571097365170159	0.761332312676508
PHF21A	0.78707948297398	TRUE	-0.0296767997982519	0.905105421607524
AVL9	0.676179059247349	FALSE	-0.009087366981019	0.84860784647197
INTS7	0.272331321004304	TRUE	0.0678301620787569	0.621821354987476
XPOT	0.0482024677512195	TRUE	0.129712165904933	0.338641748346393
SRP72	0.0232416036017937	FALSE	0.0044503421605275	0.257611479218709
LEFTY1	0.733580151139758	FALSE	0.0251912171310216	0.877247978672612
TMED5	0.732157483546476	FALSE	0.0276698173674799	0.876816065312877
RNF121	0.141295997344389	TRUE	-0.0559936851274747	0.496376019684525
SRD5A2	0.570815006299493	TRUE	-0.0310445307639897	0.793102063532074
TMEM156	0.804537904318539	FALSE	0.0487703050874881	0.915010561390964
NDUFS2	0.0405884979993219	TRUE	-0.0629812415119862	0.316359868821128
ZDHHC4	0.281608596257808	FALSE	-0.0119191840806234	0.628615112092927
BHMT2	0.270084289912517	TRUE	0.0307900531241079	0.619837490584263
STAG1	0.733019849505595	FALSE	0.0258251954741997	0.877040421393261
CEL	0.0142725511609818	TRUE	-0.059785864312043	0.207751582191963
MYL7	0.114459683173089	FALSE	-0.0071183647223676	0.461378722893587
PADI1	0.798759231387578	TRUE	-0.0239824738859529	0.911546993227028
CFLAR	0.466532776075277	TRUE	-0.0510183728412148	0.738100295762821
BSCL2	0.135717308025195	TRUE	0.0747593075638493	0.489136716266414
MTFR1	0.787287659697946	FALSE	0.0322633832254016	0.905105421607524
BAI2	0.48857285710921	FALSE	-0.0104168329402153	0.749854849317994
CPA3	0.722039221515948	FALSE	0.0244661353636065	0.871906574309833
LMAN1	0.758388192888789	TRUE	0.0653360878147769	0.89094112299689
PODNL1	0.475420296342172	TRUE	0.0379622237008972	0.743542051975631
CDCA8	0.33176444277712	FALSE	-0.000248639534693649	0.661519942272377
SLC39A6	0.630513593212708	TRUE	0.066323286876147	0.824223100947909
DOPEY1	0.367166426414834	FALSE	0.00710748072269805	0.681391179888347
DMRT1	0.835143295196295	TRUE	-0.0186559855872046	0.925771333240884
KBTBD2	0.04189859804965	FALSE	-0.00980282561410385	0.318900165581219
PHLPP1	0.346494432247556	FALSE	-0.00370838549355265	0.668054794086202
OSBPL7	0.71991784310047	TRUE	-0.0343985235343176	0.871281268882186
PRKD3	0.715738962561451	TRUE	0.0504687129019534	0.868367654235427
APOE	0.0471978205862129	FALSE	0.0298675629315497	0.33553359725835
RPS23	0.168783511396179	TRUE	0.0609806929052343	0.526304167374275
RDH11	0.573369738506	FALSE	0.0159885717619073	0.795088597886699
ADAMDEC1	0.808646474348804	FALSE	0.0280956166916373	0.916168083655483
CNTFR	0.0464556479362758	FALSE	0.0356277316287262	0.334028893265042
ELOVL4	0.643729977816605	FALSE	0.0146855864273654	0.830956409511825
CIAPIN1	0.180503530829825	TRUE	-0.0570819360903227	0.537587636872547
LIMA1	0.643600892214155	FALSE	0.0108986527712194	0.830956409511825
HIST1H1T	0.767885161640057	TRUE	-0.0309070228205384	0.895959917620072
FHL3	0.74259750764983	TRUE	-0.0447618848283078	0.88133903487978
TRPA1	0.200475052218694	FALSE	-0.0057639744474549	0.556508167517237
PLA2G2F	0.402957717362572	FALSE	0.0151613984831319	0.702619953432908
WDR26	0.058399232989949	FALSE	-0.0209022862858124	0.360644597450668
SLC25A1	0.674933515586871	TRUE	0.0375253250464396	0.847938013092893
TNRC6B	0.0490161321648933	FALSE	0.0270402603269877	0.339519806119564
PKIA	0.580601404079817	FALSE	0.0212143955100932	0.797992831120812
ECHS1	0.0420331169007476	TRUE	-0.0630026821241234	0.318900165581219
SPATS2L	0.705904039952006	TRUE	0.052902547395302	0.86448276369109
UPB1	0.243164486583423	FALSE	0.00138293387317875	0.59659339221412
B4GALT7	0.170804689823607	TRUE	-0.0403037175959016	0.527582233154421
PCNX	0.333064921754535	TRUE	0.0579740432241764	0.661911219007552
OBFC1	0.513064491882927	FALSE	0.00885550909452705	0.761371322269403
RETSAT	0.455791382386624	FALSE	0.00368279887960995	0.731654950826988
ADAM21	0.773711901859777	TRUE	-0.0277231256061694	0.898434711427007
ACADL	0.144222216183835	FALSE	0.0031705045367074	0.49894156195605
CXCR6	0.535014798209245	TRUE	0.0364229557154792	0.77416394264349
GAPVD1	0.843578686841046	TRUE	0.0256104002678281	0.929622824947233
ZNF91	0.0042080211470351	FALSE	-0.0428682927313155	0.126229502079976
MCTS1	0.412429060398488	FALSE	0.0344700086573552	0.707386645871797
RRAS2	0.427201089340536	TRUE	-0.0635893397044089	0.715815877863958
NCAPD2	0.570653586603115	TRUE	0.0448695742013814	0.793102063532074
ERI2	0.0723586480030256	FALSE	-0.0189437846854817	0.390516282582726
CCDC85C	0.0271428069364906	FALSE	0.0022568766219693	0.27362611287858
GRB2	0.215028461135337	TRUE	0.0662670042455958	0.570875139502127
TNFRSF8	0.0120647855560913	FALSE	0.0395439300108694	0.193780590549037
B2M	0.0701718583236957	FALSE	-0.0075837188592542	0.387380088379935
JMJD1C	0.615632080557106	FALSE	0.0038927484845663	0.815206699475804
ZNF280A	0.469705064838494	FALSE	-0.0077226781787254	0.739484698196314
AGTR2	0.76933064477675	TRUE	-0.0262303241628779	0.896274548558879
ZNF195	0.0072839963921213	FALSE	-0.0242428098140255	0.160064409089658
TMEM180	0.567201504390592	FALSE	-0.0160142086046112	0.7914715552898
UNC5C	0.392624416446856	FALSE	-0.0056154275224811	0.695272788275951
MOG	0.787852521624749	FALSE	0.0172888844913999	0.90531914289703
CHGB	0.449180380631778	TRUE	0.0440525810737893	0.727054639744368
NPM3	0.55414648061849	FALSE	-0.0149099033363948	0.783243017228659
PECAM1	0.453809426726971	FALSE	-0.0242377116080982	0.73066413026339
PLSCR1	0.144840175295491	TRUE	0.197110459370772	0.499236257388088
MGLL	0.681982525682592	TRUE	-0.0671929818691704	0.851464419589838
PKD2L2	0.753389068207697	FALSE	0.0115309928133405	0.887798334625956
GDAP2	0.353326999128584	FALSE	0.0258409353798194	0.672737148249848
DYRK3	0.108277882413736	TRUE	-0.0481717335568619	0.450059717261494
TMEM120B	0.00988137981213311	FALSE	-0.00447485470744755	0.181036438088697
SLC22A7	0.0109892404928364	FALSE	0.0455518743390292	0.189949691994318
HTR2B	0.18109670824355	TRUE	-0.03704885853697	0.537587636872547
COPZ1	0.181126726229311	FALSE	0.0369196365944057	0.537587636872547
ATG16L1	0.081319972135335	FALSE	-0.0107601868050282	0.405313039139588
SLC9A1	0.733445931416253	TRUE	0.0349023456147757	0.877247978672612
ROR2	0.617320349135443	TRUE	-0.0289209110673991	0.816493110795146
ANKRD17	0.247173780919428	TRUE	0.0665709831198922	0.599989859026844
TPSD1	0.428104646054216	TRUE	-0.0648113573020108	0.716354156077444
EIF1AY	0.732238428677178	TRUE	-0.0244034889114015	0.876816065312877
CYLD	0.775145662471808	FALSE	-0.0392469116990908	0.89879817372802
MCM3	0.708440698065934	TRUE	0.0290143167293646	0.865439460824136
CHST4	0.56205807879112	TRUE	-0.0314929393557648	0.788564285500187
GINS3	0.00158765939287885	FALSE	-0.0365311886810475	0.0878670658489059
MYO5A	0.729891541843652	FALSE	-0.0209699062201083	0.875514671846522
TMEM40	0.213290208359063	TRUE	0.0975082552601184	0.569376231005137
CFD	0.623683164730266	FALSE	0.0231364632370825	0.819905374024225
CRYGB	0.241458352796462	FALSE	0.000779539063763501	0.595572936481889
DYRK1B	0.250325820318722	FALSE	0.011113839681733	0.602698937433418
RCC1	0.632168226403076	TRUE	-0.0341613860572645	0.824710581054608
NEK11	0.172360000082217	FALSE	-0.0255142108737108	0.5288895547097
TMEM140	0.0385307515595337	FALSE	-0.028396885250876	0.31264922613209
RAD1	0.0467240729169662	TRUE	-0.0579853323279975	0.334028893265042
CISD1	0.231426376860404	FALSE	0.0475373962694762	0.585354380374775
SLC22A11	0.0422239505631068	TRUE	-0.0573031418972048	0.319397848855949
DCT	0.84072807098731	FALSE	0.0163421080264743	0.928645256137013
NDRG1	0.102266147126115	FALSE	0.028038012676376	0.439907375668822
ATP2B2	0.0891239444800514	TRUE	-0.0541747522502223	0.42079241165159
MRPS18B	0.591057211466686	FALSE	0.0247788095932622	0.803904446814998
KCNC1	0.00246283390267628	TRUE	-0.0731589981197516	0.105381409896024
ZC3H14	0.78960850126675	TRUE	0.0262146357540853	0.906075341519693
ZNF250	0.366376606018883	TRUE	-0.030929930120692	0.681391179888347
HDDC2	0.771959019554313	FALSE	0.037276709364288	0.897584426038387
ATP6V1E1	0.0910813121264841	FALSE	-0.000504468949812605	0.422990145322678
PROP1	0.111119162020065	FALSE	0.0135968608921897	0.454538303804298
PLOD1	0.502576370630451	TRUE	0.0543343476368956	0.756198708410122
MBTD1	0.206163142261816	FALSE	0.0105130037740513	0.563875358179678
IPO13	0.721472383930229	FALSE	0.0151019914521218	0.871799696961032
NPLOC4	0.83330083628605	TRUE	0.0160949625292321	0.924811410653569
TNFRSF11A	0.742708469833483	TRUE	-0.0189240776432738	0.881378476132064
COX5B	0.540129813751901	TRUE	0.0919926180258535	0.776277500530623
HOXA2	0.229892183603243	TRUE	-0.0319515989301729	0.584763762521969
HCRP1	0.44643452508834	FALSE	0.00764578699510165	0.725295521279276
TBL1Y	0.14316394435409	TRUE	-0.0402813243819535	0.498085661632712
HYI	0.254091196122171	FALSE	0.00537966620118225	0.605790595632738
PPP3CB	0.557686039550674	FALSE	-0.00832301135281275	0.785833478621237
GSTO1	0.0986841042521942	FALSE	0.0070125795140239	0.434795758213988
LANCL2	0.117236080399223	FALSE	0.00407207165877565	0.465054833735256
GTF2I	0.212074262825187	TRUE	-0.234099222598716	0.568645997504995
CYP2J2	0.037269522136172	FALSE	-0.0148112286573889	0.30804384794374
CYB561	0.524758071038758	FALSE	-0.009708131152915	0.768064709453124
FJX1	0.524923811284424	TRUE	-0.0354116932987347	0.768064709453124
DOK4	0.756018779358543	FALSE	-0.012835491293949	0.889753462586194
ENPP4	0.671391434038323	FALSE	-0.0201109350750915	0.845784631769864
PPM1E	0.189007400322123	TRUE	-0.0405777768528823	0.545332038741106
IKBKAP	0.214160668433758	FALSE	-0.0374847015434583	0.5700393942184
H2AFJ	0.354089490366605	FALSE	-0.0103002223696551	0.673119961949772
EPB41L3	0.739330167794318	TRUE	0.0462934013871786	0.879758297985416
ISLR	0.649715381987633	FALSE	0.0196371350939515	0.833371275561595
TMCC1	0.818495776837263	FALSE	0.0236870809145468	0.920375123762409
THOC5	0.717277990926148	TRUE	-0.029720339911115	0.869428050905855
LAT2	0.684692151340568	FALSE	-0.0170895263124274	0.85296905120311
NRL	0.112299962247724	TRUE	-0.0618774007147693	0.45706004017478
GALNT3	0.41832302788461	TRUE	0.0735726373486454	0.709872016339956
SYCP2	0.698200890451267	TRUE	0.0356116947450604	0.859691594834067
YLPM1	0.355970473463271	FALSE	-0.00982955707547895	0.674772621849481
CA5A	0.0123281738050514	TRUE	0.0610387424206804	0.195509318567102
ELOVL5	0.580062449523407	TRUE	0.044222915744724	0.797860389447958
SUPT7L	0.00797664597849401	FALSE	-0.0481129113686539	0.165842102418408
CATSPERB	0.700895427389714	FALSE	0.01780985567599	0.861332224234036
CNR2	0.778546227734643	TRUE	-0.0530730485504236	0.901085605418303
SON	0.638161847136784	TRUE	-0.0395256273168218	0.82771748854906
OR51E2	0.215206990897426	FALSE	-0.000710997509986849	0.571081691969555
MAPK8	0.0974599055700393	FALSE	-0.0061660500289036	0.433541729799402
LMO2	0.171766106061462	FALSE	0.0195599853406989	0.528634779578463
NR3C1	0.254825938905217	FALSE	-0.0119436641373029	0.606267587336604
MFSD9	0.307238871000382	FALSE	-0.00683708028297095	0.643439232326714
CRMP1	0.448701070136425	FALSE	0.0021892753325048	0.727054639744368
TUBGCP3	0.727546083052609	TRUE	0.0371214400820992	0.874150218367694
DHTKD1	0.00045954438930561	FALSE	-0.0348882438415655	0.0505900371877312
PSG9	0.672829336883171	FALSE	-0.0312342691563905	0.846373624463976
DDA1	0.0600636486742509	FALSE	0.0223128012679734	0.363039292280027
SNCG	0.00937125615955006	FALSE	0.0531331008510584	0.178289720793856
ATP13A1	0.614227937309155	FALSE	-0.0016012615507499	0.814240850449531
KNG1	0.77236362462171	TRUE	0.0181452666156763	0.897632138487336
ALG11	0.277322253904151	FALSE	-0.000405606044229199	0.625846273351116
GDAP1	0.254016708912084	TRUE	-0.0434013600961811	0.605790595632738
MITF	0.00088795117837641	FALSE	0.0506786860825122	0.0700145764944866
LAPTM4A	0.17970994981145	FALSE	0.0446100948918813	0.537587636872547
ASCC1	0.230138500101727	FALSE	-0.0020407318275986	0.584763762521969
RPL27A	0.0261171212764152	FALSE	0.038929927630873	0.267303578342399
SSSCA1	0.0751851991100341	TRUE	0.0875603946925854	0.394466953575787
CCNL2	0.41895096023276	TRUE	-0.0769083939199349	0.710724856086067
FN3KRP	0.21935975837159	TRUE	-0.0504769511949759	0.572950707129812
UBR5	0.763106170672773	TRUE	-0.0384573513312692	0.893798251137132
PTPRK	0.809188466842059	TRUE	-0.0169426828046157	0.916168083655483
FBXO24	0.763738110337538	TRUE	-0.0238261708101164	0.893892076085605
BLOC1S1	0.133554012852896	TRUE	0.107039373351981	0.487111567975894
TES	0.844719670088932	TRUE	0.0463767868683211	0.930282361083196
ATP8B4	0.77320784859842	TRUE	0.055328072064087	0.89820753972518
SCARB2	0.311352680391064	FALSE	0.0115247451684359	0.646243463839332
MYO9A	0.005482623254999	FALSE	-0.0432503645455683	0.14289526848422
S100PBP	0.351999939602341	FALSE	-0.0105125767346732	0.671908051470096
KIF5C	0.799725260125047	TRUE	0.0220887716041562	0.912190395790958
DNAH9	0.817185780992004	TRUE	-0.0138396392369136	0.919983078898762
RREB1	0.47412313864243	FALSE	0.0066925533431248	0.742467049691546
TCOF1	0.0481714011378186	FALSE	0.0145567057088529	0.338641748346393
CCS	0.499620658548055	FALSE	-0.0160741292872175	0.754957175809755
AVEN	0.50198951875723	TRUE	0.0257186480010927	0.75582935340597
CELA2B	0.801904588519513	TRUE	0.0266708085920033	0.913508804388856
RABIF	0.435496988124221	FALSE	0.0167838070854094	0.719727633904637
HS3ST1	0.835227157514264	FALSE	0.019830827501214	0.925771333240884
FOS	0.310604798977282	FALSE	0.058410906670864	0.645636629808139
LPP	0.77926746875386	FALSE	-0.0168912605781744	0.901098967669426
RAMP3	0.713043308685645	TRUE	-0.0237035047161229	0.867255444035917
APPL2	0.647572090112787	FALSE	-0.0213748020374873	0.832515767698534
DHX8	0.795284041391013	FALSE	0.0130539983354119	0.909419766989642
INTS9	0.815553498595873	TRUE	0.0374616529741876	0.919057952750806
C20orf195	0.0544878417065615	TRUE	-0.0585478643976165	0.34906081192695
HNRNPM	0.498135465390459	FALSE	0.125331546516758	0.754807791424133
S100G	0.825827627367956	FALSE	0.0380041006370129	0.922144447676336
BATF3	0.304716366904147	TRUE	-0.0619912112499508	0.643063257831031
FGB	0.366397738209238	FALSE	0.000681635305146849	0.681391179888347
FGF7	0.183394949421705	TRUE	0.0326514520257373	0.540602732269463
CALHM2	0.36820663231523	TRUE	0.060375466281986	0.682012590916769
USP21	0.399796623495973	TRUE	-0.0479186029259693	0.70066366519642
FXR2	0.415956299383276	FALSE	0.0060186312259507	0.708336613551641
CD84	0.368644075291373	TRUE	0.0581864596965306	0.682012590916769
DAAM1	0.622846830643148	FALSE	0.0182333087945157	0.819159905976284
CPA1	0.678373384879569	FALSE	-0.0140039536863537	0.849413540791592
RPE	0.0466448287665637	FALSE	0.0008843887895345	0.334028893265042
DNAJB2	0.508027693195522	FALSE	-0.00900899968775095	0.758462937872814
SLC6A16	0.738851239076827	FALSE	-0.0210267894491154	0.879758297985416
SORBS3	0.0537185463749192	TRUE	-0.070503760158664	0.347786552196209
GRM1	0.106351437701095	FALSE	0.0116872881347372	0.447133463883098
TRPC5	0.300912777532401	FALSE	-0.00257266725161955	0.639857916714752
RAD54B	0.715211457830118	FALSE	0.0134214754093089	0.868231173441342
DCLK2	0.279681748093773	TRUE	-0.0334619744488545	0.627598298428661
CUL5	0.3071212485753	TRUE	0.074431632311847	0.643439232326714
CA12	0.642782944330645	FALSE	-0.00431403298152145	0.830625034250087
ZNF24	0.162414251348338	FALSE	-0.0309575486133073	0.519053590643192
MSR1	0.511385009049467	FALSE	0.0579907343575321	0.760499382193425
HHLA1	0.53865272973372	TRUE	-0.0307018954522857	0.775631664117715
CCDC85B	0.686445271999621	TRUE	-0.0429718928151943	0.853185291527906
MFNG	0.504401378470062	TRUE	0.0508404881706124	0.757518908382312
HIST1H2AL	0.849942076201885	TRUE	-0.0353519278609422	0.932285974978616
PAX5	0.396327246297025	FALSE	-0.025055226155152	0.697764503944764
DPF2	0.149906854646473	FALSE	-0.0102406168843006	0.505719309595992
FKTN	0.77430548932264	FALSE	0.0220493565840925	0.898434711427007
GRM5	0.784049537212106	TRUE	-0.0213425695514924	0.903214233714119
ZFP36L1	4.06147384581353e-05	FALSE	-0.764707502862947	0.0263879884844404
CEMP1	0.777226179875041	TRUE	0.0325265287931886	0.900017121487243
EMX1	0.546006663773382	TRUE	-0.0419022007425847	0.778959431369701
KDR	0.248190689789559	FALSE	-0.0006765298605811	0.600434015686753
CDC14A	0.0787386601591447	FALSE	0.0122136770521219	0.401446792960675
THBS1	0.515650440812869	FALSE	0.018207678940007	0.763410412374607
HGF	0.0630755522230343	TRUE	0.129670662320135	0.371679431210892
CCNJL	0.20468721139862	TRUE	-0.0505571781046403	0.56241509739134
PPFIA3	0.752056104992283	TRUE	-0.0254575573112415	0.887178961143102
RALYL	0.00961708423241007	FALSE	-0.0155870503191787	0.179917398286595
RRP15	0.759298961841324	FALSE	0.0195399589830747	0.891425593495581
MYOG	0.194655889304184	FALSE	-0.0115038152037546	0.550989963351387
RAP1B	0.745106865149423	FALSE	0.0883199316537704	0.883207897128299
FBRS	0.162277670081813	FALSE	0.0327389184856989	0.518766986483698
NTSR2	0.833079906457241	FALSE	-0.0250529184573378	0.924656720763376
PRPF31	0.780291101368221	FALSE	-0.00981117475768612	0.901310632063311
HLTF	0.466361740461655	FALSE	0.0110023743748449	0.738100295762821
TIPIN	0.175989096689886	TRUE	0.0539146744126633	0.532542046431866
PTPN12	0.326556901278291	FALSE	-0.0212385022804638	0.657345766659779
IQCH	0.684513149181864	FALSE	-0.00718023659759127	0.852933472370677
KCNK1	0.821214885124589	FALSE	-0.0200687373414352	0.920906150404427
TNFRSF1A	0.302954018634365	FALSE	-0.0138571663316914	0.641373341541274
KANK2	0.0121891004061653	FALSE	0.0910657376940197	0.194391293256692
CCDC68	0.530579259362084	TRUE	-0.0216200636130757	0.771538081857927
GSTM2	0.735146909473206	TRUE	0.0611484388421126	0.877917936441989
QDPR	0.798372674966289	FALSE	0.0172757026358754	0.911197560286135
LGALS3BP	0.128686827254125	FALSE	-0.0342321069226107	0.480151343940286
SSX1	0.285787459006933	TRUE	0.052253552392215	0.631106658803079
TARP	0.711320934194121	TRUE	0.0538262251017922	0.866606468424941
TDO2	0.164538214417316	FALSE	-0.003268173086612	0.520703768558187
RBM47	0.810711878887419	TRUE	0.057528643494808	0.916168083655483
ECEL1	0.191563209707203	FALSE	0.00467248268773935	0.548382861190805
MATN4	7.75115608590471e-05	FALSE	0.0627894308878132	0.0306838931770202
RUNDC3A	0.736372593691238	FALSE	0.013766827101362	0.878498787006001
SPOCK3	0.268422382823034	FALSE	0.0024150432950307	0.618987021170051
MYL2	0.543553179686152	FALSE	0.00793852030653005	0.777311117512781
TTLL1	0.219538251583129	TRUE	0.0433056573710933	0.572950707129812
SMCHD1	0.417160261195473	FALSE	0.0125330537193653	0.708853619315971
ZDHHC24	0.353120747886695	FALSE	0.0008652243494791	0.672608123683393
LIPG	0.829719228320049	TRUE	-0.0180233713824158	0.923276381739061
BMP1	0.724764695537613	TRUE	-0.0238782500722707	0.873147733100202
ORC2	0.613736352530512	TRUE	0.0497732473019923	0.814240850449531
ALG3	0.311107757497763	FALSE	0.0145052122355156	0.646058605099231
ARHGEF38	0.794598965619781	FALSE	0.0265266840817189	0.908994922433686
KIF15	0.353216648304275	FALSE	0.0124093895424755	0.67267779226103
PIGA	0.84497753716906	FALSE	0.0284093087041653	0.930282361083196
PSEN2	0.0385745010458412	FALSE	0.014289532163247	0.31264922613209
UBE3B	0.425134741846119	FALSE	-0.0101348400034004	0.714964545855657
MAPRE1	0.211389374157054	TRUE	0.0704048296095241	0.567983924594803
FAM174B	0.0287605416219043	FALSE	0.0132124390201951	0.280168197122657
ATP2C2	0.260588480254509	FALSE	0.000507904765732398	0.611256263468325
TRIP4	0.579949391192765	FALSE	-0.0045171938852837	0.797860389447958
OR1D2	0.153617206008794	TRUE	-0.070771961494533	0.511110768466466
CBX2	0.570311389634408	TRUE	-0.0361548719366435	0.792981097126248
MCAM	0.0125665849443679	TRUE	-0.0601709493739695	0.196845262989062
ZNF20	0.156295168838023	FALSE	-0.00455317589975305	0.513155275548692
CHD4	0.139765251657449	TRUE	-0.0563415783151866	0.494631144988705
CCDC81	0.7202721579749	FALSE	0.010297343919476	0.871281268882186
NOL7	0.213585483061533	FALSE	-0.013414263589743	0.569672216177168
ADARB2	0.463285342091891	TRUE	-0.0311472414994433	0.736341007697971
ARVCF	0.334424714468868	TRUE	-0.0508077006441856	0.662649058250089
NF2	0.00498963357187652	TRUE	0.076869714096394	0.136331217039778
MLF2	0.126663496311396	TRUE	0.100238565288503	0.477954320979065
AP3S2	0.260264280504183	FALSE	0.0044808123309368	0.611003927920038
TPRKB	0.563619829847799	TRUE	0.053783423431903	0.788900783933366
SUV420H1	0.680502164822848	TRUE	0.0520640147974652	0.850552694767005
THBS2	0.371278716415343	FALSE	-0.000162388217313401	0.68285512382125
CPS1	0.345692622117027	FALSE	0.0125625003464261	0.667860358902977
ADRA1D	0.332038614121065	TRUE	-0.0392763161219749	0.661800992356962
PTGFR	0.754279959040417	TRUE	0.0264787949384644	0.888415960897402
C1orf159	0.35623639008718	TRUE	-0.0417707074809197	0.674914691261243
HIST1H2BG	0.834083756418407	TRUE	-0.059704275730426	0.925227520448867
LUZP4	0.58022737085601	TRUE	-0.0327804637780491	0.797860389447958
SLC7A7	0.0333210087046542	FALSE	0.00467581876941099	0.295785280228938
KIAA0922	0.808481701761324	TRUE	0.0290876646979727	0.916168083655483
FBXO5	0.600868740387692	TRUE	0.0524711818076566	0.80822734575397
CLSTN1	0.048096677573428	FALSE	0.0451111491744073	0.338641748346393
ZNF205	0.268061056674122	FALSE	0.0110536420321999	0.618987021170051
NOC2L	0.490572607371511	FALSE	0.00365372093637405	0.750160457110732
INSRR	0.499322095729114	FALSE	-0.00644386599694925	0.754807791424133
INVS	0.854412466662661	FALSE	0.0222191311245674	0.934882076569325
RSBN1	0.650747187664636	FALSE	-0.000135472287329901	0.833859459930988
ECE2	0.204847880903912	TRUE	-0.0464612720364328	0.56241509739134
HELZ	0.698148004066775	FALSE	0.0186367310024193	0.859691594834067
FSTL4	0.105417703115134	FALSE	-0.00525402447326725	0.445188579375232
SOX10	0.491839821930709	TRUE	-0.0377866950064174	0.750673725036584
CABYR	0.836317363340138	TRUE	-0.0184768151821602	0.926271740593175
MGEA5	0.239825564254024	TRUE	-0.0935221239637612	0.593686009668749
POLG2	0.302141814851135	TRUE	-0.0649633863709642	0.640850362625704
LUZP2	0.231876316768369	FALSE	-0.009101533200035	0.585845782381171
RAD17	0.0707872926172657	FALSE	-0.0101736971235544	0.387944471235947
ZFP30	0.795760185984216	TRUE	0.0218915369477846	0.909735374451814
PGGT1B	0.216909046358103	FALSE	-0.0141155371210382	0.571802378496795
CYP11B2	0.306036633380869	TRUE	-0.0478848652449018	0.643439232326714
CLCA3P	0.172394804298276	FALSE	-0.0011808436199354	0.5288895547097
TUBA8	0.00205429982334339	TRUE	0.122640524516335	0.0974632037526809
GLYR1	0.840273625137466	FALSE	-0.0157827771423809	0.928638073965839
KRT9	0.732863885875411	TRUE	0.0234813648288443	0.876946348875188
SERPINB9	0.629421887143127	TRUE	0.0924340134067557	0.823252164876148
BLK	0.727582971333963	FALSE	-0.0278533635802733	0.874150218367694
FAM120C	0.111647967616148	FALSE	0.0113308838160013	0.45555102727582
THEG	0.00279090524931	TRUE	-0.075840426094797	0.113095185309455
SARS	0.477421821873876	TRUE	-0.0331912379805317	0.744326418015658
RARRES2	0.100997677488851	FALSE	0.0112246024392513	0.437437992760154
IER3IP1	0.67323155387153	TRUE	0.0554561471460659	0.846597825146865
RAB40B	0.00305883661934652	FALSE	0.0832143885225668	0.114647011330044
ARHGAP10	0.140013395766701	FALSE	0.00861251624505945	0.494918098835033
TMEM104	0.169469322841686	FALSE	0.00097724646418175	0.526860684184053
ODF1	0.123826085348031	TRUE	-0.0503041653823502	0.47518357259175
ZNF185	0.0300194433211798	FALSE	-0.0511134375962793	0.286040112140437
C5orf30	0.397623123336682	FALSE	0.0102395954360052	0.698906928462973
GPM6B	0.282387446113502	FALSE	-0.00562847304754135	0.628633272459229
MAGEA11	0.475723905863593	FALSE	-0.0176555950251505	0.743542051975631
CYP7B1	0.38228183335237	TRUE	-0.0280739959687572	0.689908277635289
POLD2	0.439489785164513	FALSE	0.0072593780593628	0.721287403963007
CACNA1G	0.196016631920107	FALSE	0.0181757558712619	0.552069694322429
PIK3R5	0.604479105214042	FALSE	-0.00287048650531175	0.81025402100057
DNMT3A	0.857086951404644	TRUE	-0.0230707118577191	0.935753494356561
ARHGAP11A	0.812505584795747	TRUE	0.0350734647485971	0.917355454147065
SYNGR4	0.652923471453699	TRUE	-0.040679288215181	0.835237233142346
C3orf62	0.225133930082893	TRUE	0.0612412796016999	0.578768646716507
MAT2A	0.0346691354341748	FALSE	-0.0160699441545067	0.299650606823466
TLR1	0.559522031842396	TRUE	0.0980305446324836	0.786563391899446
CDKN2C	0.0305594847484052	TRUE	-0.0702610769927456	0.28828119597518
SLC6A15	0.214889894858306	FALSE	-0.00432673598549635	0.570875139502127
TMPRSS6	0.80626141288597	FALSE	-0.0160966974382326	0.915584893598886
GALNT2	0.141492854588466	FALSE	0.0270905789775404	0.496560655579888
MS4A5	0.770809863286737	TRUE	-0.0231905084939022	0.896936566337189
REPS1	0.296016442779887	FALSE	0.0211406393296163	0.637275573320892
TSR1	0.657924543536802	TRUE	-0.0331041189829766	0.838413845714071
TAF15	0.0911782023824905	FALSE	0.0307451677398285	0.422990145322678
ZBTB48	0.620622711754713	FALSE	-0.0108963174823393	0.817911854714749
ALG9	0.803330244724296	TRUE	0.030270815415613	0.91437077343192
FZD10	0.421575089404101	TRUE	-0.043033590235487	0.712631151471822
POGZ	0.236901136257995	FALSE	-0.0027188382933305	0.590638079162139
ZFYVE26	0.683795798831209	FALSE	0.00604160700159585	0.852414309910629
RAPGEF4	0.666561498919237	FALSE	-0.00630836574604121	0.842600339842784
LILRA1	0.190670314814539	FALSE	-0.0035219148759165	0.547717077059424
ADCY6	0.363792795892187	TRUE	-0.0307133643202157	0.68000262661663
DHCR24	0.347232222911565	TRUE	0.0527247984467199	0.668634702949403
HIF1A	0.450063569943277	FALSE	0.00633383681308345	0.727564209542128
RGS6	0.700029292243611	FALSE	0.0477252471397178	0.860871315047451
PDHB	0.693342978482839	TRUE	0.0745717711464752	0.856686938325914
ELF3	0.260432409037021	FALSE	-0.00810789859165295	0.611256263468325
ALDH3B2	0.0233851352239841	FALSE	-0.0151119450193176	0.258164815269655
SETD3	0.563957570859086	FALSE	0.0150022135720462	0.788983947683057
IRAK4	0.0548784446578118	FALSE	-0.00753766271360945	0.350425500630683
TMEM30A	0.483094585755838	TRUE	0.0824937408870596	0.748846139150437
OLFML2B	0.844572164420296	FALSE	0.0182074014885041	0.930218919122072
CYR61	0.205842069060299	TRUE	-0.0444212845377754	0.563731054186928
KCTD3	0.838426888369405	FALSE	0.0363829869233685	0.92732919364605
TCF20	0.691220062740654	FALSE	-0.00947081036050615	0.855555538851248
TOR3A	0.488754036589311	TRUE	-0.0428167025799499	0.749860260840521
DCTN1	0.156850182332179	FALSE	0.0232458741005628	0.513437367557874
REEP2	0.39656580447392	FALSE	0.00512687710269245	0.697913961963337
EFNA1	0.80730379805994	TRUE	-0.0164917305523655	0.915584893598886
NME6	0.841687649900913	TRUE	0.0322436582490844	0.928685549766039
GNG11	0.74159617797398	FALSE	0.0621264752161721	0.881018229968512
NDP	0.819223910299936	FALSE	-0.020446065467262	0.920375123762409
C10orf10	0.806777834105896	FALSE	0.015972225203031	0.915584893598886
PDE8B	0.754506332543781	FALSE	-0.0153318489520689	0.888498006513027
PRKD1	0.817180243091181	FALSE	-0.0106366452644626	0.919983078898762
CD3G	0.181127957282768	FALSE	0.0649524362478774	0.537587636872547
NUP214	0.648642131409794	TRUE	0.0325151973504019	0.832573367450267
KCNA3	0.0479845542898227	FALSE	0.0069572457615714	0.338328170663145
ETS2	0.0840002632467517	TRUE	-0.0946858045426804	0.412276999000201
IL5	0.677916397863132	FALSE	-0.0192849356707796	0.849192889457584
SMAD9	0.608275062689895	FALSE	0.0111173702331979	0.811248051733794
CLUAP1	0.591942832563545	FALSE	0.0117593678723913	0.804245369425885
PXMP2	0.82091776891899	FALSE	-0.0179884261217316	0.920801917278903
SDC1	0.427629461366539	TRUE	-0.0398177163152252	0.716126194422565
PPP2R4	0.120807249119843	FALSE	0.0324379477618679	0.469121026633527
TSKS	0.705410443548684	FALSE	-0.014676374685982	0.864064925936969
POU5F1	0.579394323666859	FALSE	-0.0227002210944436	0.797839490184047
THRA	0.000273353843904131	FALSE	0.0507949864893288	0.0441717500099726
NIPBL	0.285184784839601	FALSE	0.00496843345987055	0.630804313860432
SOD1	0.83473677325283	TRUE	0.036961049212894	0.925499195454565
FETUB	0.828991675154495	TRUE	0.0156655368318641	0.923276381739061
NGLY1	0.346162039725405	TRUE	-0.0629781892304026	0.668054794086202
SNUPN	0.257750971266588	FALSE	-0.00593207090748835	0.60812281797583
NPRL3	0.705701267961911	FALSE	0.0140388477880924	0.864327789740777
INHBA	0.0646160191968533	FALSE	0.0096659630775844	0.375346170185337
SEMA6C	0.622629783387717	FALSE	-0.00712795548044775	0.819159905976284
MPP3	0.149256195198074	TRUE	-0.0514753408277451	0.505719309595992
SSPN	0.790982504073272	FALSE	-0.0176839231927533	0.907207177787909
COX7B	0.0246792887221621	FALSE	-0.0017777244425696	0.262021025112917
FOXJ1	0.815329497602603	FALSE	0.014967819964085	0.918924222927503
CES2	0.00307680896194906	TRUE	-0.0865841072852403	0.114647011330044
LRCH1	0.660763807122614	TRUE	0.0255240021767036	0.839883786202581
SLC28A3	0.338560424192899	TRUE	-0.0434459693519243	0.665096439695649
RAB3B	0.535623916873571	TRUE	0.0309724146036423	0.774279906077429
SPINT1	0.0240647245583539	TRUE	0.107188809143514	0.260620737122421
ITM2A	0.0457827354456858	FALSE	-0.00189306675877045	0.333374558425585
IFNA8	0.472627341246284	TRUE	-0.029068195423978	0.741391237227485
RGS1	0.0692495235518956	FALSE	-0.0336937025126968	0.386081406090799
EXTL1	0.24482543823692	TRUE	-0.0412248427226723	0.597776839829552
ZC3HAV1	0.78382878398385	FALSE	0.0231112703300341	0.903214233714119
ANGPTL4	0.492008054601191	FALSE	-0.000201321575123101	0.750673725036584
B3GALT2	0.511567895523389	FALSE	-0.0198266021450651	0.760543905511958
THTPA	0.230706651185048	TRUE	-0.0713527845875985	0.584763762521969
MFAP2	0.391606208630565	TRUE	0.0384292761140794	0.694793115265526
SATB1	0.727243673124354	FALSE	0.039840526399331	0.874150218367694
PSMD8	0.488294831517905	FALSE	0.014392885549781	0.749854849317994
ACACA	0.0592072726299998	TRUE	-0.0609800080615849	0.360644597450668
FGF20	0.422714187089056	TRUE	0.0273578928742673	0.713154136875637
MEP1B	0.584017479003898	TRUE	0.0266316675851179	0.800319142016223
C3orf14	0.81010306054614	FALSE	0.0482986152161214	0.916168083655483
TEX13B	0.364199307826334	TRUE	0.0371668346240135	0.68000262661663
SIRT5	0.532933977468925	TRUE	-0.0256897802805116	0.773353730927293
ETFB	0.691191000403424	TRUE	-0.0319490022976714	0.855555538851248
ABCC5	0.188348891398124	TRUE	-0.0753128299401431	0.544263017217973
ARFGEF1	0.417786046819727	TRUE	0.0470851888087145	0.70949168562062
C6orf47	0.532960020794919	FALSE	0.0179581321384825	0.773353730927293
TSPAN9	0.0299746517548422	FALSE	0.0148804126120523	0.286040112140437
RRM2	0.840525769582536	FALSE	0.0346370591511857	0.928638073965839
RCBTB2	0.665221729168244	FALSE	0.021173966334497	0.84188552615557
ZNRF4	0.577406922006873	TRUE	0.0315023379523347	0.79720088137536
ADRB3	0.551817298551571	TRUE	-0.0315460041514695	0.78293597971134
PLCH2	0.0123860227805082	FALSE	0.0334521930357018	0.195832055314561
FKBP3	0.502197579024656	TRUE	0.0577697709570652	0.75582935340597
RUFY2	0.03420057639559	TRUE	-0.146206550191812	0.299372519077933
KCNK12	0.585354959819524	FALSE	-0.030525175925058	0.801109532156888
TFB2M	0.165238727730586	TRUE	0.0975498816423584	0.521470062270279
TNFRSF21	0.00154056645515203	TRUE	-0.138293297582168	0.0864776387869746
RNF170	0.376645227853666	FALSE	0.00301023882912735	0.686261838654249
TBX2	0.858905340674154	TRUE	-0.0189078302348613	0.935765873707601
RND3	0.852108873413729	TRUE	0.0173479623783135	0.93335225228345
MTRF1L	0.793569509063745	FALSE	-0.0415092280270181	0.908403698041276
FGL1	0.442588183721121	TRUE	-0.0344633228608227	0.722711321315351
NR2E3	0.397617230092084	FALSE	-0.0047792860318534	0.698906928462973
SLC6A4	0.398399603233317	FALSE	0.028478215338505	0.699621047090379
MYH4	0.457032017696877	FALSE	0.0032111520545448	0.732582138629473
GCNT3	0.435538910748496	TRUE	-0.0315356104866171	0.719727633904637
SPAG6	0.370343377206634	FALSE	0.0017052897588612	0.682647558715216
LIF	0.585161723438191	FALSE	0.0075144414137442	0.801109532156888
MAST1	0.0288144361783542	TRUE	-0.0616136779076002	0.280211742561199
AVPR1A	0.0484076810008521	FALSE	0.0087562499659177	0.338823885721396
SNX7	0.458486846187821	TRUE	-0.0310569955127548	0.73340816608779
LRRC20	0.0546477530393618	TRUE	-0.0572042520172645	0.349542418822268
BTG4	0.216049817965709	FALSE	-0.003831779272907	0.571712692161767
CDH16	0.00315291460975388	FALSE	-0.0397057502864726	0.114647011330044
APPL1	0.00335721008256902	TRUE	0.145019306826828	0.116432424267267
DHPS	0.0415489724288622	TRUE	-0.0637387731360057	0.318657086350813
MAPK8IP2	0.737287281960535	FALSE	-0.0304496802945415	0.878992796777469
TSPAN7	0.846499938735421	FALSE	-0.0155297387334126	0.931076031168973
MRPS17	0.841943966440477	TRUE	0.0748100457202159	0.928686406400845
RGN	0.637100632702218	FALSE	-0.00782632838272555	0.82728833042473
ITGB2	0.160119553071282	FALSE	0.0393189240320762	0.517043237797613
KLHL7	0.703573667469176	TRUE	0.0335475088585402	0.862986682156103
FAM192A	0.747546854101936	TRUE	-0.024949622002433	0.884339751103161
ZC3H13	0.573351707476185	TRUE	0.0467116669077861	0.795088597886699
SF3B4	0.176639148200911	FALSE	0.053320634714759	0.533256470034645
HIC1	0.190699911559985	TRUE	-0.0504169702701529	0.547717077059424
CCDC71	0.742051440293003	TRUE	0.028097400720557	0.88115208728478
FUT1	0.316850927477642	TRUE	-0.0362985049652886	0.649100752785724
PHTF2	0.802955053544274	TRUE	-0.0512806822568632	0.914131448896507
DUSP7	0.00889666313943033	TRUE	0.158402918702497	0.174230161205528
CDH9	0.763392997788176	FALSE	0.00894720871147128	0.893892076085605
FKBP5	0.769106057241941	TRUE	0.0711869295898926	0.896112986924377
RARRES3	0.558267845370708	FALSE	0.00517626236109335	0.786067192184088
TRNAU1AP	0.549634764226742	FALSE	-0.00238087778468945	0.781774785695813
SMG7	0.625754992062005	TRUE	0.0388163555355732	0.820945951057627
MYOZ1	0.643326547312212	TRUE	0.0277347493170881	0.830956409511825
LEPRE1	0.71276859231406	TRUE	-0.0254845107956125	0.867083260191946
MOSPD3	0.162812235005742	FALSE	0.0297565678370883	0.519630300708339
DENND2D	0.0792967577252549	FALSE	-0.0142149923397632	0.402254990178429
ACVR2A	0.621015894680466	TRUE	0.0352704994065789	0.817957696945275
TAX1BP1	0.330329694265764	FALSE	0.00267083302455975	0.660516138882687
RUVBL1	0.797022589386061	TRUE	0.0254501270572987	0.910389759348096
COL7A1	0.841654374744265	TRUE	-0.0227607330906898	0.928685549766039
COX6A2	0.0120351178769478	FALSE	0.0254807113153791	0.193780590549037
RUFY3	0.00348249396060277	TRUE	-0.193323470880879	0.117874623938134
ACTL6A	0.0520966183825975	TRUE	0.0918933697088708	0.347031879329511
PRF1	0.806398787963788	TRUE	-0.102400527260089	0.915584893598886
GBAP1	0.443208924923562	TRUE	0.0419695855631192	0.723204202001478
TESK2	0.492956173499497	FALSE	0.000466967076207001	0.750965729597102
PFDN1	0.552538813997082	FALSE	0.0303023319522193	0.783043120562965
PTPRD	0.111398737901559	TRUE	-0.0375892881946762	0.455189293357038
AHNAK2	0.827113944659743	FALSE	-0.0156144361671533	0.922640926561419
ZNF12	0.79351594419543	FALSE	0.01276792995507	0.908403698041276
RNF19B	0.531386477238479	FALSE	0.0145426298439832	0.772288037093964
IL32	0.362145144216722	FALSE	-0.037350508704785	0.679108755654081
NR5A1	0.80130867011038	TRUE	-0.0246084424723798	0.913321399620526
HEY2	0.806879250407631	TRUE	-0.0183130998003178	0.915584893598886
SPINK1	0.870336389232046	TRUE	-0.0318315866605974	0.941314795641183
SOBP	0.869090317708851	FALSE	-0.0292044938913727	0.940684909555237
SLC19A3	0.774171410328578	TRUE	-0.0158246239632849	0.898434711427007
ITGAM	0.485146609224376	FALSE	-0.0018831978165128	0.749507651769684
RCOR1	0.0777959402080565	FALSE	0.0318997322623825	0.399514567943457
EFEMP2	0.0288993078855749	TRUE	-0.059573843083677	0.280555866536416
STRA13	0.0494777349066511	FALSE	-0.0232353005995857	0.340636330362184
L1CAM	0.745852199908023	TRUE	-0.0262194267224381	0.883540936883735
MPI	0.132107105077015	FALSE	0.0034127932810235	0.485633522501664
ATRN	0.313992160886858	FALSE	0.0017798209185753	0.647690746991241
TRMT112	0.268541799659918	FALSE	0.0134263765609468	0.618987021170051
PRPS1	0.796690034518055	FALSE	0.0360359965073727	0.910284996110462
VPS41	0.170184937025656	TRUE	-0.0793962806184851	0.52733188473758
METTL8	0.103924775850779	FALSE	0.00601566785026585	0.443800242896057
FDX1	0.795917607986257	TRUE	-0.0324822944691259	0.909735374451814
ACTL6B	0.139634338271179	FALSE	0.0115071684055486	0.494476502703593
HNRNPD	0.436765816960908	FALSE	0.0050706763806936	0.720277786255983
OR52A1	0.776942197216381	TRUE	0.030229649355995	0.899780162826734
TGM4	0.639288729467569	TRUE	0.0200184301288426	0.828066587095358
RNMT	0.737137388364453	TRUE	-0.0299455623784883	0.878906503329604
SCN4A	0.553629580583315	FALSE	-0.0045750088392653	0.783134457863548
CCKBR	0.706292267208514	FALSE	-0.0142342598114769	0.864631571166892
KCTD12	0.662477579261551	TRUE	0.0525574903055537	0.84044121375828
TFDP2	0.0133262849950939	TRUE	-0.0881345239936153	0.201744653617316
ZNF492	0.0620018810010175	TRUE	0.0416216968375842	0.369551053234735
FOXL1	0.110084320982542	TRUE	-0.0620319557632287	0.453970160025283
KCTD13	0.768621947016179	FALSE	-0.0137125698556866	0.896088431275169
PSMB9	0.78146249147048	TRUE	-0.0371715430464539	0.902066694931777
TCF21	0.778931790725295	TRUE	0.0202586012668924	0.901098967669426
AQP7	0.133285447016031	FALSE	0.0017324143399593	0.487071003471283
UTP6	0.000346434700141943	TRUE	-0.123528586712753	0.0454972172962296
PAWR	0.338250992567594	TRUE	0.0454412300153258	0.664835544444941
CHRM4	0.47593344877644	TRUE	-0.0570032385219137	0.743726168715037
HOXA10	0.389621901095441	FALSE	0.000104569975701199	0.69396648904483
CASC5	0.858416922171259	FALSE	0.0296121788051202	0.935765873707601
RBM6	0.59434961649465	FALSE	-0.0458158776808035	0.805682526230308
SLTM	0.583593418115562	TRUE	-0.0749977867258528	0.800189016577986
INPP5A	0.0199353904771525	FALSE	0.0331815631386475	0.241135533918911
UBE2L3	0.0519320581717361	TRUE	-0.0696495988779322	0.346999179498713
SCG3	0.820241330100185	TRUE	-0.0139432026028037	0.920648569727339
RIMS2	0.714701608758546	FALSE	-0.005977339322536	0.868230657519218
CLASP2	0.756188741846722	FALSE	0.0224275314392113	0.889753462586194
LRRC41	0.846299938537615	FALSE	0.0246376182908863	0.93103667440361
WDR73	0.448288745718561	TRUE	-0.0380029723966002	0.727054639744368
CXorf56	0.0333656428527263	TRUE	0.0841683445571242	0.295803771936719
MANF	0.476555809116712	TRUE	-0.0490132488363537	0.743909858280821
FAIM2	0.170128917440663	FALSE	0.00330352806564795	0.52733188473758
RARB	0.0964203512952366	FALSE	0.0202794980172673	0.431797141918123
C11orf71	0.809705680743566	FALSE	0.0267657780887114	0.916168083655483
EFEMP1	0.420570064851466	FALSE	0.00622806993225255	0.712151466568469
NAT8	0.76373309015468	TRUE	0.0347287675539332	0.893892076085605
IFITM2	0.831113560705396	TRUE	0.0472899042376973	0.923910722122178
ACAA2	0.0234509004081263	FALSE	0.00479662483645501	0.258164815269655
PIP5K1A	0.415047790876532	FALSE	-0.00881775436226295	0.707916200473675
TCEB3B	0.440143333998533	FALSE	0.0021365981316417	0.721779014706024
LMNA	0.834406281102115	FALSE	-0.0297742354060562	0.925404227446878
GATA1	0.382873062335092	TRUE	-0.0433047578887158	0.690206304263531
DNAJA1	0.74406715063482	FALSE	0.0264493909068499	0.882529018938098
TBC1D2	0.000198950064482316	FALSE	0.0995040739405886	0.0383460047936241
OR2H2	0.435230656162877	TRUE	-0.0541636165224491	0.719714220538262
COL4A3BP	0.356889320420709	FALSE	0.0135026997029728	0.675474545860527
DFNB31	0.732677680469134	FALSE	-0.0149207179961737	0.876816065312877
AKAP5	0.467405230637579	FALSE	0.0162952786519872	0.738100295762821
GPD1L	0.397256177479068	TRUE	-0.0438027649686186	0.698478492236804
RAD51	0.392580925606387	TRUE	0.0285524896513794	0.695272788275951
CYP4F8	0.0122117206635374	FALSE	0.0163469927572018	0.194478512084059
SPO11	0.577454354325898	TRUE	0.0182961028613666	0.79720088137536
TGM1	0.856564931427306	TRUE	-0.0234082160993729	0.935753494356561
GLS2	0.687038726017536	TRUE	-0.0180970224215278	0.853185291527906
RBBP9	0.761496167232629	TRUE	0.0575228904428418	0.892470261138969
ZNF337	0.736921218264015	FALSE	-0.0173937955296766	0.878802578039893
AKR1C3	0.696486812932689	FALSE	0.0139290655086506	0.858419996939539
ZNF7	0.00364031444067559	FALSE	-0.0385944587107337	0.121048461709151
LPGAT1	0.647114468377276	TRUE	0.0554982075597845	0.832515767698534
CA3	0.184660978443502	TRUE	0.0251281485666586	0.541331653198261
CDH7	0.275235527767468	FALSE	-0.00802045928620255	0.625261112034014
ANGPT4	0.506160241274892	TRUE	0.0307244225915752	0.757680420084986
SLC9A5	0.0579200586090326	FALSE	0.0178476026167997	0.358707666060615
MSL3	0.00015303133600454	FALSE	-0.0501062424791005	0.0362776285337425
TGIF2	0.441183215134143	FALSE	0.00574491376641495	0.722607590360526
MGAT5	0.68067451095976	FALSE	0.0138563945012585	0.850580590673652
NPC1	0.0358086090235817	FALSE	-0.0423942947426623	0.303463241941997
REV3L	0.434716037539027	TRUE	0.0606541903608421	0.719714220538262
SIGIRR	0.767831791304958	TRUE	-0.0394816122594426	0.895959917620072
SNX13	0.278288636792082	FALSE	-0.0142114709504541	0.626653841957367
OMP	0.608397688112299	TRUE	-0.0471978234762501	0.81131616905861
ZNF669	0.30750482405666	FALSE	-0.00748483717585735	0.643439232326714
SMCP	0.00113985403363469	FALSE	-0.0280043702278117	0.0794464460801913
TAF1B	0.19098598341828	TRUE	0.0767491202432256	0.547836547308532
COMMD10	0.19471900028061	TRUE	-0.0851663230195825	0.550989963351387
GNG7	0.82610897957149	FALSE	0.0175822867463404	0.922192181842205
MRPS12	0.395397548502639	TRUE	-0.0576572951302468	0.697764503944764
IL17B	0.397787220655993	FALSE	0.0086608661918528	0.698998160205288
EIF4ENIF1	0.206877159022129	TRUE	0.0476216256135076	0.56456801592104
SST	0.00496595099021209	TRUE	-0.0629873522123666	0.136148242252537
TMUB2	0.00820767945508913	FALSE	0.0479181377578503	0.166926263818315
STX1A	0.131878685947881	TRUE	-0.0519320957653595	0.485352943837398
GPX7	0.385406087958058	FALSE	0.0095802914955896	0.691063060319362
ZSCAN18	0.658507249281665	FALSE	-0.0103412118652471	0.838585445558294
SMARCB1	0.387017443631798	FALSE	0.013276077877864	0.692175203996997
IGSF1	0.837013299886461	TRUE	-0.0139961263071151	0.926541169947871
JPH2	0.654426797318589	FALSE	-0.00813796015772805	0.836494809468547
IGHV5-78	0.862172478525598	FALSE	-0.0270209426311707	0.937132077568621
REPS2	0.0873377512245573	FALSE	-0.00550278375877375	0.418356551032022
IFNGR1	0.413239696475928	FALSE	-0.0156402564724091	0.707662245823443
NUPR1	0.00631776736606872	TRUE	0.107814582131826	0.151857618266516
CCDC15	0.214142555582513	TRUE	-0.0420738387176014	0.5700393942184
PNP	0.851206255456444	FALSE	0.0360290977252689	0.933103124084414
TM2D3	0.648158748817759	FALSE	0.000732829093228051	0.832515767698534
ATP2B1	0.857956225049996	TRUE	-0.0370531769198799	0.935765873707601
DNASE1L1	0.250090468088713	TRUE	-0.059383825015753	0.602698937433418
SMARCD1	0.706140786863315	TRUE	0.0218417297502338	0.864631571166892
DPH2	0.804041088617258	TRUE	-0.0143724913559571	0.914720768920546
HIP1R	0.0634787359258778	TRUE	-0.055200545912701	0.3727526601054
CSN2	0.822688548558729	TRUE	-0.0231005884831976	0.921501957616882
STX17	0.720070569824064	FALSE	0.0220172542969328	0.871281268882186
FDFT1	0.819786088837645	FALSE	0.0221454614882504	0.920443059840583
CYB5R4	0.179822919704109	FALSE	-0.00562153315247375	0.537587636872547
ASF1B	0.153910115198342	TRUE	0.0799618210262323	0.511600895024217
LIPE	0.0104660914012261	TRUE	-0.0861655025315251	0.186302999055734
MYT1	0.779634939981117	TRUE	0.0202256836808292	0.901307592642898
KRT33B	0.712273612458115	TRUE	-0.0307847846497462	0.866793432939281
P2RY2	0.116628023385746	FALSE	-0.004735341052323	0.464831338197177
ZHX2	0.747331074128552	FALSE	0.0239079657049719	0.884309589471711
WRN	0.785491314465517	FALSE	0.0233348636821051	0.904016742521407
HIST1H1D	0.00871604448744429	TRUE	-0.0781944282885089	0.171880397292401
LGALS14	0.625680516053593	FALSE	0.006049689391288	0.820945951057627
UNC93A	0.736399620531577	FALSE	-0.0119459233950634	0.878498787006001
HIST1H2BE	0.0730217403112338	FALSE	0.030752048958689	0.391856844954605
SOX12	0.690807482402339	FALSE	-0.0258311922304739	0.855511800235924
CA14	0.694867218734455	TRUE	0.0233768881859144	0.857449057920338
SIGMAR1	0.276046178826263	TRUE	0.0741899016803327	0.625672664569943
TACO1	0.710722960103756	TRUE	-0.0306036772589007	0.866320186024866
CD55	0.853329042822281	TRUE	0.0249263463664055	0.934315376336199
PPWD1	0.0216949613977673	TRUE	-0.151612327426	0.251106146020322
ELL3	0.676775796423496	FALSE	-0.00775367500445913	0.84860784647197
POLR3K	0.535066832921513	TRUE	0.0466671916727406	0.77416394264349
SPDEF	0.818297959889221	FALSE	-0.0121344778678325	0.920375123762409
SNX27	0.276898198132203	TRUE	0.0614062193820377	0.625846273351116
ERGIC3	0.769578397113148	TRUE	0.0389917154327817	0.896378987659577
PRLH	0.80136119629814	FALSE	0.0295929488418407	0.913321399620526
PXMP4	0.381403067441842	FALSE	0.00448917899162995	0.689639512314311
AJAP1	0.611539165754401	TRUE	-0.0208545772596995	0.812924103222644
ASCL3	0.486471251949551	FALSE	-0.0149392626520135	0.749854849317994
ADM2	0.822525342669516	FALSE	-0.0255807896925648	0.921501957616882
GPC1	0.776854332033929	FALSE	-0.0162227097554251	0.899770303466059
OTUB2	0.706623884082219	TRUE	-0.0282496519834474	0.864698609813326
TEX13A	0.583608392675826	TRUE	-0.0284113843580354	0.800189016577986
LYPD1	0.678079874287262	FALSE	-0.00839325365567055	0.849262379797619
PPP2R2B	0.381775208107139	FALSE	-0.00425508744391045	0.689785756521464
GJA9	0.600569105130531	TRUE	0.0329474268334558	0.80822734575397
NFYA	0.822544888505808	TRUE	-0.0187819037552925	0.921501957616882
TMEM184B	0.780037925722773	TRUE	0.0247102907944816	0.901307592642898
DOCK10	0.342230400202688	FALSE	0.0122164123608022	0.666303315229786
MSRB2	0.263050730359061	FALSE	0.00605667855437895	0.613862947496477
AIPL1	0.810754668902773	FALSE	-0.0121271423499531	0.916168083655483
FUBP3	0.812753114331115	FALSE	0.0155594315969841	0.917412732537766
MAP6D1	0.0940697056795926	TRUE	-0.050814079556444	0.427175167281097
OR7A10	0.226396282876429	FALSE	0.0043914323428034	0.580138948962268
KARS	0.758205894095017	FALSE	0.00369526665287975	0.890819255325189
FERMT1	0.323722796755412	FALSE	-0.009994172982406	0.655122675424904
EPS15L1	0.0175682766639331	FALSE	-0.0530335428938056	0.225857924140972
HRH1	0.64670689840507	TRUE	-0.0303292573904348	0.832515767698534
RARRES1	0.473238756987167	FALSE	0.000258758690337351	0.741885008361329
PPP4R4	0.344237839444299	TRUE	0.0236365459248669	0.667057181062751
SLC29A2	0.105108280801996	FALSE	0.00596900733069195	0.444998352921034
HEXB	0.0317598524475344	FALSE	-0.0234677057675691	0.292761626946306
CLPB	0.635205303580449	FALSE	-0.0056968466636711	0.82672367446519
KANK3	0.370541172312344	FALSE	0.0026289378660045	0.682647558715216
ZNF221	0.0876376302951197	TRUE	0.0448571609670418	0.4184038099236
AVPI1	0.558592547279187	FALSE	0.0105638382377644	0.786210291664448
CELSR1	0.563470077193253	TRUE	-0.0285742834634064	0.788900783933366
PRAF2	0.657439207109944	FALSE	0.0088302835809104	0.838093795569203
AGT	0.875939166684024	FALSE	0.0159357692413313	0.943865522669491
ALDOB	0.527619091545546	TRUE	0.0290041544468606	0.76947561145144
HIST1H2BJ	0.840598041378021	FALSE	0.0578725609014236	0.928638073965839
RARA	0.801792874937343	FALSE	-0.0185359396808078	0.913508804388856
SGPP1	0.621920089663941	TRUE	0.048140171071339	0.81866372053546
NDUFAF4	0.0408130838384841	TRUE	0.081272847337734	0.317189552874963
CEP63	0.485764739435928	TRUE	-0.0619274561490104	0.749507651769684
VIP	0.784521867246224	TRUE	-0.017759575610591	0.903482983211957
CD2	0.181795622433508	FALSE	0.011157179093371	0.538209821967096
DHX29	0.410947683195101	TRUE	0.0818594410829547	0.706388751268942
BTAF1	0.0523960294040147	TRUE	-0.122817557137531	0.347031879329511
PRIM2	0.189447033774226	TRUE	0.0590599357026042	0.545716272152157
C11orf16	0.463773566937231	TRUE	-0.037392271884618	0.736511620115873
GLB1L	0.542703791254701	FALSE	0.0269498230171634	0.777304206391088
PYGM	0.00097884523796599	TRUE	-0.0723169308862599	0.0729978304829779
IARS2	0.14725594280405	TRUE	0.0712222343366836	0.502175980588007
MRPL35	0.725327806185781	FALSE	0.0206686439928983	0.873459217750698
RAB22A	0.510822452906798	TRUE	0.0449120692658527	0.760133306234932
NKX6-1	0.00601656390024077	FALSE	0.0215361272110739	0.14825975358844
FURIN	0.765057780695099	FALSE	-0.0090574084510493	0.894882419568983
APH1B	0.798857564689105	TRUE	0.0346234889176183	0.911567467647153
KHDRBS3	0.133233003573731	FALSE	0.00516621626763135	0.487071003471283
UGGT2	0.832993917360943	TRUE	-0.0342221024813729	0.924656720763376
CPEB1	0.341802667821521	TRUE	-0.0368919450787649	0.666303315229786
MYLPF	0.0845057472590205	TRUE	-0.0500282829105152	0.413451828185956
FAT1	0.78554343099598	TRUE	-0.0159808826321917	0.904016742521407
MAP3K7	0.252158762944038	FALSE	-0.0084811436325523	0.604360222579254
SETMAR	0.242365856019538	FALSE	0.0017961089143932	0.595892543965345
NAG18	0.783741530691285	FALSE	0.0456554732375154	0.903214233714119
SCN2A	0.168180535461651	FALSE	-0.0177947541050556	0.525601278895822
COQ3	0.827683739855969	TRUE	0.018980125954299	0.922881321888825
ADA	0.0742631950841776	TRUE	-0.0905337976860343	0.393923455816058
EIF4E2	0.696724545686862	FALSE	0.00798217601001915	0.858619674333587
NIPAL3	0.590525396358278	TRUE	0.0337839024203386	0.803827147422772
MYH7	0.584927128514104	TRUE	-0.0209847442906064	0.801025206548482
PDCL3	0.3058217428752	TRUE	-0.0750196903144849	0.643439232326714
TUBG1	0.281619565985411	TRUE	0.0512660129510856	0.628615112092927
TSKU	0.0515507396811805	FALSE	-0.0182308314898343	0.346171228602818
DCHS2	0.75918542632528	FALSE	-0.00561429582954707	0.891425593495581
CDC25B	0.233579249789466	FALSE	-0.0135964600218439	0.588437039183015
TCTN1	0.667325962242792	FALSE	0.00844135537119375	0.842842547508807
TNPO3	7.36459549861956e-05	FALSE	-0.0758845745580461	0.0306838931770202
KPNB1	0.839490460463245	FALSE	0.0165637067008033	0.927956943964977
IMPACT	0.797714281737038	TRUE	0.0462897298925675	0.911003156523871
DCAF6	0.191587412024911	TRUE	0.0672693947491103	0.548382861190805
NFASC	0.595727123712659	TRUE	-0.0209818025708896	0.805981546323268
ZNF362	0.632551521906438	TRUE	0.0226213625526092	0.824806841511917
SCN10A	0.0627029364112013	TRUE	-0.0505408785598492	0.370599958842767
APOBEC3F	0.431122445923585	FALSE	-0.00900369178287755	0.718262917180067
C8orf33	0.390656202519469	TRUE	-0.0302783201971853	0.694480671524407
OCLM	0.244674227247288	FALSE	-0.027003382272658	0.597776839829552
FAM189A2	0.533937016153228	FALSE	0.00421466331417665	0.774010716717137
C5orf45	0.34851419565363	TRUE	-0.0458146123222423	0.670137775905801
HRASLS	0.610223273854699	TRUE	-0.0369772256704137	0.812511751755639
CCNA2	0.466982622177389	FALSE	-0.0039616952114239	0.738100295762821
GOLGA3	0.431893298789041	TRUE	-0.0375381913021218	0.718702394330633
WBP2	0.715169646271782	TRUE	0.055196983846959	0.868231173441342
TYROBP	0.489295760023969	FALSE	0.0215993374702332	0.750050645249666
NRG1	0.383793755649625	TRUE	0.131918226993768	0.690754300775463
HLA-B	0.595776634503634	TRUE	0.0327509381324012	0.805981546323268
TRIM24	0.370676139926809	FALSE	-0.0102604332515796	0.682647558715216
DPYSL2	0.276395883936803	TRUE	0.0819827883155364	0.625800989657934
APEH	0.77372902964995	TRUE	-0.0222546343022918	0.898434711427007
IL1RL2	0.559029908659034	FALSE	0.00134709905935495	0.786285662140825
FASTKD2	0.254452151603401	FALSE	-0.0101812899032332	0.605880424175519
EFCAB2	0.370531282601079	FALSE	0.0306673884716657	0.682647558715216
TMCO3	0.070046563184862	FALSE	0.0284518428673657	0.38706529237483
SEH1L	0.742455471414646	TRUE	0.0463588052162751	0.88133903487978
DLX6	0.502046599774336	TRUE	0.033467389113373	0.75582935340597
AMELY	0.53531409671681	FALSE	-0.0118726962809585	0.774279906077429
KCNQ1DN	0.192947248495218	FALSE	0.00150112634051645	0.549499453723677
GDPD2	0.250349413115037	TRUE	-0.0436551158804526	0.602698937433418
CTNND1	0.885319513890764	FALSE	0.0277621742949376	0.948064113096533
C1GALT1C1	0.880390514334215	TRUE	0.0401081247113031	0.945753193904748
ARF3	0.819474604029325	FALSE	0.0107288928287632	0.920375123762409
CCDC134	0.230400239347627	TRUE	-0.0451726367248395	0.584763762521969
PLIN2	0.782284783913806	TRUE	0.0665110824936272	0.902380301031387
SLC7A8	0.451815822749979	FALSE	-0.0082044802212393	0.728934177725718
SLC26A10	0.660648190798131	TRUE	0.025359431351446	0.839883786202581
PRPF4B	0.372148838544381	TRUE	-0.0787947368293151	0.683016716760221
DHX9	0.811318482022181	FALSE	0.0289410492823459	0.916532487070645
EDEM2	0.836539055445682	FALSE	0.0196994818400387	0.926271740593175
CACNG2	0.0481897763346067	FALSE	-0.00923854730317465	0.338641748346393
CCDC33	0.13466760145667	FALSE	-0.0158655058823002	0.488139357883529
OSBPL9	0.766364432953902	FALSE	0.0154989461196849	0.895648558685577
CCNE2	0.506543236929542	TRUE	0.0436000732434811	0.757843219889705
ACE	0.857029584276447	TRUE	-0.0140061942918175	0.935753494356561
FAM134A	0.733785505058472	FALSE	-0.00561071927993065	0.877324026624981
LRFN3	0.872370080460782	TRUE	0.0201027471018422	0.941995365724522
PDIA6	0.144331731801201	FALSE	-0.0073232588853296	0.49894156195605
PKP2	0.631021548963267	FALSE	0.0124071566009168	0.82439852604224
FICD	0.823040788654093	TRUE	0.0174408925552996	0.921501957616882
LSR	0.467347254767562	TRUE	-0.0356003027865786	0.738100295762821
POLD4	0.821399872044658	TRUE	-0.0233634715206046	0.920909110156052
DHRS9	0.468244702367826	FALSE	0.0128219677960644	0.738150714575471
FA2H	0.368277296071749	TRUE	-0.0310013405108833	0.682012590916769
AZU1	0.288176797103024	FALSE	0.0704657197904283	0.632033998189821
GSTA1	0.503841991738173	TRUE	-0.0471007867202795	0.75719872025436
ALDH8A1	0.573600572648814	TRUE	0.0214943580881939	0.795170199876974
EYA1	0.709331250555253	TRUE	-0.0230055692061884	0.866060843118985
RNF7	0.750883701725354	TRUE	0.033767182493762	0.886349187368705
KDSR	0.0463756574324258	TRUE	0.0687142768510185	0.334028893265042
FAM131B	0.872387743865652	FALSE	-0.0107497389560174	0.941995365724522
TNS1	0.364733839786138	TRUE	0.0384112530376473	0.680440442470388
CCL13	0.0390528799330656	FALSE	-0.0245355282090717	0.314280060724649
PRDX1	0.0542278361215761	FALSE	-0.0294255472353378	0.348788023910053
ZNF638	0.278730265710825	FALSE	0.00356129063151435	0.626812972257022
CACNG4	0.467765122616777	TRUE	-0.21630678333758	0.738100295762821
RNF144A	0.608163333256017	TRUE	-0.0398959269423593	0.811248051733794
CAPZB	0.0717149468135161	FALSE	-0.348202396752878	0.389295661926272
M6PR	0.586682354963934	FALSE	0.0112537672204614	0.801782719408949
TNR	0.00311894408958568	TRUE	-0.0563143659650969	0.114647011330044
HERC4	0.575339832956405	TRUE	0.0465823788003709	0.796456887546414
ECE1	0.00110395991103221	TRUE	0.0962838344693633	0.0782362589449639
PRDM16	0.668417197274137	TRUE	-0.0248112156417508	0.843349571591347
SLIT2	0.71079804981737	TRUE	-0.0209673345946179	0.866320186024866
CD44	0.562735561496328	FALSE	-0.079964005453059	0.788871878379203
FBXO34	0.0692556292432035	FALSE	-0.0244190122281695	0.386081406090799
RRM1	0.279209108508935	TRUE	0.0734324536760176	0.627045371634545
MCF2L	0.417509603594608	TRUE	-0.04082343240737	0.709234665941461
RGSL1	0.110336755881294	TRUE	-0.0402097860940889	0.453970160025283
LMNB1	0.139397554549847	FALSE	0.0371440189598654	0.494100928740456
SLC22A3	0.142190718386265	FALSE	-0.001989662144529	0.497599911417046
CDR1	0.859583355537807	TRUE	0.0220795497182846	0.935977110689344
NES	0.0045065226134707	TRUE	-0.0610212140547328	0.130846457436584
POPDC2	0.399504701433409	TRUE	-0.0306761248226248	0.700368554352725
SNAPC3	0.445585680868071	TRUE	0.0575307161128391	0.724717815004523
PTMS	0.00632305499838758	FALSE	0.03664406025968	0.151857618266516
ALAS1	0.051756609188124	FALSE	0.0507842259222022	0.34669419094395
OCA2	0.774974025683163	FALSE	0.00774604220468246	0.89879817372802
CAMKV	0.75220706555738	FALSE	0.0056906146466047	0.887252476566674
PIP	0.0461448512219207	TRUE	-0.050740998446515	0.334028893265042
PTPRA	0.0755512688291536	TRUE	0.0675986888064583	0.395029675324119
SLC25A12	0.797909961149781	FALSE	0.0214175963130354	0.911003156523871
DLGAP2	0.818166101010057	TRUE	-0.0153723750733729	0.920375123762409
AARSD1	0.841425111201328	TRUE	-0.023670974923534	0.928685549766039
STEAP3	0.0339823499856083	TRUE	-0.0728686850936092	0.298239834742115
DMPK	0.6143249383187	FALSE	-0.0111398894025658	0.814240850449531
ITGB3BP	0.0939890432638606	FALSE	-0.0216720877571835	0.427175167281097
CCDC102B	0.788188424447072	TRUE	-0.0193892301995886	0.905498332807026
SSH1	0.282746109629205	TRUE	0.052310585564781	0.628897960159987
CASQ2	0.804191204925614	TRUE	0.0175862626089134	0.914799766518012
TTPA	0.599280216968197	TRUE	-0.0276679288269399	0.807981822292757
NGFR	0.863536514208923	TRUE	-0.0217390605625236	0.937447633759212
RBM14	0.731249913009109	TRUE	0.0385630603706088	0.876395229014776
FADS3	0.0180562339878827	FALSE	0.0428019176238355	0.228316372015862
LMAN1L	0.0258183475796345	FALSE	0.0249392726066655	0.265898495191168
MAFG	0.549011927181954	TRUE	-0.0391625786043428	0.781126795898318
NSMCE4A	0.456947850286081	TRUE	-0.0411737414005558	0.732550781053848
PLEKHB2	0.851305390127283	TRUE	-0.0188635974357751	0.933103124084414
BDH1	0.058986004252945	TRUE	-0.0566446882394498	0.360644597450668
ADH1A	0.80346788864833	FALSE	-0.0152644716782122	0.914435650846473
TGFB1I1	0.849984338065873	TRUE	-0.0350450520536581	0.932285974978616
KCNA2	0.885458922744109	FALSE	-0.0141873183502841	0.948064113096533
BAG5	0.409852123350966	FALSE	-0.0116473425688661	0.706388751268942
BICD2	0.0488439957785046	FALSE	0.0256963613980351	0.339309421545291
SMARCA2	0.599973209437031	TRUE	0.0444696983259689	0.808221109561291
MAGEA1	0.400075264453513	FALSE	-0.0034622057797864	0.700827039029566
DNAJB6	0.879540562715484	FALSE	0.0276627897203516	0.945710412434724
FAM69A	0.886978864423344	TRUE	0.0410233092028322	0.94849563575639
SH3GLB1	0.393265811620674	TRUE	-0.0553591594866809	0.695452438859454
COMP	0.76393340064671	FALSE	-0.0158947983654371	0.894028365149453
CIT	0.823679895644923	FALSE	-0.0095872168074327	0.921501957616882
EHHADH	0.872995854366597	TRUE	-0.0156058021406688	0.942393373254269
CTNNAL1	0.0123131775190535	TRUE	0.0942334874015923	0.195509318567102
APOBEC1	0.632585945223924	FALSE	-0.0091766891220488	0.824806841511917
SHARPIN	0.0704658974536699	TRUE	-0.0640200685897994	0.387642016983979
ADH6	0.720823025094732	TRUE	0.020454539076892	0.871648869663129
PLBD1	0.364723253482011	TRUE	0.0923567470271527	0.680440442470388
XAB2	0.545892468075456	FALSE	0.0099095821922743	0.778955610335809
CLIP1	0.210766186832855	TRUE	0.0573780309628353	0.567801803872118
DAPP1	0.577262108443296	FALSE	0.0086916016525187	0.79720088137536
PARP16	0.280192246173055	FALSE	-0.000610025331218449	0.627598298428661
SNN	0.815660405123738	TRUE	0.0675353529959453	0.91908708473597
TFEB	0.285222128685284	FALSE	0.0277588819965419	0.630804313860432
NBEA	0.84973816031429	TRUE	-0.0230985542212139	0.932285974978616
PALLD	0.721785002003428	TRUE	0.0511589726286941	0.871799696961032
MRPL44	0.865832871710197	FALSE	0.043442803403313	0.938711098888289
HK2	0.47211094426227	FALSE	-0.00715137788419895	0.741346904443965
SSTR4	0.730572690510589	TRUE	-0.0317349416367545	0.876031690496612
HTATSF1	0.114039977922173	FALSE	0.035902053430888	0.460505452157947
PGAM2	0.648097055174594	FALSE	-0.0107475730590147	0.832515767698534
PTRF	0.354553892491975	TRUE	-0.0333829622970412	0.673189314629355
EXOC1	0.0914746453500755	FALSE	-0.0150333965698977	0.423705475336808
EIF2S3	0.287078261715538	FALSE	-0.089498436208462	0.632033998189821
SPECC1L	0.613692322133792	TRUE	0.0269959639370731	0.814240850449531
ZCWPW1	0.66465433418941	TRUE	0.0224725512511288	0.841762113647332
FLCN	0.829115302683317	FALSE	-0.0171925581182437	0.923276381739061
CIR1	0.00640161756163634	TRUE	0.12549850691588	0.151857618266516
PRRG1	0.520976545916957	TRUE	0.0299008186397209	0.765895637774196
FRAS1	0.125195233599655	FALSE	0.0210417965576384	0.4772411338684
FKBP14	0.605378905574002	FALSE	-0.0140735275740322	0.810484359620438
C11orf1	0.468389747930968	FALSE	0.020606831609296	0.738264018875347
SLC6A7	0.610313904444955	TRUE	0.02726230315904	0.812533681167236
CLSTN2	0.673767004322069	FALSE	-0.00300833071267315	0.846989363858974
MFSD6	0.0364048058215714	TRUE	0.0635014164928904	0.306227072114835
COL5A2	0.484240253114726	TRUE	0.0239150751548936	0.749414649454838
GPR17	0.751582945273327	TRUE	-0.0201479658548065	0.886805308684106
ADAR	0.717405545541783	TRUE	0.0292900024416403	0.869428050905855
SEPT10	0.850630563227986	TRUE	0.0597498821768135	0.932724103707778
SNRPN	0.183943895937532	FALSE	-0.0143634111023929	0.540603686224248
SGCD	0.415963157652183	FALSE	-0.00396266334065975	0.708336613551641
MBL2	0.380469534661174	TRUE	-0.0264158367923426	0.689170358739517
NKX2-2	0.624771007912168	TRUE	-0.0241529717891917	0.820617952725246
ATP5B	0.306934935222407	FALSE	0.00574154484707725	0.643439232326714
DPY19L2P2	0.8365772021708	FALSE	0.0229790970689594	0.926271740593175
C7orf69	0.384538659838461	FALSE	-0.0137766473716768	0.691063060319362
SLC7A9	0.62335794089449	FALSE	-0.0062900021147705	0.819602932722938
RPRM	0.655014645106548	FALSE	0.0097518446024956	0.836868851928242
SLC25A46	0.772585572740134	FALSE	0.0224402092347323	0.897760587138797
ECD	0.564474021254236	FALSE	0.00341016600816825	0.789414273187196
NCOR1	0.546877069313036	FALSE	0.00301591549354675	0.779706399832788
MELK	0.420455450557473	FALSE	0.00618829954133025	0.712151466568469
CD27	0.666708726437028	TRUE	0.0841048336751359	0.842600339842784
PDZD8	0.13796906562057	FALSE	0.0237044310086331	0.491495832570418
NEK3	0.0719044119140015	FALSE	-0.0280806038779749	0.389734286182057
ENTPD4	0.436956939345394	TRUE	-0.0698512375973941	0.720277786255983
RAB38	0.800586284697451	TRUE	-0.0240926618624413	0.912713440798752
MARK3	0.298269276046832	TRUE	-0.061589128454941	0.638609388424288
SYNGR1	0.0243057816229206	TRUE	0.0857606825834086	0.260772440791205
NAALAD2	0.649384831919593	FALSE	0.00595815032194965	0.833149423980115
POLR2G	0.180591609848315	TRUE	-0.0486472813345893	0.537587636872547
MAOA	0.889921315744301	FALSE	-0.0125662261171655	0.949471337616475
OGFRL1	0.0139644679982344	TRUE	0.0921245399881377	0.206444723118617
DNALI1	0.862658440598113	FALSE	-0.0157152264585325	0.937132077568621
EIF4B	0.24506696172936	TRUE	0.224644508346225	0.597980262330365
HSF1	0.67752125168767	TRUE	-0.0374617007647017	0.849144966823865
CLCNKB	0.493072322657253	FALSE	0.00380040489571745	0.75096669800008
EXT2	0.558241779956438	FALSE	-0.0011692848076663	0.786067192184088
DNAI2	0.82895636766812	TRUE	-0.0162312102555249	0.923276381739061
SLC17A7	0.650722096432095	FALSE	-0.0085352654762523	0.833859459930988
HAUS5	0.425917252923947	TRUE	-0.0397280587460647	0.715265955406493
TBC1D13	0.66647974467701	TRUE	-0.0231511234402166	0.842600339842784
CCL19	0.881568414718737	FALSE	0.0173822449436738	0.946127310643871
CELSR3	0.841204060347827	FALSE	-0.0136898299790724	0.928685549766039
FOXJ3	0.620898205358976	FALSE	0.00779980624379385	0.817957696945275
TNFSF15	0.84690850776015	TRUE	0.0318857729297841	0.931205481616441
SEMA3E	0.0588720372161685	TRUE	-0.0338159392693749	0.360644597450668
TMEM11	0.174516762081348	FALSE	-0.016538864274716	0.529669583843792
THG1L	0.260046937452871	FALSE	-0.0236041012271158	0.610870566351379
DR1	0.0588749728352501	TRUE	0.12092081064096	0.360644597450668
STK38	0.877348057733618	TRUE	0.0262393366783264	0.944631909510822
SLC9A3R2	0.871260215504537	TRUE	-0.0216326770609565	0.94177498413784
ZNF215	0.309710212135923	TRUE	-0.0293023688513337	0.644843170484514
CLASP1	0.543061673923645	FALSE	0.00121245404553605	0.777304206391088
DLD	0.867916154633269	TRUE	0.0350603133966621	0.939628383833761
TNFRSF10D	0.22193002074076	TRUE	-0.0459066380019105	0.576107758777424
ALDOC	0.554181664251862	FALSE	0.00550621160064235	0.783243017228659
STARD13	0.824837549080814	FALSE	0.00538495798095527	0.921968175337928
S100A14	0.669377466251448	TRUE	-0.0255093108979585	0.844185417620417
TOMM40	0.322517751708954	TRUE	0.0631106248302991	0.654670820227981
VSNL1	0.43554903751178	FALSE	0.0015367743179078	0.719727633904637
TPCN1	0.329421114443221	TRUE	-0.0582384348868361	0.65990492883544
NKX2-1	0.00828023127805839	FALSE	0.0400552934621752	0.166989946604104
BTN3A3	0.459069273042405	FALSE	-0.0110714700860584	0.733566303132445
DHRS1	0.424633896521978	FALSE	-0.00449637891599065	0.714948193214849
LRRC16A	0.107776513715707	TRUE	0.0439838092975964	0.448798343379509
XPC	0.893691830183352	TRUE	-0.0163976131383565	0.950973316671268
TMEM231	0.558432724772692	TRUE	0.024767379573952	0.786104117467108
TINAGL1	0.851202412818871	TRUE	-0.0160140138237863	0.933103124084414
C1orf56	0.00842241388074642	FALSE	0.0907380533352701	0.168136885552436
B4GALT1	0.801119252757856	TRUE	0.0445489815969142	0.913229235651084
PITPNB	0.106405858726203	FALSE	-0.0155944871945604	0.447160683667502
UTRN	0.464669353368164	TRUE	-0.0824019283946971	0.737033917314742
RYK	0.630839107664357	TRUE	0.0304372760215799	0.824373013922571
SLCO5A1	0.814255973164501	TRUE	-0.0162059590566739	0.918417236617156
OLFM1	0.881628112202412	FALSE	0.0293296010225301	0.946127310643871
RABGAP1L	0.49271117900934	FALSE	0.0088976017881661	0.750965729597102
THBD	0.516041298992317	TRUE	0.0479681004115786	0.763618093270593
NAP1L4	0.0866576261775214	TRUE	-0.0691663812750933	0.417421760079403
PPP1R2P9	0.158146841112046	TRUE	-0.0500777243215071	0.515147093182848
KCNMB1	0.284814890966224	FALSE	-0.0210652620682485	0.630641681051751
GTF2E2	0.731984635854112	TRUE	-0.0324406921595166	0.876816065312877
BCAN	0.275094081113827	TRUE	-0.0417306876734269	0.625261112034014
RGS4	0.779983513065581	FALSE	0.0117807479248722	0.901307592642898
PC	0.039737579163903	TRUE	-0.0514739493892438	0.315649780659111
PDHA1	0.150805096615326	TRUE	-0.0493196316198627	0.506660441635906
LMO4	0.819003891114998	FALSE	-0.00875123881269025	0.920375123762409
SMTN	0.89319819968777	TRUE	-0.0177585533246076	0.950825434921723
KLHL3	0.0893577719012235	TRUE	-0.0570221597255288	0.42079241165159
PDC	0.520206841926505	TRUE	0.0248915549729052	0.765598446580381
OCM2	0.430780865736563	FALSE	0.0346957007099831	0.718010324354974
SYDE1	0.0331638736670941	TRUE	-0.0532033236791114	0.295762119938774
FYN	0.546511077198203	TRUE	0.0529087042753878	0.779446782120101
URGCP	0.0612893832727917	TRUE	0.0568454123053121	0.367509421962023
GNE	0.13444879352924	TRUE	0.0577605477087371	0.488139357883529
CABP5	0.615060806852524	TRUE	0.0884952313685046	0.814835201413807
MAN2B2	0.0857781620302282	FALSE	0.0442181420216141	0.415657512504597
CENPI	0.747320290622041	FALSE	0.0161512006362035	0.884309589471711
HOXC13	0.381045133856002	TRUE	-0.0300061241511793	0.689399759022463
ATF7	0.652927315863282	TRUE	-0.0251903735045747	0.835237233142346
NTF3	0.816570193055477	FALSE	0.0109691501216176	0.919838011032789
DEFA5	0.367120864680999	TRUE	-0.0476718385924211	0.681391179888347
OS9	0.123497580674484	FALSE	0.143720508248637	0.474824227320104
LAMP3	0.185187565160096	FALSE	-0.005893249399775	0.541808774377569
ZMYM5	0.735124931398889	FALSE	0.0305450456271665	0.877917936441989
YIPF1	0.256691305027368	TRUE	0.0566763075012435	0.606908777809239
ITGAV	0.819456691998662	TRUE	0.0340251870762888	0.920375123762409
CAPG	0.855280271276282	FALSE	-0.020552838653547	0.935110828186721
GFER	0.581468780344379	TRUE	-0.0267565786681682	0.798700726871582
EEF1A2	0.895570634584054	FALSE	-0.0175229840312458	0.951632970251015
DNMT3L	0.315143293494555	FALSE	0.00528769703949015	0.647690746991241
DCLK1	0.787403969842864	TRUE	-0.0149622054392826	0.905147365576666
NUDT15	0.679756684644733	TRUE	0.0239829901257566	0.850144912827378
HSP90AB1	0.601834304891618	FALSE	0.000309625009802701	0.80874605157218
SIX6	0.498022898683836	FALSE	-0.00852410145026325	0.754807791424133
SDS	0.602128351758382	FALSE	-0.00165745149576905	0.808949452676338
GOLGA8A	0.82069336163292	FALSE	-0.0720279574767224	0.9206958870138
ABCA8	0.828869169211204	FALSE	-0.00758610707575658	0.923276381739061
ACSL3	0.141932784580214	FALSE	-0.0098130544983137	0.497339048343512
RRP1B	0.0045501561349055	TRUE	0.0813027979295536	0.131150989549868
ZNF702P	0.413272227438489	TRUE	0.0490478162548707	0.707662245823443
FANCA	0.328511860006299	TRUE	-0.03712026632068	0.658837192069794
GEMIN4	0.727597650670632	FALSE	-0.00775490562685865	0.874150218367694
GSG1	0.647476797103938	TRUE	-0.0209218179879853	0.832515767698534
TNFRSF1B	0.799065721388164	FALSE	-0.0104116901751343	0.911713243592312
GREM1	0.540680877766483	TRUE	-0.0240353994360905	0.776736408589149
FLT3LG	0.00743901746430477	FALSE	0.0261604859195133	0.161192131150488
TMPRSS15	0.107724713266927	TRUE	-0.0449905449994133	0.448747437080706
NXF2	0.0725373584837615	TRUE	-0.071361885572737	0.39055133326086
ANKMY2	0.824077977673023	FALSE	-0.0168737148719167	0.921611617401559
ATP6V0A1	0.270827514981583	FALSE	-0.00157079959158235	0.619837490584263
ANKRD26	0.860575510155095	TRUE	0.0331240052405142	0.936294925124603
CNGA1	0.557857270301598	FALSE	0.0136714055246751	0.785977085977861
EGFR	0.00213474464831066	TRUE	-0.0860230876372219	0.0986766171387992
ETFA	0.80699616836972	TRUE	0.045655651264279	0.915584893598886
ZNF771	0.0141934609532154	TRUE	-0.0753233228406851	0.207512596289764
TLK1	0.014789733585331	TRUE	0.170245257069897	0.211733340716708
F2	0.0867777137155655	TRUE	-0.0480802627991265	0.417468178116588
SERPINA7	0.889443240640889	TRUE	-0.020140998071537	0.94927667908945
NPHP1	0.841092553847181	TRUE	0.0137062397476693	0.928685549766039
YIF1B	0.0935046456372981	FALSE	-0.0158828979205529	0.426865086993478
BMX	0.523520510391523	FALSE	-0.0108657261126162	0.767347345828526
RTN1	0.719097094476032	TRUE	0.0526881018789664	0.87067185843713
CHGA	0.078794945503406	FALSE	0.0136321864792208	0.401553207668818
ANXA2P2	0.0698895878610003	FALSE	0.00482742398961464	0.386931465496006
DES	0.690131669121084	FALSE	-0.0060843445512502	0.855215182391037
TOB2	0.0174932324846768	TRUE	0.111023489918749	0.225857924140972
AANAT	0.682433118479012	FALSE	-0.0115800219538902	0.851542299340651
FAM172A	0.820327917980932	TRUE	0.0352456107618382	0.920648569727339
MOAP1	0.460163450883873	FALSE	0.012789415395706	0.734073349686584
SEC14L5	0.630716520543618	FALSE	-0.0100724768245142	0.824307817709092
SPAG9	0.726477950343822	TRUE	-0.0430089003161492	0.874150218367694
RAD52	0.27861730387584	FALSE	0.00536333178236115	0.626812972257022
PTN	0.227381224989563	FALSE	-0.0129986562065349	0.581609679710501
MSI1	0.770525571474298	TRUE	-0.0249027847340075	0.896916763184755
BNC1	0.297801363981594	TRUE	-0.0285479196908205	0.638140098267569
ABCG5	0.174488832567495	TRUE	-0.0302113068139169	0.529669583843792
DNAJC3	0.618606571965963	TRUE	0.0562615939233053	0.816962089082258
INHBE	0.506906601045096	FALSE	-0.0074065966612906	0.757886860396934
DCAF16	0.783919522444349	TRUE	0.0387071108119295	0.903214233714119
HESX1	0.635664365768967	TRUE	-0.0236542445421715	0.826821062712497
DHX40	0.698431694711996	TRUE	0.0467566271933788	0.859789055079723
HSPA9	0.000630871767262294	TRUE	-0.11448313550042	0.0606224997371792
GPR157	0.425266580016515	TRUE	-0.0404643870339942	0.714964545855657
LAPTM4B	0.889242647211059	TRUE	0.0342626354460278	0.949267781653756
PACSIN2	0.112495704007235	TRUE	-0.0616751936472832	0.457364212168534
ZNF443	0.821254342789449	TRUE	0.0310867345486425	0.920906150404427
PPAP2B	0.871719345338837	FALSE	-0.0133798928021074	0.941912107565949
FNBP4	0.126686883098231	TRUE	-0.100016790068082	0.477954320979065
RFC4	0.244607429757174	FALSE	-0.021914805425038	0.597776839829552
PTPRJ	0.8267259230036	FALSE	0.0189591885867841	0.92248034254456
NME4	0.268805166388449	TRUE	0.0780301356088598	0.618987021170051
GSC2	0.77510469667095	TRUE	-0.0317965374626534	0.89879817372802
CSPG4	0.662665493170281	TRUE	-0.0243195814344839	0.840488146203336
IL11RA	0.782500122884569	TRUE	-0.0484829446726596	0.902529640259193
NUDCD3	0.814989993009913	TRUE	0.0161171418403861	0.918924222927503
CUTC	0.818213517278664	FALSE	0.0099909291516842	0.920375123762409
MMP27	0.721763242350238	FALSE	0.0076098112578573	0.871799696961032
SHPK	0.380094909339523	TRUE	-0.0340739267587926	0.688862400328834
WISP2	0.72846570227394	FALSE	-0.0180357601436634	0.874729704340168
MID2	0.873459164152329	FALSE	0.0233328839750828	0.942714016973469
NOP16	0.00199956912392256	TRUE	-0.0823248405198865	0.0958727294425595
ABCD1	0.721322388070343	TRUE	0.0311922397199904	0.871799696961032
USP34	0.517385995107041	TRUE	0.0541680548709893	0.764100999922941
TRIM52	0.315591443436512	TRUE	-0.073155989819682	0.647690746991241
C22orf24	0.270569779272829	FALSE	-0.0027610020067943	0.619837490584263
FKBP11	0.870254511678537	TRUE	-0.0415549984362595	0.941314795641183
HTR1D	0.0592322311539513	TRUE	-0.0539620981679705	0.360644597450668
TAF10	0.858412993212408	TRUE	0.0212646210999941	0.935765873707601
HARS2	0.268133897088476	FALSE	-0.0129352575744841	0.618987021170051
SNAPC1	0.172149039889419	TRUE	0.0702226484871118	0.5288895547097
ST13	0.219513433865164	TRUE	-0.0679960117002883	0.572950707129812
PLAC1	0.724346326751537	TRUE	-0.0218296284890553	0.872888508228115
LYPD3	0.427903334353626	TRUE	-0.0335764251505402	0.716267479810417
KCTD2	0.708795216056204	FALSE	0.00883790440285505	0.865779269079102
OPRD1	0.465416465933746	FALSE	-0.0114305441753411	0.737679243391494
TTC1	0.0553953917074019	FALSE	-0.016075676506973	0.351892631131781
STK19	0.118370122685191	TRUE	-0.044161559803146	0.465556302853758
CDK3	0.35144729244536	FALSE	-0.00607645854012605	0.671609071591121
DGCR6L	0.1978122458908	FALSE	-0.00729882770273835	0.554479728046644
CEP250	0.508496062765686	TRUE	-0.027112669311597	0.758600141740606
PMF1	0.556853442615345	TRUE	0.0329168816740344	0.785091240631215
LRRC47	0.132349977276702	TRUE	-0.0605064414253329	0.485935778113748
SAP30BP	0.697922701516927	TRUE	-0.028725381762511	0.859535735038605
TSPAN12	0.877722555787058	FALSE	0.0124193930820771	0.944727123777834
SPRR1B	0.727079303273413	FALSE	-0.0301077770254961	0.874150218367694
TMEM151B	0.87511963245386	TRUE	0.0144506476716084	0.943548542118095
YEATS4	0.672926446549277	TRUE	0.0506865468539957	0.846401883241514
SLC2A14	0.853224015050104	TRUE	0.0218967763002178	0.934302955736662
TFAP2C	0.416180954672044	TRUE	-0.0307946833249702	0.708357226812714
GOLGA1	0.568815741322816	TRUE	-0.0371352108231506	0.792553660710176
PRODH2	0.498770715183111	TRUE	-0.0308985987081188	0.754807791424133
SP2	0.117426067051069	TRUE	0.0781306436598999	0.465069568387032
C1S	0.362079190683479	TRUE	-0.0315369714110987	0.679108755654081
EID1	0.0111607200449856	TRUE	0.198496840463192	0.190589464744114
LRP10	0.436205095102539	TRUE	0.0654209057387503	0.720085811790901
PEG10	0.451863333206991	FALSE	0.000163826034576001	0.728934177725718
KIAA1598	0.387566202447606	FALSE	0.0291885835189057	0.692938058901514
TGFBI	0.461352940022312	FALSE	0.0095571813860298	0.734421028627403
TRPV5	0.248890298653071	TRUE	-0.0297617840183904	0.601411628699631
ZNF154	0.521416813303594	FALSE	-0.0100865336984341	0.76634416669468
FAN1	0.481716713680162	TRUE	-0.0452820726681318	0.748142147160575
OR2F1	0.382474111754361	FALSE	0.0063696676315277	0.69003563296463
PSME4	0.839421282515876	FALSE	0.0184221481463713	0.927956943964977
PLEKHO2	0.108544738247858	FALSE	0.018187721083585	0.450911371461256
ABTB2	0.789649574468437	TRUE	0.0150895677434728	0.906075341519693
FUT5	0.651134353655882	TRUE	0.0403673342360058	0.834261292215146
TEAD3	0.787212421900789	TRUE	-0.0192414789566224	0.905105421607524
SEPT6	0.47816806529297	FALSE	0.0050207461311906	0.744814874018775
MS4A1	0.848435106337729	TRUE	-0.0901874746162397	0.932253277292537
EPM2AIP1	0.810233650156007	FALSE	0.019556516111523	0.916168083655483
SULT1A1	0.384081959318888	TRUE	-0.0790664214458578	0.690754300775463
ODF2	0.135830482602842	FALSE	0.0168851170517587	0.489136716266414
ZNF81	0.849327576792364	TRUE	-0.0168450561676719	0.932285974978616
TMSB4X	0.0618791258661571	FALSE	0.00181668929103385	0.369551053234735
MS4A2	0.808616474556597	TRUE	-0.0478217763637927	0.916168083655483
KLF7	0.000675553189866916	TRUE	-0.117771310431455	0.0627876854090243
FXYD7	0.671958748914668	TRUE	-0.0365031475894785	0.845945106141041
SCNN1B	0.715396759278813	TRUE	-0.0227646027250618	0.868231173441342
MYO10	0.741851042707798	TRUE	-0.01673146928138	0.881099910722607
PRPH2	0.164880700781397	TRUE	-0.0431459456807506	0.52106529157198
UGCG	0.296738012113764	FALSE	0.0241023594174165	0.637618404274772
MAB21L2	0.871580544296957	FALSE	0.0172065105251517	0.941851881424111
PLA1A	0.465692245112655	FALSE	0.0008018763350206	0.7379100569218
ALDH5A1	0.321679925702836	FALSE	-0.000213200134902001	0.653913352015858
MAPKAPK5	0.669519116892168	FALSE	0.00417854064079215	0.844270158634375
ELAVL4	0.228155934695813	FALSE	-0.00778968731299075	0.582925479292568
PIK3C3	0.897597672405496	FALSE	0.0272790989898342	0.952715530038933
PPIL2	0.695535812043966	TRUE	0.0268886071219576	0.857900638830255
MYOZ2	0.532325253521239	TRUE	-0.0227631451132564	0.773044429503974
AK1	0.768109745999829	FALSE	-0.0155375653950834	0.895959917620072
DENND1B	0.855894777776445	TRUE	0.0326567421888853	0.935570627580955
RRAGB	0.865412794863092	FALSE	-0.0250542958497517	0.9385859092255
SPAG8	0.302944584360191	FALSE	-0.004822155788015	0.641373341541274
GUCA2A	0.168631948289865	TRUE	-0.0571406582063529	0.526304167374275
KRT38	0.309773902183793	TRUE	-0.0371054353319926	0.644843170484514
ANKRD49	0.0743584647548788	TRUE	-0.0821304124480004	0.393923455816058
CLK2	0.113402872922137	TRUE	-0.0786421928789842	0.459569398164444
C11orf24	0.518984401765342	FALSE	0.0053418779377035	0.764851069874865
PAPSS1	0.0969323019367703	FALSE	0.0276393423639021	0.432967620343262
TMSB4Y	0.547112403614817	FALSE	-0.00589808965146825	0.779850099885407
POLH	0.085236530567284	TRUE	0.0642163449224369	0.414485517030395
SEMA4C	0.851304073935272	TRUE	-0.0242091967795104	0.933103124084414
HIST1H3G	0.015719574526898	TRUE	-0.0730197758395413	0.215890659258186
SF3B5	0.334979126038905	TRUE	-0.0518599923812726	0.662649058250089
PTEN	0.0683965257850887	TRUE	0.1405718541996	0.383910752305847
IRS1	0.0833007874445622	TRUE	0.0672999270058851	0.410851513194385
CSDC2	0.830102261792903	TRUE	-0.0246057346839086	0.923520973058125
MARCH6	0.722615356439638	FALSE	0.0124930393897751	0.872045075209563
GNAI1	0.90085659125292	TRUE	0.0157143008440102	0.954457595987604
MKS1	0.37135187882331	FALSE	0.0131165327091413	0.68285512382125
AKAP9	0.581737965793049	TRUE	-0.0706847661712735	0.798780188196584
SLC9A8	0.41427472610955	FALSE	0.00259422944637855	0.707850358516276
ETNK1	0.481021216585831	TRUE	0.0444287379683557	0.747471505394921
SNTB2	0.703587716425152	TRUE	-0.0254242394819193	0.862986682156103
TNKS	0.886579553126414	FALSE	-0.0202959816363961	0.948299740864107
NSUN3	0.697718232145001	TRUE	0.0317143074390241	0.859377257689786
TARDBP	0.741160739656131	FALSE	0.011211576075933	0.880924698842859
ETFDH	0.862060385647134	FALSE	0.0284941491831976	0.937101209170055
DNMBP	0.00255057695303272	FALSE	-0.0424322368527135	0.107114785446067
MUC13	0.741852089925808	FALSE	0.0037153648264874	0.881099910722607
RNF19A	0.826028215180757	FALSE	0.0169984455126264	0.922192181842205
PHOX2B	0.341071865603617	TRUE	-0.0298382664335728	0.666175216766537
THAP3	0.318309212601608	FALSE	-0.00433094369822575	0.650912202288482
ANO3	0.894038564367208	TRUE	-0.0104883766054891	0.951013653239893
RNF43	0.678616920895232	TRUE	-0.0242277661534187	0.849413540791592
NLGN1	0.656018008212108	FALSE	0.0107125357872331	0.837584528219468
CPSF4	0.75133659441048	TRUE	-0.0222573846838285	0.886606893955711
APOH	0.878232325043887	TRUE	0.0169825339883425	0.945076998545377
ZNF507	0.750111304829249	FALSE	0.0453967660669249	0.886081580027795
COX15	0.799167954722026	FALSE	0.0126379080592645	0.91173814655328
NDN	0.150143299240516	FALSE	-0.0070788818279897	0.505719309595992
TMEM127	0.336558998577577	TRUE	-0.0491644085764369	0.663952057817336
EPHA5	0.356101893389831	FALSE	0.000460693754759347	0.674772621849481
PCK1	0.614252567838525	TRUE	-0.018789021433844	0.814240850449531
FLT4	0.29717508362687	FALSE	0.0103705925487572	0.637851816852321
DMTF1	0.000592751723500678	TRUE	-0.198481533635146	0.0596564830915802
SRBD1	0.793298382828678	FALSE	0.0176783515662322	0.908331855285709
FSCN3	0.658736623395485	FALSE	0.00409284406401245	0.838694652221132
MPDZ	0.164169876079179	TRUE	0.0288779682934797	0.520703768558187
TMEM143	0.646732214044183	TRUE	-0.0233937241324979	0.832515767698534
PON2	0.727997063631277	FALSE	-0.0027883667610928	0.874275342051788
CDYL	0.00161881154045976	TRUE	-0.119567467985809	0.088487202371257
RFC5	0.0017914772370447	FALSE	0.146889899018713	0.0906855374591511
UTP14A	0.844162062112303	TRUE	0.0233798165093759	0.929857550251739
IFNW1	0.247242572979379	TRUE	-0.0391395874579485	0.599989859026844
ARAP2	0.88616203756845	FALSE	-0.0288318576158595	0.94809127704191
TRAPPC8	0.256092026849199	FALSE	-0.00236708952036935	0.606733700886558
C1RL	0.074262612385098	FALSE	0.0306952731299611	0.393923455816058
MCCC1	0.428389620914622	TRUE	-0.0478799780745977	0.716446889609277
NARF	0.576496164533721	TRUE	-0.0312947570933089	0.796672300675748
KLHL11	0.865225012554128	TRUE	-0.0221559522203178	0.9385859092255
MAGED1	0.848474897133564	FALSE	0.013566551608589	0.932253277292537
KRIT1	0.0220978028435468	TRUE	0.154809766822363	0.252587687946549
PGAP1	0.121916395360459	TRUE	-0.0501122365278981	0.472101262772059
FEZ1	0.318831010980211	FALSE	-0.0046827401194496	0.65127451513324
APC2	0.17130072588218	FALSE	0.026179560195962	0.528107376503001
USE1	0.685574605847565	FALSE	0.0149936265015201	0.853107305839626
GIPC1	0.881520902278454	TRUE	-0.0213935623842247	0.946127310643871
RCN2	0.499025095970843	FALSE	0.00372483409999895	0.754807791424133
TM6SF1	0.655235287560979	FALSE	0.000181613579062701	0.836962140999655
ATG9A	0.11791524233009	FALSE	0.0401357546268816	0.465176008090599
TOE1	0.0339646629408348	TRUE	-0.0582090121529366	0.298239834742115
ADAM17	4.96574057666503e-05	TRUE	0.168488545819872	0.0296350170520025
GABARAP	0.367325847425472	TRUE	0.0529302403703902	0.681575484201837
GP6	0.851844028306849	TRUE	0.0495271369378649	0.933259413129141
NOP10	0.400813894235704	TRUE	0.0608690903424245	0.701061934300499
RYR1	0.686232625148887	FALSE	0.00217786866277735	0.853107305839626
GRIK4	0.107915444164543	TRUE	-0.037609917067035	0.449211902122523
NUPL2	0.523638475573241	FALSE	-0.0052361399882108	0.767421051379731
ASNA1	0.882617353711953	TRUE	0.0214623595261694	0.946466610754346
HTR6	0.454141931792248	FALSE	0.0040549812090176	0.73066413026339
SPSB1	0.0997191501648725	FALSE	-0.0112977474969775	0.436274433552756
CD40LG	0.0752127659961947	FALSE	0.0108325932123332	0.394466953575787
FBXO22	0.0782710335564808	FALSE	-0.00655454911048415	0.400459458870542
SLC4A5	0.349460049941572	TRUE	-0.0380505484872131	0.670966479902986
PLCL2	0.609810473056239	TRUE	-0.0422366631354212	0.812340337639179
PEG3	0.888143158535109	FALSE	-0.0107807237005812	0.949168470285318
PRKDC	0.265352382699014	TRUE	0.0597248561063153	0.616573176563327
FBXO28	0.780089312478826	TRUE	0.0404156306089432	0.901307592642898
SHC3	0.413361716952618	TRUE	0.0316837167965937	0.707662245823443
APEX2	0.767878967358389	TRUE	0.0357355140621549	0.895959917620072
NCBP1	0.292029882440062	FALSE	-0.0054220095362125	0.634252605316474
EEF1D	0.261561280935727	FALSE	0.0138791073814897	0.612054270807065
SERPINB1	0.879128826299618	FALSE	0.0303901017966108	0.945682739911903
FOXB1	0.0254708279277299	FALSE	-0.0127172717296426	0.263997913960265
SPP2	0.0282027387081358	TRUE	-0.0555165892341871	0.278092377100709
GART	0.185925646591688	FALSE	-0.017013094559569	0.541973872200225
ANKRD7	0.849409957888546	TRUE	-0.0168417499463718	0.932285974978616
NFATC4	0.186974037730079	FALSE	0.0304525751516511	0.542502204150811
RYR3	0.739403525866568	TRUE	-0.0514880233652702	0.879758297985416
ERO1LB	0.813514233068878	TRUE	0.0292156545828668	0.917854516295324
TG	0.841514790571931	TRUE	-0.0165795503817461	0.928685549766039
EFHD1	0.636797715322227	FALSE	-0.0020640664549916	0.82728833042473
GLMN	0.490798372276066	TRUE	0.0463396574390158	0.750160457110732
ASAP1	0.336200988297793	TRUE	0.0558723604665392	0.663637038586754
POU6F2	0.595239718057748	FALSE	0.00275536982756195	0.805981546323268
GNPDA1	0.787872766743795	FALSE	0.0138884491365418	0.90531914289703
ERC2	0.0755639267817279	TRUE	-0.0316293019870124	0.395029675324119
NCKIPSD	0.637848537568084	TRUE	-0.027891281499929	0.827569999025589
ALG6	0.499136942963468	FALSE	0.0082036362156135	0.754807791424133
IGF1R	0.0206061293349631	TRUE	0.089397078940596	0.244440843767785
CLEC2D	0.183747895338039	FALSE	-0.0356355633034069	0.540603686224248
SLCO3A1	0.505790363728874	TRUE	-0.0317718896016124	0.757680420084986
C7orf49	0.832945768367464	FALSE	-0.0145372051713961	0.924656720763376
PLEKHA1	0.0180615385570357	FALSE	-0.0206105049337772	0.228316372015862
RBMS3	0.165780023916397	FALSE	-0.0200672685607688	0.52198983801595
RELA	0.679199393116768	FALSE	0.00124176098021335	0.849767396949248
PAX3	0.17899548999665	FALSE	-0.0104930546716551	0.536643038851454
CTDSPL	0.863246583116333	TRUE	0.0571474900655181	0.937300473803612
FBXL4	0.427069132842383	TRUE	0.0399355535455173	0.715815877863958
PLD1	0.607905683573516	FALSE	0.0161596145147076	0.811245244145841
ANKRD1	0.894355308306969	FALSE	-0.0160274804150537	0.951013653239893
ATP8B1	0.44894388569497	TRUE	-0.0575083721263381	0.727054639744368
RBFOX2	0.274947599023403	TRUE	-0.0292932717555141	0.625261112034014
CLUL1	0.882173838002511	TRUE	0.0171257171710844	0.946256973998603
CYP7A1	0.211279598396467	TRUE	-0.0307877690918077	0.567983924594803
RAB40C	0.00323498214719665	FALSE	0.0653405318311926	0.115119738188728
TTC18	0.869567004061179	FALSE	0.00988036182127595	0.941021211972677
MMP1	0.892298892603776	FALSE	0.0255221877073848	0.950440789977995
IQCK	0.801552864725214	TRUE	0.016389985438225	0.913448033479317
CDH5	0.139352998073635	FALSE	0.0062992394755579	0.494097450017809
IL2RG	0.844826861233147	TRUE	0.0684857727376639	0.930282361083196
MAGEC3	0.0658074690619677	TRUE	-0.042429616363679	0.378270276031726
CDSN	0.326412551201323	TRUE	-0.0358753574806698	0.657300905470371
RGS19	0.151561205327837	TRUE	0.0843912446276393	0.507221232094814
GOLGA4	0.910912800750807	FALSE	-0.0434194601682205	0.959661827344923
AAGAB	0.891757811078371	TRUE	-0.0179249774266155	0.950381753701037
CD28	0.884329160634959	FALSE	0.0575636479425514	0.947501497915506
NNAT	0.889031907480364	TRUE	-0.0215439106093269	0.949181862390949
ETAA1	0.545237772799923	TRUE	0.0272868630777614	0.778548181057591
DLEU2	0.722569151816398	TRUE	-0.0603541598849289	0.872045075209563
NOS1	0.0119875136431513	TRUE	-0.0573903636153106	0.193780590549037
HADHB	0.607556040160736	FALSE	0.00307713351536165	0.811209153823491
USP39	0.833695458873676	FALSE	-0.00814147759329265	0.924985244258121
MINA	0.517605902547573	TRUE	0.0497216478887701	0.764100999922941
MATN3	0.766819828357607	TRUE	-0.0246582094751391	0.895715767429744
G6PC	0.271088264409999	TRUE	-0.0247891173489618	0.620232007696728
FCGR1A	0.732595158785065	TRUE	0.125021351282641	0.876816065312877
CLMN	0.182585418353634	FALSE	0.0296295272686182	0.539150015289546
CD151	0.523383205700815	FALSE	-0.0081866077465844	0.767344474973046
MUTYH	0.597048268788389	TRUE	-0.0275936119302878	0.806904686506739
UBE2D3	0.0320155402155361	TRUE	-0.145261688794031	0.293522633342692
ZNF330	0.665424664655016	TRUE	-0.0326378966126617	0.842009850744696
LONRF3	0.46727914002989	FALSE	0.00207020748998055	0.738100295762821
RPS27L	0.0172255528318282	TRUE	0.124836653365164	0.225247646188818
TNFRSF10C	0.0466836991936015	FALSE	0.0438155379642653	0.334028893265042
HIST1H1C	0.12716928141112	TRUE	-0.0702706352059632	0.477954320979065
SIX1	0.0845879265354196	FALSE	-0.0114872519451339	0.413451828185956
RPL11	0.82839083321994	TRUE	-0.0549169888109066	0.923166592473307
WFS1	0.624771648042478	FALSE	-0.0151661185518149	0.820617952725246
PDGFRB	0.0531222651692958	TRUE	-0.0513603702918819	0.347786552196209
PPDPF	0.811372528901591	TRUE	-0.0370727363616883	0.916532487070645
DCAF4	0.521557155401784	TRUE	-0.0335605019119583	0.766451086716022
MECP2	0.569465030747197	TRUE	0.0293316304953008	0.792824170692567
ASTN2	0.012632154666033	FALSE	0.0282138678802734	0.197294768261912
CHD1	0.466499207186922	TRUE	0.0614622597347827	0.738100295762821
LPIN2	0.863730716007773	TRUE	-0.0228553327506997	0.937568695080618
UTP18	0.888202962759155	TRUE	0.0228467755716757	0.949168470285318
CST3	0.835814440821123	TRUE	0.0313938403933811	0.926150683521032
KLRB1	0.811087229960934	TRUE	-0.084416468546735	0.91639279598715
ST8SIA1	0.577452088224248	FALSE	0.0138886073943967	0.79720088137536
BCORL1	0.380719836840935	TRUE	0.0343692027934583	0.68928344722008
NCKAP1	0.534870906785483	FALSE	0.0321474606293219	0.77416394264349
BANK1	0.813198338750476	FALSE	0.040804875187728	0.91758940820894
CNTN6	0.832082047766	TRUE	-0.0110334862618817	0.924363509318965
AP1S1	0.812772109985108	TRUE	-0.0231357207278182	0.917412732537766
WBP11	0.493456607306129	TRUE	0.0407587041736912	0.751119476547641
ACSL6	0.900064468367768	FALSE	0.00896981240126358	0.954440382196027
IREB2	0.00677997119964138	TRUE	0.110756005312101	0.15552284683168
CNBP	0.832480570094726	FALSE	0.0170611831378978	0.924549896077036
HDAC9	0.64602015254767	FALSE	0.023529388746629	0.832428799168064
PLAC4	0.0154708715188346	TRUE	-0.060372633508674	0.214980652147139
TNK1	0.0134891681394269	TRUE	-0.0703954248278068	0.203125733775514
C1orf116	0.590159402475504	TRUE	0.0329667363382345	0.803628853689173
HSF2	0.345014725080539	FALSE	-0.000188010535451699	0.667423540720056
PDE1A	0.163383106046832	TRUE	-0.0297838720862775	0.520605337519288
PSMD4	0.564298221464876	TRUE	-0.105330152684736	0.789265762080945
PLA2G15	0.843742782409978	TRUE	0.0364662064851839	0.929622824947233
SLC12A1	0.727417137070228	FALSE	0.00503161482915226	0.874150218367694
RBM38	0.0225232355239726	FALSE	0.05633844868282	0.255390967606326
CDON	0.144422896037564	TRUE	-0.0370063441766902	0.49894156195605
RPL22	0.133831931607733	FALSE	-0.282530777810421	0.48768526756484
ANXA4	0.421964983934838	FALSE	0.00777556707338165	0.712957972409049
GADD45A	0.647661671674458	FALSE	-0.0077829721550846	0.832515767698534
NADK	0.707169184187772	FALSE	-0.0061704383792405	0.86470557979644
GGT5	0.533306267301861	FALSE	-0.006997037672297	0.773491911606011
EIF5	0.884222794433553	FALSE	-0.0161716732113098	0.947501497915506
DIXDC1	0.292353787447264	TRUE	0.0278197857087612	0.634304117214413
HINT1	0.694071040214251	TRUE	-0.0522567647995471	0.85712133285302
CHST8	0.679725163113296	FALSE	-0.0036475428404059	0.850144912827378
SLC6A14	0.57914136763788	FALSE	0.0052460141578101	0.797839490184047
CRISP3	0.0736104845993345	TRUE	0.454842136391448	0.392785545822049
PRRX2	0.0810141073134519	TRUE	-0.0615445879558041	0.404677957192613
GSTM3	0.836084037126662	FALSE	0.0168597439092495	0.926177891459478
MCF2	0.0250334553984641	TRUE	0.0531649469758986	0.262356954225944
DKKL1	0.160812291357735	FALSE	-0.00875714487917725	0.517262277639015
SLC38A6	0.806466530503071	TRUE	0.0379108440617242	0.915584893598886
ACVR2B	0.892047946923543	TRUE	0.0150214270665212	0.950440789977995
APIP	0.586438127617724	FALSE	-0.0092519920016736	0.801755201635694
PITPNM3	0.363183485520814	TRUE	-0.0317450835036919	0.68000262661663
TCTA	0.83277585237301	FALSE	-0.00559855711075085	0.924656720763376
POLDIP3	0.213089582274558	FALSE	0.0343327813888772	0.56926492925149
RND2	0.756918536043099	TRUE	-0.0229923838001697	0.889918541403264
CCT8	0.720826479480656	TRUE	-0.151913253776336	0.871648869663129
NSUN5	0.324644810042196	TRUE	-0.0515335414347379	0.655871129901919
UAP1	0.562737454282917	TRUE	0.0525951917043228	0.788871878379203
IFNGR2	0.833554070590604	FALSE	-0.0152003265814313	0.924985244258121
ATG12	0.846001382301247	FALSE	-0.0026433355062605	0.930963383031923
NASP	0.0877924414870751	TRUE	-0.075555143007424	0.4184038099236
DPP6	0.110705660486219	FALSE	-0.0204049917119296	0.454006280439059
AGFG1	0.656836016679588	TRUE	0.0383681052138547	0.838093795569203
MYL9	0.580294085173058	FALSE	-0.0136516633064953	0.797860389447958
PHEX	0.0855681022103247	TRUE	-0.0419570962581171	0.414931437736174
B4GALNT1	0.821419414420876	FALSE	-0.013695046452332	0.920909110156052
AMELX	0.339607068236478	FALSE	-0.0100855859101472	0.665849191793585
PSMD1	0.301397878904702	FALSE	0.0022370528310658	0.640230526208396
CA9	0.359267268610359	TRUE	-0.0387103292991475	0.676587204579448
TRPM3	0.691796853079659	FALSE	0.00172375305951045	0.856082562159801
YAP1	0.629058265523047	TRUE	-0.0218647561653618	0.823213400256068
ZBTB40	0.8658200417504	TRUE	-0.0250187847982324	0.938711098888289
NPFFR1	0.594089896188901	TRUE	-0.0338624467220825	0.805576041865278
KCNJ1	0.699453203517503	TRUE	0.0206305590484827	0.860469061668781
RNF138	0.77389048834179	FALSE	-0.00509249529896705	0.898434711427007
ZBBX	0.866484905303127	FALSE	-0.00895513991129392	0.938711098888289
CTLA4	0.61141882749713	FALSE	-0.0156874791302717	0.812924103222644
CCDC144A	0.838579877189653	FALSE	0.0335404524368914	0.92732919364605
MEF2A	0.0598201683754618	FALSE	-0.0495086829306154	0.362533879855351
HSPA12A	0.0706743484651841	TRUE	-0.0424883321969109	0.38770025991617
SYNGR2	0.639678608570638	FALSE	-0.00373468754472215	0.828476955177894
ALCAM	0.910568337111556	TRUE	0.036183615984378	0.959477220937453
PAX2	0.831688178552501	FALSE	-0.0129678092673893	0.924280799837061
CFP	0.638709925921116	FALSE	0.00906509429175095	0.827937540501811
AGTPBP1	0.488840907322791	FALSE	-0.0228937704446652	0.749860260840521
MYCT1	0.308876945060352	FALSE	0.0400691601843551	0.64439721071642
DDX23	0.461179968657971	FALSE	-0.0079159950113166	0.734351869767271
NIPSNAP3B	0.794527092923319	FALSE	-0.0153816529231205	0.908994922433686
TRPC6	0.676414862727212	FALSE	0.008959022601823	0.84860784647197
GK3P	0.903527584580804	TRUE	-0.0353339028444783	0.956324025162115
LDHA	0.0330575505294522	TRUE	0.0815245071284602	0.295381848269077
IMMT	0.0339784920301217	FALSE	-0.041884400252494	0.298239834742115
C1QB	0.480471900818535	TRUE	-0.0468412644556206	0.747027407566346
TRAPPC2L	0.895508087199663	TRUE	-0.0140927794225729	0.951632970251015
EIF5B	0.00100238968580089	FALSE	-0.0697785174553786	0.0733296557890081
ITGB1BP1	0.914885386777818	FALSE	-0.0208342216917785	0.961613403844427
GAD2	0.898027904274484	FALSE	0.00837494683100415	0.952993767577761
ZFAND5	0.806603953192146	FALSE	-0.0265373828157713	0.915584893598886
TLX1	0.111176293620616	FALSE	0.0209008401933781	0.454608003376908
PTPRC	0.235074850242489	FALSE	0.011956681338142	0.589686245243683
BRWD1	0.499222771655719	FALSE	0.0174518317913668	0.754807791424133
NT5C2	0.747378656505979	FALSE	0.0105834679504921	0.884309589471711
KIF13A	0.181119597863657	TRUE	-0.050019756620109	0.537587636872547
CDH8	0.873956193282423	FALSE	0.011959303581134	0.942915467022099
KCNH2	0.521802463219999	TRUE	-0.0296641078710383	0.76651355492312
CRYAA	0.262243108474908	TRUE	-0.0479530100414563	0.612855442497317
AOC3	0.0797590646113669	FALSE	-0.00166627529804365	0.40324182568523
S1PR2	0.570483333517353	FALSE	-0.0031881945104852	0.793102063532074
ASB4	0.916614793723539	TRUE	-0.0140254601930536	0.962182479728866
TCN2	0.0104205154735126	FALSE	-0.027770458511628	0.186080649983383
OSBPL10	0.835962269695933	TRUE	-0.0358638983095231	0.926177891459478
ITPR3	0.329662510671914	TRUE	-0.0554049228657405	0.659965255739554
NPTN	0.305153934040998	TRUE	0.0471976562574907	0.643439232326714
CACNA1E	0.306164727555014	TRUE	-0.0243479764996404	0.643439232326714
PRPF38B	0.154425079667931	FALSE	0.00715734003321925	0.511600895024217
ZDHHC3	0.846946947860666	FALSE	0.0202165273196955	0.931205481616441
RAP2A	0.112903830698206	TRUE	0.103350896658161	0.458694566924742
ITPR2	0.254502906812593	FALSE	0.0024710528509173	0.605880424175519
ZNF165	0.818870811921575	FALSE	-0.00943384806195402	0.920375123762409
PDE8A	0.00244112568708155	FALSE	-0.053013998999828	0.104848197597794
GUF1	0.268429736879968	FALSE	0.00430190785712225	0.618987021170051
HIST1H2AC	0.305441024677791	FALSE	-0.0775870475339805	0.643439232326714
UTY	0.90780924690771	FALSE	-0.00682931212399705	0.958261874016619
RAD54L2	0.0950777750693958	TRUE	-0.0503117082565208	0.428492405211399
RPP21	0.086649059266245	TRUE	-0.0606865873417636	0.417421760079403
TFAP2A	0.586252236791025	FALSE	-0.00346645410560645	0.801678016518744
CDK5RAP2	0.710487983015725	FALSE	-0.0128352376866512	0.866320186024866
TSPAN1	0.70284984230843	FALSE	0.000900314415208251	0.862859306748589
IL12B	0.742539338455678	FALSE	-0.0108631305449869	0.88133903487978
DNTTIP2	0.900736677104385	FALSE	0.0275651796444949	0.954457595987604
XIAP	0.432499318882192	TRUE	0.0401352426861195	0.718881847814073
EDC4	0.859478418643707	FALSE	-0.00772795403157866	0.935977110689344
SETD2	0.837144853865011	FALSE	0.0100031326730247	0.926541169947871
FAM105A	0.825664852426327	TRUE	0.0355201273646873	0.922144447676336
MDH2	0.893631810124553	TRUE	0.0239065183619651	0.950973316671268
SLC35E3	0.478194927494195	FALSE	0.000825608118862699	0.744814874018775
SLC4A10	0.354079120644568	FALSE	0.0116689843456376	0.673119961949772
GBX2	0.572493561004323	TRUE	0.0297313944220288	0.794262142203355
MTPAP	0.379019537046199	TRUE	0.0570566867411242	0.688072771464433
RAB2A	0.000367181733062567	TRUE	0.133265073397465	0.0454972172962296
PLXDC1	0.647208606273081	TRUE	-0.0395378599926728	0.832515767698534
KLK5	0.225368850423229	TRUE	-0.0410981078239807	0.578943678058223
HCFC1	0.0355183666580412	TRUE	0.0701696012935805	0.302359429080728
RIMBP2	0.0329057003097327	TRUE	-0.0454910270892843	0.294875628935684
KIF18A	0.535905963366404	FALSE	-0.0155583893618814	0.774488620776403
ATAT1	0.0948275842673641	TRUE	-0.0506205749877973	0.428492405211399
PAPSS2	0.795291155257897	FALSE	0.0203266045256188	0.909419766989642
ACOX1	0.753598992042934	FALSE	0.0113956969898723	0.887798334625956
HSPA4L	0.349292874248184	TRUE	-0.0303373821146678	0.670966479902986
APOA2	0.36039454483102	FALSE	0.0031531608495934	0.677445364772113
HIST1H1A	0.836472403741515	FALSE	0.0154769686417975	0.926271740593175
TBC1D5	0.307924267595169	FALSE	-0.0052032980593335	0.643710359320379
CCR10	0.830846117648035	TRUE	0.0288297680402536	0.92388440063429
TSPAN15	0.843647824610921	FALSE	-0.0213067872621466	0.929622824947233
TFDP3	0.201182990776596	FALSE	-0.00322583800453245	0.557296894816912
L1TD1	0.86594206929725	FALSE	-0.017781427511761	0.938711098888289
UPK1B	0.739116588947161	TRUE	-0.0182797016492695	0.879758297985416
KRTAP1-1	0.740175055299733	TRUE	0.0246620314206965	0.880122163595184
KLK2	0.219506764849676	FALSE	0.0178410626325261	0.572950707129812
ANGEL2	0.58535894002217	FALSE	-0.00913384062108635	0.801109532156888
GRM4	0.389960112889813	TRUE	-0.0448320117432255	0.69396648904483
SHBG	0.46792648818686	TRUE	0.0310446232905819	0.73814947823467
GYPC	0.897373038762572	FALSE	-0.0154412813075502	0.952655452347983
DGKA	0.911844954785622	TRUE	-0.0386405914251888	0.96046539176165
UMPS	0.263465958086142	FALSE	-0.0101324506817883	0.614170543555938
ZBED4	0.860379573283311	TRUE	-0.0122461699531295	0.936261418566167
TUBB1	0.807935772036127	TRUE	0.0907493810034651	0.916094553317454
C1orf54	0.282508769648012	FALSE	-0.0044203121190742	0.628633272459229
MAP4K5	0.417035368787406	FALSE	-0.0029782732992469	0.708853619315971
DLG2	0.185982304183231	TRUE	-0.0342599883233166	0.541973872200225
GALR2	0.51128441061248	FALSE	-0.0043054854428042	0.760499382193425
GLRX	0.185729274961775	TRUE	0.0715570538137192	0.541941391866074
DKK3	0.772298917373911	TRUE	-0.0185548697954423	0.897632138487336
NFIB	0.189525591298632	FALSE	0.00654252767776685	0.545716272152157
SNTB1	0.248176254459595	TRUE	0.0478889326314325	0.600434015686753
TRIP12	0.170120609940562	TRUE	0.0636579544721982	0.52733188473758
PNLIP	0.658576893261893	TRUE	-0.0179033644974411	0.838585445558294
VCAN	0.695464470073409	FALSE	-0.0090826450066146	0.857900638830255
PES1	0.348165718989993	FALSE	0.0105642296273238	0.669922125848894
TAP1	0.707570106595211	FALSE	-0.00279052456473035	0.864935040823964
GRIK5	0.44949858534421	TRUE	-0.0372814798672257	0.727292302970605
DTX2	0.0189767016735309	FALSE	0.0538092470140995	0.23490919244123
SLC41A3	0.00292143839740517	TRUE	-0.0837038720098841	0.113095185309455
CRYZL1	0.678121667403443	TRUE	-0.0573102966153378	0.849262379797619
CCDC91	0.714921742203155	TRUE	0.0510739648697309	0.868230657519218
SLC2A5	0.143470748069191	FALSE	0.0424703815185237	0.498085661632712
ARG2	0.897039786831894	FALSE	-0.0260715910011973	0.952569221098225
SLC5A4	0.666674216086959	TRUE	0.0222094521530098	0.842600339842784
NDUFA8	0.0505532594594582	FALSE	-0.0520639551360629	0.342948264819582
SFTPC	0.0325648854708145	FALSE	0.032457442760153	0.293757546820657
VAV2	0.642702877848024	TRUE	-0.0294057264459067	0.830625034250087
THADA	0.763700603750435	TRUE	-0.0325446419638471	0.893892076085605
NEUROD4	0.24493974182013	TRUE	-0.0341029607782728	0.597921788104439
LEPREL2	0.483389201015297	FALSE	0.0146864673343749	0.749200403268514
RASA2	0.879350651417031	FALSE	0.027829882303871	0.945710412434724
PSKH1	0.914287087244409	TRUE	0.0111009080682458	0.961372894567275
C8G	0.775583806991549	TRUE	-0.0286466063472348	0.898813986397949
SPC25	0.794508871967089	FALSE	-0.0198292811843252	0.908994922433686
FAH	0.617434380797749	FALSE	0.002793868187533	0.816548687178176
CBS	0.880632152921954	TRUE	-0.015251240371946	0.945753193904748
CKLF	0.550495642948492	TRUE	0.0604978643716452	0.782018303106108
SPATA1	0.0215821034102533	TRUE	0.0345142696783398	0.250224407534624
CYP27A1	0.875941167215015	TRUE	-0.0376604139257948	0.943865522669491
GABRQ	0.0310868483978741	TRUE	-0.0564514429999608	0.290147132064376
MEF2D	0.443620344430323	FALSE	0.0072578262113776	0.723450524111697
ITPA	0.126890294109719	TRUE	-0.0497654658752036	0.477954320979065
RPS15A	0.739394411009803	TRUE	-0.0319804288266185	0.879758297985416
CXorf21	0.799419765654567	TRUE	0.0621153526773481	0.911933674321643
TRPC7	0.163780329550032	FALSE	0.0129862686353213	0.520703768558187
CDC45	0.515145648093278	TRUE	-0.0279970016275368	0.762886629789854
CASKIN2	0.269796388872712	FALSE	0.0137236515870756	0.619682683045548
PLEKHF2	0.131580704122795	TRUE	0.116359110163834	0.485043434346024
FNDC3B	0.716064081337704	TRUE	0.0446419755921141	0.868390440458634
XYLT2	0.778965174590943	TRUE	0.016388412892955	0.901098967669426
DFNA5	0.643156143368219	TRUE	-0.0331289213008876	0.830892959969493
SOX1	0.866579660965297	FALSE	-0.0173430912187999	0.938711098888289
HIST1H4I	0.200136766758078	TRUE	-0.0461982910777694	0.556352217678704
PYGO1	0.893361010055687	FALSE	-0.0168170144243289	0.950888997749125
PAFAH1B3	0.168863205601729	TRUE	0.0681276494246204	0.526304167374275
USP47	0.685209576274675	FALSE	0.00610696710593885	0.853107305839626
HNF4A	0.915315089979933	FALSE	-0.0120358054043273	0.961735755959765
ALOX5AP	0.717384003361565	FALSE	0.0377719658157991	0.869428050905855
PILRA	0.309199444663441	FALSE	0.0145962559289172	0.64439721071642
MLYCD	0.088235497493502	FALSE	-0.0366447243101135	0.418445130104065
INSL4	0.628166946232103	TRUE	0.0259912078981683	0.822594713202353
ZMYND10	0.297296741886279	TRUE	-0.0282438225486729	0.637851816852321
AQP9	0.916391468459194	TRUE	0.0720870215349202	0.962055021934313
ACADS	0.385481423099035	FALSE	0.0126210558730739	0.691063060319362
EPS8	0.816175217318545	FALSE	-0.0225275837211228	0.919484430121707
C9orf3	0.475343646089991	FALSE	0.00925337770637525	0.743542051975631
RHOA	0.00930387269455274	TRUE	0.0496270155027281	0.177587640860642
MUL1	0.567523463118343	TRUE	0.039278967249595	0.791726851102111
PCBP4	0.675831163749963	FALSE	0.0045993944529368	0.848328681483275
CYP3A4	0.58290136684748	FALSE	-0.00181761649106305	0.799802037804599
XRCC6	0.655231666926181	FALSE	-0.016208443246326	0.836962140999655
ZNF516	0.625972139020856	FALSE	-0.002076184949626	0.821135826510583
CYB5A	0.807995557608947	FALSE	-0.0249020521618561	0.916094553317454
LSM5	0.344534494633611	TRUE	0.113357064953241	0.667351662905794
CCT2	0.193189857258515	FALSE	-0.0197840261353779	0.549499453723677
ATP5S	0.239372535997978	TRUE	-0.0455955569113051	0.593147986381353
PDE5A	0.251084335925989	TRUE	0.0820113262249374	0.603271251468065
VGLL4	0.671827475330655	FALSE	-0.00253090726163175	0.845945106141041
APOF	0.806675142946658	TRUE	0.0210362984035441	0.915584893598886
HOXD11	0.286049238618627	TRUE	-0.0327799707123439	0.631402047244814
KIF16B	0.518681329290752	TRUE	0.0332267601981728	0.764603171194466
DDX18	0.215771244750204	FALSE	0.0017687355430938	0.571342953275383
GRHPR	0.599132782779381	FALSE	-0.0072497015225306	0.807981822292757
CROT	0.642466799168247	TRUE	0.0294156740696176	0.830625034250087
APAF1	0.154229872739712	TRUE	0.088744181418572	0.511600895024217
AEBP1	0.878373289260031	TRUE	-0.019427626277055	0.945138994773153
ZNF266	0.798119087785756	TRUE	-0.0410336536401657	0.911003156523871
ALKBH4	0.211317337751958	TRUE	-0.0396365536717935	0.567983924594803
GNB1	0.216313969359902	FALSE	0.0765435464450877	0.571802378496795
NAE1	0.828247140505561	FALSE	0.0177612184657821	0.923166592473307
ABHD11	0.433157674641125	FALSE	-0.00484466210102765	0.719012571037288
NID1	0.155212720365477	TRUE	0.105484165294031	0.512698469880197
CDKL1	0.26258252320244	FALSE	-0.00196889066856575	0.613269460472186
LRRC37BP1	0.846442824312656	FALSE	0.0290016316450679	0.931076031168973
NDST3	0.400827632072505	TRUE	-0.0223368785608212	0.701061934300499
GPR137B	0.818354148648653	TRUE	0.0525334112012068	0.920375123762409
CYP2A7	0.909281268254568	FALSE	0.0151403035341562	0.958995019968187
CD72	0.888858825006124	FALSE	-0.0160588551005376	0.949181862390949
INPP4B	0.592653638050825	TRUE	0.0577196397039135	0.804323601764962
CNKSR1	0.693203021257202	FALSE	-0.00165960882213765	0.856640132080486
FOXG1	0.241300541653545	TRUE	-0.0415904071536386	0.595572936481889
CASZ1	0.667827256077558	TRUE	-0.0232650264681431	0.843044772614943
ZNF688	0.770571134448953	FALSE	-0.0053009040551446	0.896916763184755
MNAT1	0.567737665666183	FALSE	0.0033403962765579	0.791750389878272
HYDIN	0.292013911568573	FALSE	0.0101705518880468	0.634252605316474
EIF4E	0.468789311034931	FALSE	-0.00523324896471244	0.738585799336541
CALD1	0.837737209716116	FALSE	0.0271081434098197	0.926922543029961
ZNF141	0.671523033307679	TRUE	0.0345110831526383	0.845856440199486
SSTR3	0.307266816194923	TRUE	-0.0415728636200692	0.643439232326714
TUBA3C	0.185351754784491	FALSE	-0.00787450203397985	0.541808774377569
RNF40	0.154506096316007	FALSE	0.0352389669436955	0.511600895024217
IFRD2	0.588441846073314	TRUE	-0.0283710016475491	0.802665439616218
OLFML1	0.791493076283192	TRUE	0.0166346056836275	0.907262824465007
EIF2B1	0.422817628485064	TRUE	-0.0313757351533663	0.713154136875637
ITIH1	0.434988330324321	FALSE	0.00226581775480205	0.719714220538262
SLCO2A1	0.919797526969994	FALSE	-0.0121909675145453	0.963382981554846
ORC6	0.829310463130449	FALSE	-0.00982633023772105	0.923276381739061
CDC37L1	0.418172481227902	FALSE	-0.00743596802369155	0.70982900668311
RBM3	0.639266228894706	TRUE	-0.15467027148943	0.828066587095358
PSMC3	0.913839797469657	TRUE	-0.0129944341847192	0.961342139600098
ANKH	0.0146665960233489	TRUE	0.0517262884402307	0.210778874916037
HEPH	0.6023732201467	TRUE	-0.0172833785097999	0.809086702587471
IFNA5	0.411115900710242	TRUE	0.0407646293839217	0.706388751268942
MRPL41	0.0168357642694363	FALSE	-0.0167342998663135	0.222495024535126
PMFBP1	0.806910264942321	FALSE	0.00166905088857525	0.915584893598886
PI4K2A	0.9119658257899	TRUE	-0.0234991876756658	0.960503483060717
IVNS1ABP	0.20843488594004	TRUE	-0.0752144461789157	0.565359779936547
SORD	0.668219676836439	FALSE	-0.0106186371972021	0.843194181576717
UGT2A3	0.616733170418773	TRUE	-0.023836026409334	0.816192509264527
OAT	0.127337136713031	TRUE	0.0935401719731661	0.477954320979065
HOXA7	0.517826284030465	FALSE	-0.0031511051010278	0.764100999922941
THOC2	0.00597553492127882	FALSE	-0.0472316481404399	0.14825975358844
DNAJA2	0.917971946264644	TRUE	0.0314655909441814	0.962626828696457
TNNT2	0.157185877666041	FALSE	0.0105838656548527	0.513839601437756
TMEM39A	0.694132110171154	FALSE	0.0140636953558268	0.85712133285302
CLDN18	0.6267795128745	FALSE	-0.00011341273080845	0.821581974191131
KCNV2	0.586199073362674	TRUE	-0.0243029522878922	0.801678016518744
ADAMTS12	0.26876243072245	TRUE	-0.0359866554549639	0.618987021170051
RGS3	0.0927121472876697	TRUE	-0.0554823999591382	0.425440322984576
TLE1	0.83082435141163	TRUE	-0.0209907498712169	0.92388440063429
SLN	0.407793277792793	FALSE	-0.0059711914189031	0.705688362810524
APOB	0.880011471729961	TRUE	0.00948050892180908	0.945710412434724
ATOH1	0.309145157512235	FALSE	0.0013472952596243	0.64439721071642
CSN3	0.292793654514304	TRUE	-0.0343749996911531	0.634433786427786
PRPF18	0.57610089076132	TRUE	0.0548918559259159	0.796534379337175
TAPT1	0.123702985352482	FALSE	-0.0093631635845588	0.475158587707246
WWOX	0.340192356504178	TRUE	-0.0316966175263214	0.665879704885357
TDRKH	0.805234066578118	TRUE	0.0177878921007864	0.915526830535374
COMT	0.90745011308219	FALSE	-0.0157937858371922	0.958179244489744
ARHGEF5	0.917649884647394	FALSE	-0.0170474638559615	0.962465826946971
TPD52	0.816691114985163	FALSE	-0.0149112078381033	0.919868625778882
HAP1	0.416979530121582	FALSE	0.00491835818170295	0.708853619315971
LYZ	0.672704467461107	FALSE	-0.0542759914233393	0.846373624463976
HEG1	0.110937833685004	TRUE	0.0696702350349772	0.454288225407822
DECR1	0.36589972548912	TRUE	0.0541791802698341	0.681158592566268
BRD3	0.889585853426624	FALSE	-0.00998533283335677	0.94927667908945
PDGFC	0.728580888365198	FALSE	0.010747653178095	0.874775380471514
LTBP1	0.10049172403334	TRUE	0.124051006426238	0.437083106564651
MID1IP1	0.115560181359971	FALSE	0.0502880291164542	0.463222878076706
BCAS3	0.891093403675433	FALSE	-0.0121663635666374	0.950063741583025
PRKAR2B	0.872033560818864	TRUE	0.0751840973851483	0.941982332678393
SLC35D1	0.819144263510676	FALSE	0.0119060726846016	0.920375123762409
MYH8	0.253879490280837	TRUE	-0.0242143824079372	0.605790595632738
ARIH2	0.816759619396929	TRUE	-0.0191018345919822	0.919868625778882
KPNA2	0.926640928149519	FALSE	0.0446582743158861	0.966413728912889
KDM3B	0.0593175918727838	FALSE	-0.0344807596481278	0.360644597450668
KRT36	0.257337126902865	TRUE	-0.0316247116891981	0.60767805582292
PLS1	0.541147011750187	TRUE	0.0233460447320218	0.776785484539442
HOXD1	0.237934915760641	TRUE	-0.0403513241536846	0.591135847898754
CCNT2	0.744554965112274	TRUE	-0.0494836370305283	0.882922897867399
HIST1H1B	0.522861580931633	TRUE	-0.0355643351030301	0.766777996143791
UTS2	0.869777676701493	TRUE	0.0364147786010265	0.94106340488491
FTSJ3	0.437200556226301	TRUE	-0.0317714050658631	0.720277786255983
POU4F2	0.10174166779655	TRUE	-0.0366723237186068	0.438880124775976
IL20RA	0.925107491519809	TRUE	0.0107497963467717	0.965834280001938
ZNF646	0.824194121049907	TRUE	0.0209573711674791	0.921650605383125
KCNJ12	0.827827549245827	TRUE	-0.0250399804251429	0.922892201445131
NLGN4Y	0.219549415510983	FALSE	-0.0054135593858979	0.572950707129812
FAM163A	0.0223771629488434	TRUE	-0.0557793648795055	0.254243136950836
GTF3C3	0.515803372677039	FALSE	-0.0082211345575405	0.763537133522839
BRIP1	0.806075033590648	TRUE	0.0266385668031557	0.915584893598886
MFI2	0.370978451409552	TRUE	-0.0310220007151401	0.682766541232415
FOXN1	0.0116305742048854	TRUE	-0.0650134313024822	0.19340688654755
KIR3DL1	0.889957640483694	FALSE	0.0242281672742277	0.949471337616475
GLP1R	0.186467472268072	FALSE	-0.0257978649329518	0.54217914036826
GLI2	0.38009471688509	FALSE	0.0055391667258111	0.688862400328834
DKK2	0.0933979976947167	FALSE	-0.00600024757988745	0.426860095066664
CHRNB4	0.833721825206029	TRUE	0.023741483695304	0.924985244258121
C3orf36	0.915494283877104	FALSE	-0.0189341124475666	0.961735755959765
ZFHX3	0.778960288591931	TRUE	-0.0276657824776074	0.901098967669426
POP1	0.712138885379381	FALSE	0.0022283019725835	0.866793432939281
DST	0.343525418682741	TRUE	-0.0475732410744066	0.666846036636672
PPFIA2	0.343844370635326	FALSE	0.00874546222251335	0.667057181062751
COL5A1	0.191478027789023	TRUE	-0.0434513396010381	0.548382861190805
FUZ	0.627526523082912	FALSE	0.0033560817015941	0.822033646630908
AP1G1	0.526998534308333	TRUE	0.0427538757839767	0.769271778891966
ATP1A1	0.841575087031257	FALSE	0.0145297320297306	0.928685549766039
ENTPD5	0.810604311618942	TRUE	-0.0165942877633358	0.916168083655483
LRCH3	0.660605740891781	TRUE	0.0310898101165384	0.839883786202581
PGR	0.472471246402876	TRUE	-0.0217874608878623	0.741391237227485
SPTBN2	0.271859997315726	FALSE	0.0172963801181081	0.621132962180113
SNX11	0.216947173143298	TRUE	-0.0328615357301078	0.571802378496795
HHLA2	0.342017493000949	TRUE	-0.0232997943532536	0.666303315229786
PARK7	0.683046755934649	FALSE	0.0089159751420311	0.852042592468976
CPE	0.440007262239159	FALSE	-0.00547021323215445	0.721779014706024
COL11A2	0.900639055118108	TRUE	-0.0217771161271609	0.954457595987604
PTPN14	0.103881632522894	FALSE	-0.0128278095561925	0.443800242896057
EPHA7	0.607653258873498	FALSE	-0.0028603562449594	0.811209153823491
RCAN2	0.000118096491552524	TRUE	-0.0552158162900378	0.0359079766534698
C10orf2	0.132894981726339	TRUE	-0.0375940694270311	0.486501490719015
RINT1	0.722433929434934	FALSE	0.0099352454047712	0.872045075209563
INADL	0.298715362006078	TRUE	0.0553972865446419	0.638718514796343
TMPRSS11D	0.69030585166116	FALSE	0.000868492673694351	0.855215182391037
DDX17	0.886706915488528	TRUE	-0.0401182225808747	0.948346511481269
PDCD1LG2	0.432615820937615	TRUE	-0.0456079944546635	0.718881847814073
CACNG5	0.224027714835934	FALSE	0.00546073590518145	0.578337186286038
HN1	0.913440806178026	TRUE	0.0210757112436877	0.961164189054625
PLCL1	0.862418671878838	FALSE	-0.0205811644394958	0.937132077568621
TCF7L1	0.459146185886446	FALSE	0.00745819628878275	0.733585825245372
GGH	0.512039175001106	FALSE	0.00301159235163695	0.760745834032697
CEP72	0.830914518383442	TRUE	-0.018232964197546	0.92388440063429
KIAA0319	0.577039080506873	TRUE	-0.0155567174869548	0.79705763599311
MPP6	0.458513170970053	FALSE	0.0174237279735081	0.73340816608779
TAF5L	0.56535666654596	TRUE	0.0319099102435558	0.790109137461874
C1orf216	0.837714241922003	FALSE	0.0082307044152179	0.926922543029961
CCT3	0.054520881061354	TRUE	0.0658346718021434	0.349075251470747
COL15A1	0.0746575100580922	TRUE	-0.0272849975733602	0.393923455816058
ENO1	0.695042623356285	TRUE	-0.0383658598263033	0.857572176957227
FXYD1	0.676302314107747	TRUE	0.0295436856086027	0.84860784647197
ENOSF1	0.926760092671412	TRUE	-0.024849502907268	0.966413728912889
ABCC8	0.265993069002059	TRUE	-0.0324877708033377	0.617699780216937
ACAT2	0.218377988695198	TRUE	0.0426023267015969	0.572452846631042
KCNAB1	0.296277688727278	FALSE	-0.0196389385395133	0.637313407044525
RNF11	0.388836474647985	TRUE	0.0932051313385118	0.69335014501144
CIB1	0.0709489846444031	FALSE	-0.0433322615878131	0.388031421042701
ZDHHC17	0.795824624615673	FALSE	-0.00886854217544465	0.909735374451814
CENPJ	0.0541740536840549	TRUE	-0.0511891620531948	0.348788023910053
MBOAT2	0.818863092870822	FALSE	-0.0237853833682449	0.920375123762409
SLC12A8	0.828603850366188	FALSE	-0.00834887629758852	0.923166592473307
ZNF302	0.734491723789902	FALSE	0.0127939391350473	0.877505179228079
RNF115	0.291920530913725	TRUE	0.0474083581096867	0.634252605316474
PRELP	0.114612388033313	TRUE	-0.0456037455504368	0.461666027676638
S100A10	0.109146084720606	TRUE	0.0671674804126842	0.45250729603179
C18orf25	0.74592425550117	FALSE	0.0151813267784888	0.883540936883735
GGCT	0.195470227358091	FALSE	-0.0351350813910126	0.551215346434566
HSPA1L	0.442460931287868	FALSE	3.27349175708487e-05	0.722607590360526
EEF1E1	0.468143645715875	TRUE	0.0696634853138289	0.738150714575471
CCND3	0.416031649515959	FALSE	0.0289447333233532	0.708336613551641
CDC25A	0.368241190721286	TRUE	-0.0297105713261625	0.682012590916769
SLC17A3	0.08797769772308	FALSE	-0.0229719859526534	0.4184038099236
GNG3	0.849556139829623	FALSE	-0.0114164384089648	0.932285974978616
INTS5	0.0397863101467223	FALSE	0.0176592167605652	0.315649780659111
UBE2L6	0.759984946681888	TRUE	-0.0336391628535315	0.891716209775923
HNRNPF	0.16725897426524	TRUE	-0.0527730713821128	0.524833654896133
PART1	0.75122371807647	FALSE	0.0029032765062813	0.886565959540913
DAB1	0.0504892677919182	FALSE	-0.0149075763421584	0.342948264819582
S1PR1	0.877823880070841	FALSE	-0.0547420867207139	0.944727123777834
GCA	0.05411732426022	TRUE	0.12901338992445	0.348788023910053
TRPM8	0.150986341268628	TRUE	-0.0370242716107195	0.506818864311714
CYFIP1	0.619822077185214	TRUE	-0.0412936432332804	0.81760848455132
RNF128	0.136519566196553	TRUE	-0.030360478502002	0.489136716266414
GCC1	0.609733816782431	TRUE	0.0298237872773756	0.812333656267886
GOLPH3L	0.805927777496981	TRUE	-0.0399829443222593	0.915584893598886
ABCC2	0.130589313821274	TRUE	-0.0381749690576889	0.483290681489436
C12orf10	0.419575883207232	TRUE	0.0553321669068776	0.711465670657516
CDH15	0.857610153382834	TRUE	-0.0190495734579934	0.935762271863737
SERHL2	0.824760178938355	TRUE	-0.0179596410438227	0.921968175337928
DHRS3	0.142572105005835	FALSE	-0.0129722073317495	0.497599911417046
KIAA0753	0.207158043380153	FALSE	-0.00879768575763995	0.564926660386618
AMPH	0.300323161377569	TRUE	0.0314988804844303	0.639788564624894
LDB2	0.723736621375002	TRUE	0.0195845518184292	0.872746975991642
LETMD1	0.00114071617273591	FALSE	-0.051188937593106	0.0794464460801913
GNA13	0.772395870466614	TRUE	0.0333771224474391	0.897632138487336
SERPINA10	0.345199646415603	FALSE	0.0131372332766517	0.667423540720056
FAM13B	0.488414446950099	TRUE	0.0587355602640072	0.749854849317994
RPN1	0.766892526015691	FALSE	0.0032333162490046	0.895715767429744
GFPT1	0.157772262200048	TRUE	0.048433960858623	0.514814296715494
MZT2B	0.827493346839928	TRUE	-0.0268161847515564	0.922881321888825
CNGB1	0.222499640560575	FALSE	0.0289367819305597	0.576668211272311
CACNA1B	0.248174712920807	FALSE	0.0135122022257561	0.600434015686753
BBS9	0.0202842873430729	FALSE	-0.0183190627103676	0.242302356577516
YTHDC1	0.747440083384503	FALSE	0.00959218322490685	0.884309589471711
IL4R	0.856714521932963	FALSE	-0.0070613625933094	0.935753494356561
MPHOSPH9	0.561360465789418	FALSE	0.0109071379612003	0.787975528792549
RHOG	0.333281508651288	TRUE	0.0956685301526016	0.661911219007552
AATF	0.932805737290614	TRUE	-0.0161290163662198	0.969482102853189
PAX8	0.843567228535623	TRUE	-0.0200861533841379	0.929622824947233
DNAJC11	0.900404262403606	TRUE	-0.0149345809543351	0.954457595987604
DOCK9	0.834269425123701	FALSE	0.0375206047980265	0.925342953289411
RPE65	0.141056543736024	TRUE	-0.0249491565157314	0.496376019684525
PDCD2	0.555264223074221	TRUE	0.0326076805440065	0.783979706815912
DUSP4	0.880628031735515	TRUE	-0.014217098729874	0.945753193904748
CST8	0.702640773564289	TRUE	-0.0228680205187808	0.862722656355763
STK16	0.24744339344465	TRUE	0.0494402240277503	0.599989859026844
MYOM2	0.923763878493812	TRUE	-0.0114871039227209	0.965240717907384
CLCA2	0.330721489019777	FALSE	-0.002105012463673	0.66056307347869
CLEC1B	0.890234293091912	FALSE	0.0365610529874281	0.949499531564111
LILRB4	0.406955554228349	TRUE	0.0869886768098305	0.705459626222554
LIN28A	0.603305261209475	FALSE	0.00516293057819705	0.809571403178016
TEX2	0.334721293054215	TRUE	0.037861979074501	0.662649058250089
FLNB	0.924828438048833	FALSE	-0.0138445933913021	0.965708597387947
RAPGEF5	0.151065143932781	TRUE	-0.0330861254147456	0.506933313718202
PSMB1	0.892713816470167	FALSE	0.0114762809303279	0.950557044319206
ZNF177	0.717196443965256	TRUE	0.0155968780298341	0.869428050905855
AKAP11	0.312639648805245	FALSE	-0.0277112400849888	0.646735264704011
DOC2A	0.649303485448959	TRUE	-0.0256998121462213	0.833139325733365
CDC42SE1	0.618679970382751	FALSE	0.0183866710597673	0.816962089082258
SUPT6H	0.919001621972526	FALSE	-0.00993741401611771	0.962994121758291
INHBC	0.537153977206024	FALSE	0.00365817753800845	0.775518196793079
MAMLD1	0.10277450878456	TRUE	-0.0458237168181417	0.441455073889075
FBXO21	0.898606220867397	TRUE	0.0200583567185681	0.953339814597251
PLSCR2	0.751727145610295	TRUE	-0.0195200695916275	0.886883165547304
PRLR	0.422557393363296	TRUE	0.0427387060919893	0.713154136875637
ZFYVE16	0.726774496262504	FALSE	0.0062754564740426	0.874150218367694
KLHL25	0.11041294101954	TRUE	-0.0454478949746471	0.453970160025283
TLN1	0.294694207162649	FALSE	0.0935248886428769	0.635877757377217
CDC42BPA	0.819955201964827	FALSE	-0.0134544933180774	0.920541785651404
ADCY10	0.00558273251067196	FALSE	0.0245043278209715	0.14289526848422
SEMA6B	0.169190832826408	TRUE	0.0607533586374278	0.526325062666292
SNX15	0.646351433973044	TRUE	-0.022597791958682	0.832515767698534
NINJ1	0.805923750731271	FALSE	0.0314299920638597	0.915584893598886
ZCCHC14	0.628115816316333	TRUE	0.0214103126419087	0.822594713202353
HNRNPH2	0.861354176127838	TRUE	0.0345047416229249	0.936782563122344
UBE2J1	0.00144746546155549	FALSE	0.149749607212084	0.0837388309621312
SLC25A28	0.588341109809405	FALSE	-0.0122034111991675	0.802665439616218
SH2D4A	0.221470829750535	TRUE	0.0347975014926524	0.575448611031465
LTBR	0.543178027106675	FALSE	0.0161337538249562	0.777304206391088
EPB41L1	0.388897338590066	FALSE	0.0062030269791635	0.69335014501144
LBP	0.0799867985252535	FALSE	-0.0173231931838473	0.403606196927811
RPL36AL	0.409298336882293	FALSE	-0.00959723504363465	0.706345279796444
SLC25A44	0.0477166435899736	TRUE	0.0604396603158364	0.337623228732861
ZDHHC13	0.891878670176623	TRUE	0.0333590506277659	0.950381753701037
C5orf28	0.489502541058805	TRUE	0.0398100007282647	0.750141084191151
SNRPA1	0.0895613878300038	TRUE	-0.0775091195167872	0.42079241165159
SAMSN1	0.069494125556868	TRUE	0.108973284709468	0.386392388296044
CITED2	0.29771896754778	TRUE	0.0807842032618308	0.638140098267569
HIST3H3	0.39680741121097	FALSE	-0.0027966084515252	0.697976470331022
ACTN1	0.000979207071010245	TRUE	0.157641525394546	0.0729978304829779
LRBA	0.14655156601745	TRUE	0.0846439207941234	0.501050961637552
GPR132	0.419889080253077	TRUE	0.044202294278501	0.711766469338163
LAX1	0.136206384266105	TRUE	0.082832830736028	0.489136716266414
ORM1	0.0881166158091861	FALSE	0.027191638414356	0.4184038099236
CAPN1	0.357530960640284	FALSE	0.0250893494054645	0.675746524046886
ZMYM6	0.125339456447667	FALSE	-0.0302313871014058	0.4772411338684
ANGPTL7	0.872187301241799	FALSE	0.0090445866713269	0.941995365724522
NAPA	0.308069400836934	TRUE	0.0652971173401679	0.643722130252789
CNNM3	0.0274320092101662	TRUE	0.0745275916061564	0.273782581144005
SRY	0.157514584679552	TRUE	0.0397086427115201	0.514121438019989
BRCA1	0.932277825039716	FALSE	0.0124330200436402	0.969203104256472
CDKL2	0.6388350730169	TRUE	-0.0207734616928828	0.827937540501811
LYL1	0.487270699113412	FALSE	-0.0185967815202802	0.749854849317994
HIST1H3B	0.858989744394314	TRUE	-0.0462461241565131	0.935765873707601
FZD9	0.0882080079925707	TRUE	-0.0508129596150524	0.418445130104065
RAE1	0.361518918865175	TRUE	-0.0559256122238372	0.678573584011292
FDXR	0.865374379107157	FALSE	-0.0110894378818718	0.9385859092255
TBCEL	0.339157377600724	FALSE	-0.0034782772435915	0.665577276672657
THUMPD1	0.901892612914506	TRUE	0.0221047158224708	0.955217666526955
BMP8A	0.575487147183469	TRUE	-0.0442717739313813	0.796534379337175
PITX2	0.425728574603484	TRUE	-0.0232228591461809	0.715265955406493
LRRC6	0.594146965175	TRUE	0.0500642313210493	0.805576041865278
IGFBP7	0.741491211178836	TRUE	0.0446633895487052	0.881018229968512
TEX14	0.835726815468897	FALSE	-0.0036789200758922	0.926144093100256
HIRIP3	0.188888630481624	TRUE	-0.0325250578555032	0.545128068473184
APOBEC3B	0.611473880444564	FALSE	0.0430443879520091	0.812924103222644
C14orf132	0.880695649919766	FALSE	-0.0113299239827347	0.945753193904748
H2AFB1	0.846229292303079	TRUE	-0.0228156398511947	0.93103667440361
GINS1	0.0169923293082599	TRUE	0.0545376522977778	0.223938236702735
DONSON	0.659692323471687	TRUE	-0.0258409958019814	0.839458438615403
ENO3	0.0217310992576773	TRUE	-0.0507038585325237	0.251106146020322
EHD4	0.933701580722286	TRUE	0.0179206574350958	0.969880258536016
SIX5	0.0691189213494135	FALSE	0.0152292496307149	0.386078546394581
CALCRL	0.354941302696117	FALSE	0.016044247426262	0.673361122849467
FUT8	0.495886695639428	FALSE	0.0101231029209506	0.753343779712132
PPFIBP2	0.223606051283235	FALSE	-0.0240736378630384	0.577818827598132
IGSF3	0.224676404014334	FALSE	-0.008189299846308	0.578511536933992
BTC	0.216988801728168	FALSE	-0.00303002371130875	0.571802378496795
EXOSC10	0.866347528021227	FALSE	-0.009595987198892	0.938711098888289
SERPINB10	0.547932419093051	TRUE	0.114418138741865	0.78052835428343
STEAP4	0.551900579581247	TRUE	0.0941632292609443	0.78293597971134
ETV5	0.192040417364964	FALSE	-0.00851514665773935	0.548562570181104
SSNA1	0.618322425444751	TRUE	0.0340715749585127	0.816962089082258
SNAI1	0.904896249278295	FALSE	-0.0148535537196417	0.957060705716159
CEACAM1	0.0404690032491471	FALSE	0.02717116704208	0.316359868821128
SLC6A11	0.301790725661062	FALSE	0.0193538950020646	0.640696389201544
CATSPER2	0.457445865457748	FALSE	0.0038973442903401	0.732735712173796
RAPGEFL1	0.893514119126634	TRUE	-0.0168067710275763	0.950962699153079
SASH3	0.539408996280768	FALSE	0.0282768925355317	0.775892250263558
FBLN5	0.920504667042351	FALSE	-0.0096779727926686	0.96364511367341
CTSD	0.00517483978948461	TRUE	0.192170834062209	0.13937650444885
ABCA11P	0.237090530591581	TRUE	-0.0471140463928026	0.590643081807954
GFPT2	0.643371935685733	FALSE	-0.0034465407961859	0.830956409511825
CRADD	0.0368719375484857	TRUE	-0.0544326718211723	0.307606042664467
INPP5D	0.451682631553012	FALSE	0.0203691376522057	0.728850058229629
CARHSP1	0.0785925804588583	FALSE	0.0307745000302333	0.401423995415763
TBC1D2B	0.528233789426836	TRUE	-0.0427769971432501	0.769778041165775
C7orf63	0.228016742294904	FALSE	-0.0084061844130565	0.582709452531421
LY6G5C	0.523508662283036	TRUE	0.0305102710001703	0.767347345828526
CASP8AP2	0.915510693167802	FALSE	0.0147435268467726	0.961735755959765
BCLAF1	0.631362945297137	FALSE	-0.0132841790626204	0.82439852604224
PHB2	0.324573728716924	FALSE	-0.017073505133288	0.655871129901919
PASK	0.863180812043447	FALSE	0.00952019619265744	0.937300473803612
PGF	0.274720076147348	TRUE	-0.123077632487982	0.624884843216606
ATXN7	0.516232689380909	FALSE	0.0185314686536158	0.763618093270593
AURKC	0.780330406117429	FALSE	-0.0056974709281619	0.901310632063311
CYP1A2	0.7136938502169	TRUE	0.0283844639729347	0.867641833731976
PRMT3	0.915623206218536	TRUE	-0.0166438993770308	0.961764848106714
VIL1	0.802779414508588	FALSE	-0.0208007308957843	0.914110843654638
GBP1	0.849638627636108	FALSE	0.0099911854183494	0.932285974978616
DBH	0.0588959998218412	FALSE	0.0348461443441858	0.360644597450668
KLKB1	0.89432478374616	TRUE	-0.0188724995625007	0.951013653239893
SRSF11	0.9384852491665	TRUE	0.0247001593291309	0.971825044776159
FBXL2	0.0536270138882166	FALSE	-0.01767074421601	0.347786552196209
CDK18	0.157421170037004	FALSE	0.0266794656564282	0.514121438019989
DSC3	0.534983859846197	FALSE	0.00187619616803715	0.77416394264349
ARHGAP17	0.420608375660026	TRUE	-0.0500448264179596	0.712151466568469
ECT2	0.859623038250183	TRUE	0.0284546864172386	0.935977110689344
ZNF804A	0.747777540662942	TRUE	0.0200255280594268	0.884339751103161
USP2	0.361505474207395	TRUE	-0.02992279686018	0.678573584011292
RTN3	0.687273520840982	TRUE	-0.0373412772984913	0.853185291527906
NDUFS1	0.698690186057746	FALSE	0.0019425725893516	0.860013897059139
MBOAT7	0.548932445345548	FALSE	0.0091581469944746	0.781126795898318
TCL1B	0.731818588220526	FALSE	-0.00139719307194185	0.876786719433808
CLCA1	0.000895327065146887	FALSE	-0.0520584334803351	0.0700145764944866
PACRG	0.193909656731183	TRUE	-0.0287395939027397	0.549960379608525
ALG5	0.927072224615896	FALSE	-0.0153827850782813	0.966413728912889
ENSA	0.449446629010115	TRUE	0.210919594565071	0.727292302970605
PCNA	0.659706688993902	FALSE	-0.0041049414179093	0.839458438615403
CBL	0.861747408303278	FALSE	0.0175812936221593	0.937062339851371
EHF	0.906114360308899	FALSE	0.0141991024572099	0.957542472650756
RAPGEF2	0.774439958658392	TRUE	-0.0330984815567587	0.898434711427007
RAPSN	0.793038622491551	TRUE	-0.0197658994977252	0.90821785076575
PLOD2	0.820600118529661	FALSE	0.0304921255934012	0.9206958870138
ACTN2	0.00426916215812235	TRUE	-0.068959787569156	0.127725672060552
CACNB2	0.853682777236938	FALSE	-0.00742635789667824	0.934534563727519
DNAJB14	0.0233745405898274	FALSE	0.127233170174249	0.258164815269655
MC4R	0.715272938524371	TRUE	-0.0413287973995646	0.868231173441342
SH2D2A	0.818005513550337	FALSE	-0.0206871839628304	0.920375123762409
SSBP3	0.3473978524047	TRUE	-0.0797421880294972	0.668785101598793
SPG11	0.234369416860199	FALSE	-0.0144112149327889	0.58938008821863
BPNT1	0.361065371354859	TRUE	-0.0292750556413104	0.678059000628147
PEX1	0.210112084402196	FALSE	-0.00927198223834535	0.567196899051544
VPS39	0.00434635960122983	FALSE	0.0771181989608174	0.129014061566348
PCDHB1	0.842869371390788	FALSE	-0.0173483265429452	0.929269816445019
DTX3	0.137725105791099	FALSE	-0.0163762185026708	0.491089614643168
CD1D	0.0691149402726656	FALSE	-0.0734024807235167	0.386078546394581
GAL	0.446787895021218	TRUE	0.0327308622375333	0.725560099357934
TPPP3	0.441972472589532	TRUE	0.0909919176818108	0.722607590360526
EML4	0.682313625336851	FALSE	-0.00557132721328465	0.851505911411934
MCM4	0.85735453328074	FALSE	0.00564918877680795	0.935753494356561
GRAMD4	0.364902736138855	FALSE	0.0152506525912197	0.680531599519487
SOAT2	0.000939301726458352	FALSE	0.0464250639070303	0.0716127667934949
B3GNT2	0.577634927363961	FALSE	0.0135375957556372	0.79720088137536
CTSW	0.917733532141339	TRUE	0.0462463571355714	0.962465826946971
WDR70	0.30404299190988	TRUE	-0.0564484995002084	0.642239844498162
ISOC1	0.485279960216003	TRUE	0.0490701180518025	0.749507651769684
SLC7A5	0.712033006710555	TRUE	-0.0340752569391168	0.866793432939281
GALNT4	0.405600766000214	TRUE	-0.0379666098963338	0.704302180595611
XK	0.759647750310913	TRUE	0.0505809589146495	0.891497189068044
HOXD10	0.459502093177726	FALSE	-0.00176864636955055	0.733844258386231
TGFBRAP1	0.497693064589771	TRUE	0.028492826054995	0.754659221634583
CLTCL1	0.268012571588567	FALSE	0.0150388154619212	0.618987021170051
SLC35A2	0.719584415815752	TRUE	0.0206203554082216	0.871075871776963
NAT2	0.47648583439254	TRUE	-0.0310493642972185	0.743909858280821
C6orf25	0.850475984634379	FALSE	0.0340582137713188	0.932644795915786
APOM	0.161670564331105	FALSE	-0.0187936611639659	0.517701928537249
CCND1	0.000323337348937974	FALSE	0.0376981852598144	0.0454972172962296
STYXL1	0.0963279329993563	FALSE	-0.0366755680049007	0.431724281533479
NSD1	0.245454209811853	FALSE	0.0207264108432725	0.598352651329515
GGTLC1	0.823352224228639	FALSE	-0.0074752487619123	0.921501957616882
NEUROD2	0.865340133886245	FALSE	-0.0109611862382249	0.9385859092255
BAG3	0.883942593817216	FALSE	-0.00632388884116875	0.947355866851929
TCEAL4	0.620118634071019	TRUE	0.0304330156882497	0.817809396572607
GRIA3	0.127898036153197	FALSE	0.0171947607990969	0.478941820324009
SLC22A1	0.0540597049142175	TRUE	-0.0489062054577811	0.348788023910053
POF1B	0.735576120708525	TRUE	0.0154508855125628	0.878337998390266
CRIP2	0.33241219041415	FALSE	0.00787697309164415	0.661911219007552
HIP1	0.365679619271937	TRUE	0.0438038409836756	0.680972442589011
CLDN4	0.037628727002994	FALSE	0.0175326988838238	0.309397316110871
HECTD3	0.554568206449772	TRUE	0.0392934949590518	0.783387179884634
BBS1	0.540898528572227	TRUE	-0.0250096479001959	0.776785484539442
CFH	0.392258907447645	FALSE	-0.0024466375770551	0.695272788275951
YIPF2	0.375532276016437	FALSE	0.0114819700743434	0.685740017055072
FGF12	0.422961598949524	FALSE	0.0018210072614364	0.713154136875637
RTDR1	0.670516375038945	TRUE	-0.0215696656494884	0.845057816668512
TNP2	0.92862952242821	FALSE	0.0135005529746284	0.967450400111492
FARP2	0.598974498059835	FALSE	-0.00038397030016935	0.807981822292757
MYO7A	0.882295637171399	TRUE	-0.0172432894027628	0.946256973998603
CSNK1A1	0.209814035771842	TRUE	-0.042111768582747	0.567123087393783
ADAMTS6	0.293948953333155	TRUE	0.0302419658046938	0.635574613792148
NR1H4	0.840532011371268	TRUE	0.0164451636119205	0.928638073965839
PDE9A	0.268097379892388	FALSE	-0.0110006347617783	0.618987021170051
RUVBL2	0.00732590571146464	TRUE	-0.078574279211849	0.160673974588583
CALCA	0.0897471253889123	FALSE	-0.0208051864062089	0.42079241165159
CACNG1	0.892548047027744	TRUE	-0.0151938811223706	0.950469788246393
GABRA6	0.831775779105827	TRUE	-0.0139986978102193	0.924280799837061
PRKACG	0.921474135040273	FALSE	-0.0120192550990659	0.964087165881628
CXCL13	0.79137171776499	FALSE	0.0120108848417515	0.907262824465007
MTDH	0.849714543889345	FALSE	0.007661887276317	0.932285974978616
SEMA4F	0.775632318273562	TRUE	-0.023774281960224	0.898813986397949
CRYZ	0.906604471818686	FALSE	0.0388512353191413	0.957971121605823
NPBWR2	0.0323850892274342	TRUE	-0.0609894076969408	0.293757546820657
WRAP53	0.55427940425272	FALSE	-0.0058190134197611	0.783243017228659
HMGB2	0.28693767610284	TRUE	0.0655409385585317	0.632033998189821
PPA2	0.451322657251597	TRUE	-0.0401437532682181	0.728575650942409
ESR2	0.680951194540878	FALSE	0.0006896876092024	0.850717775760791
GRID2	0.43987529151661	FALSE	-0.0058663125943732	0.721779014706024
CHD5	0.346445814544373	FALSE	0.0134124741676534	0.668054794086202
WDR18	0.935702994252652	FALSE	-0.01083667908282	0.970983458573334
NMBR	0.779929152031566	TRUE	0.0190518512052567	0.901307592642898
WASL	0.430270196280638	FALSE	-0.00470643242913125	0.717475552297964
ANP32D	0.164454770582785	FALSE	0.0185877221467497	0.520703768558187
CHRNB1	0.583822535862922	FALSE	0.00330984921630505	0.800189016577986
CEACAM21	0.89715090056035	FALSE	-0.0134797957753121	0.952598001821689
ACAD8	0.939496084097838	TRUE	-0.00850566007014699	0.972605322522175
PAPPA	0.263432139481471	TRUE	-0.0309537403623148	0.614170543555938
C3	0.848209555225994	TRUE	0.0309857682014823	0.932190879538453
ZNF665	0.933791555440792	TRUE	-0.0111940538167441	0.969880258536016
SHROOM2	0.605146594295057	TRUE	-0.025570378471885	0.810484359620438
CA10	0.163719290420956	FALSE	0.00839336459838115	0.520703768558187
CDS1	0.893858426669659	FALSE	-0.00742804415955732	0.951013653239893
CALR	0.909978772763002	FALSE	0.00807227600562044	0.959123378356542
SRPRB	0.400773302128084	FALSE	-0.023825574932129	0.701061934300499
MAP4	0.217415739839422	FALSE	0.0417421620657868	0.57209195400598
LAMC1	0.642802246718803	TRUE	0.0299951520478716	0.830625034250087
DNAJC8	0.187799905469588	FALSE	0.0204196204417387	0.543442581220457
MATN1	0.570020614525679	FALSE	0.0077751469865701	0.792981097126248
A1CF	0.786265819965977	TRUE	-0.0159193694364274	0.904572659557043
GPM6A	0.629376584961037	TRUE	-0.0175139569625507	0.823252164876148
LIN7A	0.522843307428424	FALSE	0.0191971983092901	0.766777996143791
ARNTL	0.194938664630129	TRUE	-0.0545462123918048	0.55103262202501
ADRA1A	0.501744959676911	FALSE	0.003363400283936	0.75582935340597
C11orf49	0.43265658619227	FALSE	-0.0109359611700999	0.718881847814073
THSD4	0.815020308435578	FALSE	-0.00537728338331345	0.918924222927503
DET1	0.167877482064923	FALSE	-0.0215504688510451	0.525314645980203
FOXP3	0.445056082571898	FALSE	0.0026420757218126	0.724166130690542
RBM7	0.90581739747587	FALSE	0.0445007576390131	0.957520459082955
MTUS1	0.0252355658544026	FALSE	-0.0315701335834868	0.263001912888852
TFCP2L1	0.356008069678774	FALSE	-0.0147816740145474	0.674772621849481
PLXNC1	0.913654644063159	FALSE	0.0212094733739523	0.961299991559076
STK17A	0.357319904713064	TRUE	0.0747055140602932	0.675708743149904
CYP26B1	0.821580174056482	TRUE	-0.0163571931828397	0.920998279152392
PFDN4	0.040707076326791	TRUE	0.115405668291967	0.316582673847382
ARHGEF10	0.00610683857075213	FALSE	-0.0425943117424624	0.149029088483356
CLDN9	0.740142256415174	TRUE	-0.0242577274496138	0.880122163595184
MRPS34	0.354514275135177	TRUE	0.0491721030508842	0.673189314629355
MAP2K6	0.508662837729073	FALSE	-0.0084861113189567	0.758711906999468
PDIA2	0.622948749381206	TRUE	-0.0258129632377151	0.819159905976284
PPEF1	0.490777962089036	TRUE	-0.0248200311184585	0.750160457110732
CNTN2	0.907146584622459	FALSE	-0.0072674614255104	0.958179244489744
TULP4	0.899258990014796	TRUE	0.0156383293262379	0.953853852925891
MAD2L1BP	0.876442558082463	TRUE	-0.0217623181830322	0.944234175646063
WDR74	0.468885039436269	TRUE	-0.0352425146702035	0.738633990298395
ADRA1B	0.596308520206837	TRUE	-0.0261961884386635	0.80638731477729
SNCA	0.925629497950832	FALSE	0.0367416419097966	0.966100228025082
PEX10	0.84503997875976	TRUE	-0.0189244949774912	0.930282361083196
ULK2	0.524144064179942	TRUE	0.0423841577038951	0.767688557986574
TCF15	0.685393308217356	TRUE	-0.0439628226903453	0.853107305839626
DNAH3	0.0480086450830762	TRUE	0.0737726177101475	0.338328170663145
SNAP91	0.527092468741457	TRUE	-0.0411269026338501	0.769271778891966
TMEM53	0.183483012689859	TRUE	0.0469849929115029	0.540603686224248
MRPL33	0.207863189373187	FALSE	0.0139527761520824	0.565218394317161
ROCK2	0.864484092122944	FALSE	0.017975736153026	0.938189216798847
IMPDH2	0.626584500567159	FALSE	-0.0107983067295647	0.821581974191131
TXNDC15	0.604587411270637	FALSE	-0.011513870954392	0.81025402100057
NUBP2	0.161750188085102	TRUE	-0.0443223977465168	0.517810667051657
RPAP2	0.88004974695383	TRUE	0.0254447520420822	0.945710412434724
CCRL2	0.0510730350293646	TRUE	-0.0890987191015412	0.345120609384891
MON1B	0.493275900019766	FALSE	-0.0091806970861681	0.751119476547641
PDK3	0.599887965685716	FALSE	0.00071918572638285	0.808221109561291
ZNF318	0.519254097598218	FALSE	0.00442983664481035	0.76490053722596
CDK4	0.885941206664685	FALSE	0.0195267657099554	0.948064113096533
DPF1	0.140427242419428	TRUE	-0.0420853364003042	0.495890533103052
ARID1A	0.538495690034654	FALSE	0.010358312619065	0.775631664117715
MAGED2	0.255978702266554	FALSE	-0.0128702882592346	0.606733700886558
SMEK1	0.282291926164316	FALSE	0.0208999189083907	0.628615112092927
MMP11	0.292017579804339	FALSE	0.0044657041241245	0.634252605316474
ANK1	0.732478571193956	TRUE	-0.0277171011425388	0.876816065312877
UBE2H	0.636399499491772	TRUE	0.032481890689172	0.82728833042473
NSUN7	0.756110004035268	TRUE	0.0148270673802129	0.889753462586194
CCDC92	0.686823699137801	TRUE	0.0564727226305149	0.853185291527906
SASH1	0.652644470545979	TRUE	-0.0432951938222503	0.835237233142346
NAA15	0.886301043887842	TRUE	0.033092424591405	0.94809127704191
DOCK4	0.938177998271399	FALSE	0.0152298046175821	0.971684355352521
DIAPH2	0.850320188054669	TRUE	-0.0375999033252321	0.932564136991188
RAB15	0.329916416135498	TRUE	-0.0261287338245628	0.660240424031135
PCDH12	0.153422258811728	FALSE	-0.0213817242653071	0.510611973192306
KIR2DL2	0.823277302810602	FALSE	-0.0269490898141358	0.921501957616882
TRMT1	0.830208294885079	FALSE	-0.00436932626168085	0.923520973058125
PYGL	0.0206852545561199	FALSE	0.0566150928808427	0.244910833749407
WNT11	0.644728533588391	TRUE	-0.023449368531633	0.83188175265803
CRK	0.135796039383437	FALSE	-0.012355241904987	0.489136716266414
ACOT11	0.648523835971527	TRUE	-0.0281395130806055	0.832515767698534
PDCD10	0.073119320256378	FALSE	-0.0453608627509177	0.392009443209016
PPBP	0.78889542890284	TRUE	0.0782087760005945	0.905943413847408
MOXD1	0.866502759155581	TRUE	-0.0143671244292816	0.938711098888289
SV2B	0.800294440950577	FALSE	0.00197093231209865	0.912472465152197
MAP2	0.053535477008795	FALSE	-0.025383817526909	0.347786552196209
GJA1	0.70896566115819	FALSE	-0.0159612871682993	0.865800929657804
GH1	0.174164500090151	FALSE	-0.0093841725323709	0.529167006034895
GCGR	0.88941286502145	FALSE	-0.0101717461531292	0.94927667908945
CNGB3	0.830951174445164	FALSE	0.00415711051168709	0.92388440063429
CCDC64	0.772973323030582	FALSE	-0.0084521506076349	0.898119121820244
LOXL2	0.830264820473986	FALSE	-0.00429123894336891	0.923520973058125
ESRRG	0.312249537620934	TRUE	-0.0244323022046849	0.646642862225336
OTC	0.515026811057421	FALSE	-0.0039601968437093	0.762885566372318
RNF34	0.692926099205357	FALSE	-0.014073382857875	0.856640132080486
SOX30	0.924646167862208	FALSE	0.00797863782851047	0.96569613128761
GSDMB	0.113954701821488	TRUE	-0.0572917972669456	0.460463981117563
PKNOX1	0.933870064617358	FALSE	0.00806968979875708	0.969880258536016
GPD1	0.526555990043753	TRUE	-0.0262731393436541	0.769222497505842
ATP10A	0.918063453581091	TRUE	-0.0178918628995568	0.962633761804697
ARNT2	0.396322629903117	FALSE	0.00474412792393815	0.697764503944764
ACP2	0.869980008187084	TRUE	-0.0259297193266064	0.941108883117091
IFNA21	0.469078837667835	TRUE	-0.0540083420044235	0.738734019488276
C1orf21	0.212508967860924	TRUE	-0.0420057267607419	0.569116482422065
RYR2	0.707857479776217	FALSE	0.00064440253484395	0.864969691100646
NGB	0.225125055696396	FALSE	0.0179295632926224	0.578768646716507
RAB9BP1	0.336311319254068	TRUE	-0.0237203992601629	0.663667603380069
MAP1A	0.404239133478803	TRUE	-0.0511671665227435	0.703664036615926
TRPS1	0.603053373848897	TRUE	0.0612921936743369	0.809520801003036
GPR126	0.706734407735742	TRUE	-0.0179378590965045	0.864698609813326
CHRNA2	0.000374030190195808	FALSE	0.072126950205753	0.0454972172962296
EXOC2	0.568579770349162	TRUE	0.0347503933936247	0.792322233745748
SAA1	0.560843577395517	TRUE	-0.0272913309257947	0.787444938594324
SLC22A17	0.00807255179331371	FALSE	0.0292332724149058	0.166758139395365
PCID2	0.776565516353546	FALSE	-0.00509014152478615	0.899527672891292
IQCG	0.137513006533195	FALSE	0.0171817981190889	0.490641907199464
ITGB4	0.296494691804634	TRUE	-0.0371420315757978	0.637337120449808
GUCY1B3	0.917436896595528	TRUE	0.0469982773166606	0.962421775418327
LMCD1	0.926347676335654	TRUE	0.0136197676747249	0.966413728912889
PSORS1C2	0.919692448787297	TRUE	-0.0185620213666082	0.96336191009692
SFTPD	0.503829395284785	TRUE	-0.025195942937184	0.75719872025436
POLR1E	0.190553578278553	FALSE	-0.0140380265956215	0.547702667706086
FHL5	0.27680250629415	FALSE	-0.0030571121221683	0.625846273351116
PIM2	0.319761501113084	FALSE	0.0034866889998155	0.652042396838664
MCCC2	0.489855697956532	FALSE	-0.0037276931195658	0.750160457110732
SENP7	0.259165709668237	FALSE	0.000637545938090553	0.609590707224502
MKLN1	0.625070752067021	FALSE	-0.0057060869204615	0.820617952725246
HS1BP3	0.871943125857511	FALSE	-0.00386694535165155	0.941974381106928
MRPL15	0.308150958903972	TRUE	-0.0551523002627535	0.643722130252789
CANT1	0.116676340253638	TRUE	0.0763538430262443	0.464860513751232
DUSP6	0.00409352550508136	TRUE	0.12789118946995	0.12578993415208
KYNU	0.00926116788836831	FALSE	-0.0378024417221825	0.177271498541381
CEBPG	0.354890379001218	FALSE	0.0268963205553439	0.673361122849467
PAK7	0.323280660114516	FALSE	0.0105833266782507	0.655122675424904
PNLIPRP2	0.614803416278294	FALSE	0.00488224921581805	0.814589382703853
MYF6	0.761329937911154	FALSE	-0.00620898174328	0.892459314188092
SIGLEC5	0.894200159249925	TRUE	-0.0327345310750094	0.951013653239893
OPN3	0.79168405033871	FALSE	0.00628256574248185	0.907262824465007
GRWD1	0.755803637676794	TRUE	-0.0197499275320112	0.889656124532042
HCRT	0.23104651989465	TRUE	-0.0400936771560625	0.584763762521969
LRP1B	0.717275443800842	FALSE	0.00140869577162661	0.869428050905855
CNNM4	0.132070939729144	TRUE	-0.0391332386016527	0.485633522501664
UBFD1	0.941125313854574	TRUE	-0.0110426725454698	0.973183434310386
MGC4294	0.825812787847455	FALSE	0.0127490267905936	0.922144447676336
HYOU1	0.851683639250219	TRUE	-0.0187010276759372	0.933247080156381
SLC25A16	0.808529701955011	FALSE	-0.0063622359804909	0.916168083655483
OR7A17	0.614179023061016	TRUE	0.0347910865922319	0.814240850449531
CYP4F3	0.677126811922969	FALSE	-0.013874523943917	0.84886024548309
RRN3P1	0.116434562192673	TRUE	-0.0738186130738652	0.464703841013346
TRMT12	0.180466957157547	TRUE	0.0532915196018088	0.537587636872547
RASAL2	0.502108040088292	FALSE	0.00307270281744065	0.75582935340597
DLG1	0.299830259652991	FALSE	-0.0177807784215407	0.639788564624894
P2RX5	0.53476349568051	TRUE	-0.0520142578210714	0.77416394264349
PGM3	0.720401207995987	FALSE	0.0098831918731519	0.871320458396427
NOX5	0.386455481420838	TRUE	-0.0328439899502491	0.691725973910665
ACBD4	0.886092307848133	TRUE	-0.0178714397471138	0.94809127704191
PPP4R2	0.290544140192276	FALSE	7.35571556158485e-05	0.633565862894856
PRSS1	0.279924858611675	TRUE	-0.0449950711641196	0.627598298428661
MLLT4	0.326365514287872	TRUE	-0.045530799699931	0.657300905470371
C1orf106	0.891202370122919	FALSE	-0.00865208706081243	0.950063741583025
PIGH	0.697478676980242	FALSE	0.0163669357942715	0.859175526157411
FZD4	0.294158333981036	FALSE	0.0140136033535127	0.635574613792148
FST	0.020600563706963	FALSE	-0.0484405651782917	0.244440843767785
PSMD9	0.524373556698446	TRUE	-0.0329806837360294	0.767860522073179
MYH6	0.500616602670516	FALSE	0.0023842622361472	0.75582935340597
COX7A1	0.206510351981437	TRUE	-0.0394440628899147	0.564110065313782
DFFB	0.5249582413142	FALSE	-0.0114089462029026	0.768064709453124
CARD8	0.530021583524284	FALSE	0.0228713619732059	0.771293978226027
CASC3	0.00636090751656627	TRUE	-0.0725288631147305	0.151857618266516
SOX13	0.937461364539373	FALSE	-0.00872761170259783	0.971385763731331
HSPB2	0.529480963894998	TRUE	0.0315840508463601	0.771000982355899
GRIK2	0.934395430811078	FALSE	-0.0064645716101652	0.970335215114166
NOD1	0.287381181757703	TRUE	-0.0416589079462706	0.632033998189821
GCNT4	0.931712962711586	FALSE	-0.030423430587514	0.968882362819761
CLEC7A	0.0521252289993826	TRUE	-0.100881738363554	0.347031879329511
GKN1	0.536162185303998	TRUE	-0.0224052615996979	0.77476016556162
KITLG	0.592655762655107	TRUE	0.0202245714238067	0.804323601764962
BUB1B	0.920310093644781	FALSE	-0.0101872331367114	0.96364511367341
MSH2	0.65774993178151	FALSE	0.00284770542795785	0.838285543044907
HSD17B3	0.765997227752014	FALSE	0.0128827707575545	0.895427068606194
MYBL2	0.916214676321537	FALSE	-0.00968139398708344	0.962029652265016
ERBB4	0.73393820504584	FALSE	-0.0007478799734364	0.877398556353693
PDIA4	0.16425484973528	TRUE	0.072210769442593	0.520703768558187
SULT1C2	0.171883712675569	TRUE	0.0306579875577686	0.528634779578463
SEC14L2	0.932686163537738	TRUE	-0.0110395733015172	0.969462364182797
SPIN2A	0.0834732183204684	TRUE	-0.0421797216232385	0.411169867465978
SLC25A21	0.819245468445128	FALSE	0.00833769846568398	0.920375123762409
MYOM1	0.0749339217814347	FALSE	-0.0156675631105542	0.394464131420468
RNF114	0.507728183422162	FALSE	-0.0117065797780942	0.758215444728551
MT1M	0.429381089354724	TRUE	-0.0347050953671437	0.716710957450616
NEUROD1	0.791036014356562	TRUE	-0.0306122524563945	0.907207177787909
CGA	0.847089793651728	TRUE	-0.0177747641342973	0.931205481616441
WDR62	0.602828121855436	FALSE	0.00523933623319195	0.809471076042348
ANKRD2	0.0651121888698062	TRUE	-0.0487132097017798	0.376595019437978
YARS2	0.823567794494404	FALSE	0.00430168240497595	0.921501957616882
C12orf29	0.722509973596034	TRUE	0.0303052448483534	0.872045075209563
MED20	0.764137301933685	TRUE	0.0226083466833341	0.894129856456005
PSAP	0.24393883527646	FALSE	0.0133932978393298	0.597413056846605
ANO10	0.791592963010734	TRUE	0.0345720626962609	0.907262824465007
GNLY	0.741490917710964	FALSE	0.00814499358449385	0.881018229968512
TAAR5	0.798121999903707	TRUE	0.0204293661405015	0.911003156523871
BCAM	0.909297899037875	TRUE	-0.0162606947772575	0.958995019968187
IL23A	0.760157774813553	TRUE	-0.0210058861847248	0.891790616282003
LCN2	0.0786529952346798	FALSE	0.257212450672355	0.401446792960675
RNF167	0.367848395550699	TRUE	0.0473213960802914	0.682012590916769
GZMB	0.0610731555452366	TRUE	-0.213159584451104	0.366695618978048
NEK9	0.395486548681127	FALSE	0.0123745153423868	0.697764503944764
ZMAT3	0.58333860062843	FALSE	0.0109284928530342	0.800189016577986
ECHDC3	0.403186399295886	FALSE	-0.0169214139341376	0.702812958375648
CDC16	0.119293942674219	FALSE	-0.0263610459654098	0.467052932024664
CDCP1	0.554397077015365	FALSE	0.00463481087469475	0.783243017228659
PRR16	0.510387374120193	FALSE	0.00427543819967145	0.759984561411538
IBTK	0.377556734029534	TRUE	0.0770641934791172	0.686695848989435
SPARC	0.840932135992138	TRUE	0.07596451322213	0.928645256137013
KRT85	0.196809686908192	TRUE	-0.0331456333145166	0.55320324537085
CTCF	0.399143815049201	TRUE	-0.0365011915644348	0.700129217823108
CACNA1S	0.527852437805264	FALSE	0.0090604541231993	0.769567617957852
DYRK2	0.542525429008024	FALSE	-0.00477054916397135	0.777304206391088
DRD3	0.88590776326192	TRUE	-0.0122278043417898	0.948064113096533
CALB2	0.440153199316059	FALSE	0.00556793680668255	0.721779014706024
SCRG1	0.488051007489078	FALSE	0.0029435818780641	0.749854849317994
NGFRAP1	0.88726182730968	TRUE	-0.0452265717056237	0.94849563575639
KRT16	0.0463781182408841	FALSE	0.0347147267847046	0.334028893265042
C22orf31	0.809485908391005	TRUE	-0.0203693150229163	0.916168083655483
HIVEP2	0.00512819968241709	TRUE	0.080312963156034	0.138829247025673
H2AFZ	0.723889700079495	TRUE	0.0636329304577314	0.872746975991642
GAPDHS	0.534719574625638	TRUE	-0.024340943613697	0.77416394264349
DHDDS	0.664696009396219	TRUE	0.0266837310207597	0.841762113647332
CNPY2	0.584874518882005	TRUE	-0.0270255090034816	0.801025206548482
TRIM38	0.890297117875442	FALSE	0.0103416495474287	0.949499531564111
HMGCS1	0.948550098128075	FALSE	0.0234895520416449	0.976539818655732
RBP1	0.177002711866078	FALSE	-0.0122850470938447	0.533643645267074
HAVCR1	0.700900646706716	FALSE	0.0106459716459226	0.861332224234036
SLC25A3	0.00596943497303737	FALSE	-0.0322745276797329	0.14825975358844
MRPS18A	0.330724345434044	FALSE	-0.0203940143638657	0.66056307347869
DPY19L4	0.819563244080522	FALSE	0.0135993573928919	0.920375123762409
EPAS1	0.203939783291803	FALSE	-0.0282958057070948	0.561007569807315
CHORDC1	0.384577651399058	TRUE	0.0997512158075664	0.691063060319362
GRIA1	0.12712238903035	TRUE	-0.0334932100481656	0.477954320979065
BTBD3	0.255246222354653	TRUE	0.041464434178601	0.606597566726057
CEP290	0.882695511837658	FALSE	-0.0169710485824752	0.946466610754346
NR2C1	0.55213901452064	FALSE	-0.0105001212856699	0.783043120562965
YIPF4	0.675391217432583	TRUE	0.0353746353012485	0.848060128195693
RALB	0.00261173597006299	TRUE	0.223066510049504	0.109278502452193
FRG1	0.845461103241389	FALSE	0.00303005063816905	0.930609724679482
UCP3	0.947402635999526	FALSE	-0.012475014009814	0.975801479661969
CRABP1	0.379140524726204	TRUE	-0.0281463097573815	0.688182233051132
C19orf57	0.11512817903082	FALSE	-0.0219879529684391	0.462559467897692
TGM2	0.661580328379955	TRUE	0.0322626913855397	0.840092703598257
ANKRD53	0.0795977704062701	FALSE	0.0123961749429453	0.402929761177017
ST8SIA3	0.849912499656061	FALSE	0.00509289654903491	0.932285974978616
PPP3CC	0.267428331212107	FALSE	-0.0023064971062321	0.618987021170051
HAX1	0.0567598186529027	FALSE	-0.0377507528591163	0.355935076973369
SLC38A1	0.927036042382545	TRUE	0.0558952566962942	0.966413728912889
FGF14	0.685857696134361	TRUE	-0.0186339245040523	0.853107305839626
STIM1	0.414979022761691	FALSE	0.0161575388228034	0.707905391769944
HBB	0.527836104775331	FALSE	-0.0290239979138355	0.769567617957852
TAS2R10	0.519515208947272	TRUE	0.0266257921053326	0.765136115632305
TIMP2	0.381377399997475	FALSE	-0.0166833324061972	0.689639512314311
PNMA2	0.855452787825763	FALSE	-0.0163538562675907	0.935208172113028
LHX6	0.749541135946378	FALSE	0.00550210461784895	0.885686425645683
SEMA3G	0.355869371491527	TRUE	-0.0281197165248063	0.674772621849481
THNSL1	0.680346755560277	FALSE	-0.0127369649220088	0.850452195049937
CALU	0.338091092913632	FALSE	-0.00126667558598825	0.664835544444941
PMS2	0.359144836155947	FALSE	-0.0111087907117891	0.676468986241243
C2orf54	0.58561034508785	FALSE	0.00313556762486745	0.801186740220937
SLC16A10	0.384877972889184	TRUE	-0.0288727610056165	0.691063060319362
GLO1	0.156190112189899	FALSE	-0.0176283517139257	0.513155275548692
MRPL28	0.928958876535496	FALSE	-0.0100631448076784	0.967704611946348
IHH	0.881819693868615	FALSE	-0.0023868611912219	0.946243352775265
BCAS1	0.516167143372516	FALSE	0.00266610590273505	0.763618093270593
ATG14	0.628515726284197	TRUE	-0.031188343399612	0.82294917093955
APC	0.202631292742611	TRUE	0.0726838704677074	0.559035578688193
ERCC5	0.415323107748959	TRUE	-0.0565880784400852	0.708279247821544
AMFR	0.726972929908107	TRUE	0.0341648442225773	0.874150218367694
MED6	0.663239759493555	FALSE	0.0018911243718436	0.840857949692488
MICB	0.91696408450582	TRUE	0.0237573051659581	0.962205646866174
POP5	0.0097212894007729	TRUE	-0.0836200747690607	0.180113889730987
NUDC	0.3898704372254	TRUE	0.0399932654077744	0.69396648904483
ABHD6	0.70790358350948	FALSE	0.00150593752259055	0.864969691100646
GPR56	0.174130545220879	TRUE	-0.0615382996075797	0.529167006034895
TICAM1	0.0315176824797814	FALSE	0.0417666719109986	0.291688195879567
GCNT1	0.62696435511737	TRUE	0.0275703115721697	0.821581974191131
COL11A1	0.520695383147726	TRUE	0.018174305020076	0.765895637774196
PPFIA1	0.0757395217788038	TRUE	0.0767887089993522	0.395197397596909
MAL	0.404793876913167	TRUE	0.0476379248632215	0.70395354642374
FSCN2	0.896078657037656	TRUE	-0.018020618796021	0.951905180077757
SNRNP25	0.866604443351495	FALSE	0.0081572442807185	0.938711098888289
KCNS3	0.907269020107687	TRUE	0.0134371231240156	0.958179244489744
RUFY1	0.66236067022525	FALSE	-0.0057753930331863	0.84044121375828
FGFR2	0.0443567978317625	FALSE	-0.0424960378572705	0.327875965198406
ENPP2	0.032526980148479	TRUE	-0.0587991303860927	0.293757546820657
SENP2	0.92908385260168	FALSE	0.0154034248783357	0.967745894235757
APOL5	0.936790305567819	TRUE	0.0140603403209827	0.971134144709591
ILK	0.804861010092835	TRUE	0.0325726245027455	0.915214403109736
FOLH1	0.826223685980682	FALSE	-0.00301759429458625	0.922192181842205
ANK3	0.749227256593017	FALSE	0.0191295250713117	0.885563946352359
HTR2A	0.77411174314631	TRUE	0.0221144849810515	0.898434711427007
MYO6	0.00412251048748913	TRUE	0.0546962103829367	0.126142333845694
BMP6	0.69944194016699	FALSE	0.0234304221076322	0.860469061668781
SPARCL1	0.656625806851402	FALSE	0.000340681295447601	0.837983120302537
KREMEN2	0.160951409829471	TRUE	-0.0480889065134793	0.517262277639015
PRKAB2	0.703670030603882	FALSE	-0.0063814815059224	0.862986682156103
LITAF	0.923140260044519	TRUE	-0.0316081222018889	0.965019577215669
MAX	0.0809316635152512	TRUE	0.130473498972681	0.404505929750587
KAL1	0.147141829419649	FALSE	0.0206003555216809	0.502063050584502
STX6	0.905550872357091	TRUE	0.0235445742647915	0.957393132089236
BARX1	0.537813867741203	FALSE	-0.00500086012997915	0.775631664117715
GPR35	0.873408007815782	TRUE	0.0209147527451501	0.942714016973469
TBC1D16	0.580398722658607	FALSE	0.00184216209174215	0.797907506816919
SEC14L4	0.482054697113752	TRUE	-0.0230718569224235	0.748359557854989
PIGO	0.391258104472617	TRUE	0.032317643166877	0.694480671524407
COX7A2	0.922618468263381	FALSE	0.0489593491649335	0.96473356802273
CRISP2	0.194149028047384	TRUE	0.0284212139947631	0.550324479080391
PTGDR	0.13642026593706	FALSE	-0.0107275563383662	0.489136716266414
ZFPM2	0.0356958313747445	FALSE	-0.0060395768177277	0.30318728985635
SH3TC2	0.588234563442006	TRUE	-0.0347579678784085	0.802646415748364
ARPC1A	0.367062666928132	TRUE	-0.0505968807569941	0.681391179888347
NOL8	0.444171690953037	FALSE	-0.0154324783717583	0.723839812021445
MTRR	0.810711616668823	FALSE	-0.00150484813527375	0.916168083655483
S100P	0.228235316365972	TRUE	0.173364282680197	0.582925479292568
BUB3	0.455591078308033	FALSE	-0.00844980785042715	0.731605643575058
CSNK1G1	0.881071900352899	FALSE	0.00629650429093506	0.946015580099867
ZNF556	0.81041573120228	TRUE	0.0169937960320783	0.916168083655483
BARX2	0.136633155277298	FALSE	0.027417875361198	0.489350394090107
PLAA	0.660944370884987	TRUE	0.0420700930256852	0.839883786202581
KLF3	0.943856149933024	TRUE	0.0181502187157036	0.974272633963638
ZSCAN16	0.902603092808761	FALSE	-0.0107591935198456	0.955702350299612
SARS2	0.0150408398187555	TRUE	-0.0582351674914355	0.212414120565263
MT1H	0.281247572242238	TRUE	-0.0447083210300043	0.628615112092927
SLC31A2	0.38139623445816	FALSE	-0.00167516356106655	0.689639512314311
IMP4	0.0361059317559804	TRUE	-0.090468238011418	0.304782634455961
SLC5A1	0.953834178132526	TRUE	0.0100203378945709	0.979578457190899
ZFC3H1	0.00475487898840096	TRUE	-0.124613864842838	0.134587643408052
NXPH3	0.0743542136956251	TRUE	-0.0545558393131942	0.393923455816058
LYN	0.152950648553463	FALSE	0.106125156582419	0.509940046111162
TRAF5	0.507514237273863	TRUE	-0.047937737304542	0.757995776666008
WIPF1	0.690788174605943	TRUE	0.0389535276831525	0.855511800235924
WIF1	0.756558247953029	TRUE	0.0171159918726165	0.889894363686646
NRP1	0.707887123894008	FALSE	0.0079042922889414	0.864969691100646
HUNK	0.663206078367464	TRUE	0.0216051540245195	0.840857949692488
TSPYL4	0.741516663511463	TRUE	0.0294882150465594	0.881018229968512
PSMD3	0.000838526098868911	FALSE	0.112263577629166	0.0694018060954349
FXYD5	0.37687207595908	FALSE	0.0541170980905283	0.686261838654249
TMLHE	0.883401913582118	TRUE	0.0171184740970234	0.946955407270527
EN1	0.750854682345956	TRUE	-0.0193869822229975	0.886349187368705
TAF7	0.808734335073686	TRUE	0.042403400651493	0.916168083655483
EDDM3A	0.941817700700563	TRUE	0.0167396924489634	0.973183434310386
VLDLR	0.76161381935981	TRUE	-0.013365496609004	0.892511275084838
SCNN1A	0.0116345298688558	FALSE	0.076209985012557	0.19340688654755
PELI1	0.951401328256059	FALSE	0.023282438630738	0.978143046613062
MNS1	0.637083197072925	FALSE	0.0023887002856311	0.82728833042473
RAB6B	0.0305500338737116	TRUE	-0.0774114939433578	0.28828119597518
DTL	0.563271995658348	FALSE	-0.000641805572081402	0.788900783933366
PHIP	0.0417693538974408	TRUE	-0.071584825291162	0.318723219275291
NDST1	0.904425047770199	FALSE	0.0118401792882565	0.956772125296263
C21orf2	0.200703702368122	TRUE	-0.0386768422929071	0.556697475819995
MAP3K5	0.0612531626265152	TRUE	0.0749166912144379	0.367486566678337
ANO2	0.736938177645021	FALSE	-0.0065510964443232	0.878802578039893
TMOD2	0.0610194586690667	TRUE	0.0458208044657615	0.366695618978048
ZNF34	0.434116193404046	FALSE	-0.0026273652225894	0.719339984949361
CLDN7	0.516925224888985	TRUE	-0.0288551576562246	0.764000928703884
BACH2	0.0868145586394114	FALSE	0.003429916860739	0.417468312303769
ERI3	0.835177296615555	FALSE	0.00679553524895435	0.925771333240884
ANKRD40	0.222662117186938	TRUE	0.0308972569778456	0.576957437564599
DIAPH3	0.607305200412652	FALSE	-7.18312854659509e-05	0.811194919010374
RPL10	0.623732582796805	TRUE	-0.0542845452702672	0.819905374024225
NCAPH	0.112428867633172	TRUE	0.0404458942459205	0.457256431166622
MXI1	0.818628829080805	TRUE	-0.0203998504894755	0.920375123762409
GPR85	0.383890530297947	TRUE	0.0204005494248718	0.690754300775463
CSTB	0.528032954877013	FALSE	0.012502208834781	0.76959519134892
AACS	0.2952184187814	FALSE	0.0203630859273299	0.636403355620208
SH3YL1	0.477245110447582	TRUE	-0.0493225276623788	0.744255577962472
PVRIG	0.448619106046431	FALSE	-0.0202764498762403	0.727054639744368
CREB3L1	0.604510840177568	TRUE	-0.0303686230491938	0.81025402100057
USP9Y	0.591998325060022	TRUE	0.0123240059246452	0.804245369425885
KCNH1	0.825855619203915	FALSE	-0.0024415560147757	0.922144447676336
RAG1	0.432423381567479	FALSE	-0.00196554813033645	0.718881847814073
CCL20	0.646575109249671	TRUE	-0.0209262796403707	0.832515767698534
CHMP4A	0.884790822521491	FALSE	-0.0059261892565452	0.947727483144831
SMAD3	0.869854973683635	TRUE	0.0153322683228638	0.94106340488491
PITPNC1	0.612224589869067	FALSE	0.0010665950173885	0.81326319406342
SEMA6A	0.0114607693262799	TRUE	-0.0738546394491042	0.191672069897769
GNPAT	0.438525337903152	FALSE	-0.0079302742300955	0.720709039746115
CNTN1	0.747136082886159	FALSE	0.00083496360445025	0.884309589471711
MRPL23	0.894484576400341	TRUE	0.0190442455159676	0.951013653239893
RLF	0.0406226271279268	TRUE	0.0891224706372937	0.316359868821128
NELL2	0.249586355276347	TRUE	0.0625474317796515	0.602396696994145
MMP20	0.927123074619844	FALSE	-0.00763071697975582	0.966413728912889
SSX2IP	0.671623934609128	FALSE	0.0046161031585199	0.845889569536032
IFI30	0.936096103253428	FALSE	-0.0108623086675408	0.971000528761013
RALGAPB	0.217613489559671	TRUE	0.054028572163285	0.57209195400598
SRSF10	0.782696102333513	TRUE	0.0364656127278282	0.902663863340084
PSMB6	0.388884535227523	FALSE	-0.0071033378829579	0.69335014501144
ACSBG2	0.287663262280139	FALSE	-0.0205820421040395	0.632033998189821
SCARA3	0.658081677173425	TRUE	-0.0202868215689995	0.838519849136922
ABLIM3	0.879443140867923	FALSE	0.0266988931671905	0.945710412434724
CHRDL1	0.0968483812938706	TRUE	0.0400753735306583	0.432967620343262
MC3R	0.0448859629360378	FALSE	-0.0142426449355546	0.328999310750958
AES	0.076849794345181	FALSE	0.0747360198627858	0.39702557903969
CHCHD7	0.0746526959855919	TRUE	0.0882179169260547	0.393923455816058
GYPE	0.701870366681964	TRUE	0.0215066403027548	0.862150155758509
TREML2	0.150031246142953	FALSE	0.024484222765412	0.505719309595992
SRPX	0.905332777166517	FALSE	-0.00612431607931806	0.957251805323679
ATP1A2	0.0696574815647878	FALSE	-0.0169011598716708	0.386610956173827
NAAA	0.398079118007711	TRUE	-0.0650627486614086	0.699274844165676
COL4A6	0.13827419011269	TRUE	-0.0375138164947156	0.492273482476543
UBA5	0.880039525234239	TRUE	0.0226967054780407	0.945710412434724
IL27RA	0.931912608837159	FALSE	0.00737812267663165	0.968912256703149
FAM65B	0.933602202454433	FALSE	0.0142087744922925	0.969880258536016
POMC	0.949536552745092	TRUE	-0.0212870197248858	0.977066390952844
TP53BP1	0.704949277329805	TRUE	-0.0227190612504664	0.863653276085677
LY6E	0.88043652762843	TRUE	0.0426614493237656	0.945753193904748
TMEM38B	0.345798409658645	TRUE	0.0415360835235719	0.667860358902977
SNX16	0.745552637159814	TRUE	0.0361221236137816	0.883459465255343
APOA4	0.255634791540192	TRUE	0.0464728690284315	0.606603524730911
BOLA1	0.00241674040058656	TRUE	-0.0613371303175825	0.104195511035175
PLEKHA4	0.771857474129041	TRUE	-0.0247920026618673	0.897558393923618
ARHGAP32	0.823516595950994	FALSE	0.00672722581482075	0.921501957616882
BTF3P11	0.665939958308878	TRUE	0.0251524060976562	0.842139589826512
CYP2C18	0.79328212833065	FALSE	-0.00155744279105495	0.908331855285709
ADO	0.158376147349404	TRUE	0.0742776987673424	0.515449809068567
SLC2A9	0.63371823990197	FALSE	0.000840111772409301	0.825692621949112
ITGA2	0.8750509928475	TRUE	0.033603072616486	0.943548542118095
STAP1	0.522458848951577	FALSE	0.0120750352091976	0.766683174357697
NRCAM	0.149773915602848	TRUE	-0.0293581187463201	0.505719309595992
AVIL	0.287890216466629	TRUE	0.0306462810912591	0.632033998189821
IFNA4	0.290997758099431	FALSE	-0.0040663299705521	0.634055261162462
SAG	0.166320409445043	TRUE	-0.0321560022371212	0.522786307095239
ZNF197	0.896605740373629	TRUE	0.0123034325084452	0.952286670110207
SCNM1	0.000641296241467361	TRUE	-0.0741823909848343	0.0611063704369614
GYG1	0.848580266548013	FALSE	0.0160280401032101	0.932253277292537
YWHAQ	0.774347134093971	TRUE	0.0458050746948846	0.898434711427007
ERG	0.956171935146675	TRUE	-0.0176100474314737	0.98042526273186
MAGEB2	0.954769040388554	FALSE	0.0122503314368459	0.979907887342347
PARN	0.510369215832536	FALSE	-0.0086344065731208	0.759984561411538
GPR124	0.761247012042812	TRUE	-0.0249860429012125	0.892459314188092
APLNR	0.853400154573949	TRUE	-0.0172604345517952	0.934315376336199
ESM1	0.785455550473086	TRUE	0.0147761204844917	0.904016742521407
KLK15	0.689703303791921	TRUE	-0.0212048483632712	0.855215182391037
KRTAP4-7	0.726435315911369	TRUE	-0.0302515416103479	0.874150218367694
GPS1	0.278299250442956	TRUE	0.0555019054898547	0.626653841957367
TP53I3	0.890991193631285	FALSE	-0.00562206529511665	0.950063741583025
RASA1	0.950464864430626	FALSE	0.0143884307367017	0.977534793449331
MYOZ3	0.130766301795774	TRUE	-0.0464420861027049	0.483453141936594
IL3	0.849677725977836	FALSE	0.0052560265356454	0.932285974978616
DCP2	0.951025935419798	TRUE	-0.0188398105138221	0.978023134566034
FMR1	0.856031860054009	TRUE	0.0283422882561117	0.935570627580955
COMMD8	0.857242951886816	TRUE	0.0471259537017979	0.935753494356561
TFPI	0.668151188216157	FALSE	0.021594284923689	0.843194181576717
EMR1	0.877253929877257	FALSE	0.0252647428167698	0.944631909510822
VEGFA	0.931504507812218	FALSE	-0.0143371861168857	0.968754435850935
HMOX2	0.944765368939146	TRUE	-0.0145245941790248	0.974678784314528
EXO1	0.287705044621584	TRUE	-0.0274447403233528	0.632033998189821
GPAA1	0.851562289261251	FALSE	-0.00796470973349365	0.933204290899132
GPATCH8	0.00497092973741516	FALSE	-0.0587181828778709	0.136148242252537
ATR	0.900872041800624	FALSE	-0.0148456225824272	0.954457595987604
SP100	0.274304743740689	TRUE	0.0573612794377949	0.624441174317542
STAT1	0.80819553470616	FALSE	-0.00445150039756025	0.916168083655483
UBTF	0.0515639126122373	FALSE	0.047903286081003	0.346171228602818
PER2	0.877094020471219	FALSE	-0.00287193160797015	0.944631909510822
BEX1	0.230558320715869	FALSE	0.0208746673942821	0.584763762521969
BCAT1	0.00163098239747732	FALSE	-0.0557748361575588	0.088487202371257
BMP15	0.345381983796552	TRUE	-0.030507598017111	0.66762467000837
NLE1	0.946591286359963	TRUE	-0.00877912200301447	0.975320181375341
GIF	0.493482588482783	FALSE	0.0032725460405789	0.751119476547641
ABCF2	0.940630033982996	FALSE	0.00568899299369539	0.973157295194634
IL18	0.895159746579462	FALSE	0.0338092059865494	0.951463851374627
TGFB1	0.489615065760696	FALSE	-0.171784553596775	0.750141084191151
EML1	0.930698469751122	TRUE	-0.00830949816281158	0.968360244862174
KRT83	0.648301767295555	TRUE	0.0247534638346738	0.832515767698534
TATDN2	0.756968368624613	TRUE	-0.0192124455307159	0.889918541403264
GNRH1	0.51735937553995	TRUE	-0.0192585175596074	0.764100999922941
RAN	0.710107200646387	FALSE	0.0565169922423684	0.866168841235949
CRHR2	0.834708313269892	FALSE	0.00109614613358745	0.925499195454565
WTAP	0.945508838196684	TRUE	-0.0126443508321854	0.975090924630486
COMMD4	0.801884004910749	FALSE	-0.0027054309928469	0.913508804388856
SERPINA6	0.483705739470348	TRUE	-0.0232654264246532	0.749238444171907
TNIK	0.607474875202914	FALSE	0.0143287622739265	0.811209153823491
TNS4	0.433111774041132	TRUE	-0.0364549840918391	0.719012571037288
SFT2D3	0.647259398269821	FALSE	-0.00118203716950705	0.832515767698534
ALOXE3	0.0343840532685981	TRUE	-0.0552867060628288	0.299650606823466
PPP1R3D	0.662633016990274	FALSE	0.0106103552219965	0.840488146203336
FSCN1	0.862749956586897	FALSE	-0.00845198591846684	0.937132077568621
KCTD9	0.631710903956445	TRUE	0.0346072360469898	0.824485926261517
QTRT1	0.0458972286471126	TRUE	-0.0696940037113264	0.333608125403596
TCL1A	0.236360393263944	TRUE	-0.107937184184394	0.590328303792921
TLL2	0.903804680990803	TRUE	-0.0131612164626529	0.956528026671151
GNB3	0.937236389076757	FALSE	-0.00873846909683797	0.971330172355484
F10	0.956841897959937	TRUE	-0.0131142439490466	0.980624573478645
HLA-DMB	0.000161061638589543	TRUE	-0.116698709498462	0.0362776285337425
SI	0.255074471135124	TRUE	0.0172022993018239	0.606597566726057
SCLY	0.884451934511988	TRUE	0.0111010204104098	0.947534300241203
CDK6	0.292762398438047	TRUE	-0.0379656861834983	0.634433786427786
CASK	0.795968308487208	TRUE	0.029086977374019	0.909735374451814
LALBA	0.728988085986949	TRUE	0.021116247491646	0.874893724280908
DOLPP1	0.0697774472589568	TRUE	0.0678666227809876	0.386898031525336
PTPRG	0.923145247379875	FALSE	-0.00474874599590435	0.965019577215669
SLIT1	0.095495053485911	TRUE	-0.0406652955843904	0.429349092576029
S100A7	0.533782761656227	FALSE	-0.00722816531571845	0.773886041992068
OGDHL	0.949212934853422	FALSE	-0.00667121422347174	0.976956110402373
ANXA10	0.648799446666581	TRUE	-0.0203682646777427	0.832681032909153
GLRX2	0.574292583297469	FALSE	0.0112892061549972	0.795784382501528
DOCK3	0.918756523923847	FALSE	-0.00441765333923214	0.962985739987664
C12orf43	0.291658687699892	FALSE	-0.0151345445671045	0.634252605316474
STC2	0.645101895293229	TRUE	-0.0220090261698629	0.831993326081119
FAM63B	0.190215800106635	TRUE	0.0460469184135048	0.547009119302343
SKIL	0.118504153913772	FALSE	0.0383959289198927	0.46592184508608
USP13	0.381690412363904	FALSE	0.00391252945084775	0.689785756521464
ITGA4	0.0342170195541936	FALSE	-0.0761981963796012	0.299372519077933
FGGY	0.940304476276354	TRUE	0.00987642544143562	0.973046399623083
ENPEP	0.587601514351547	TRUE	0.0162257485817696	0.802437449234223
C3orf52	0.475725797677189	TRUE	0.0242072774050501	0.743542051975631
DMXL2	0.558646822465866	TRUE	-0.102009996564777	0.786210291664448
TIAL1	0.0346299342952072	TRUE	-0.0761297454888286	0.299650606823466
HOXC11	0.76261657319768	TRUE	-0.0200779158600488	0.893501686659278
SERTAD2	0.614206409224929	FALSE	-0.0068826471992356	0.814240850449531
LOR	0.0520342165371857	FALSE	-0.0204597675512441	0.347031879329511
MDN1	0.92156977527428	TRUE	-0.0197906583442227	0.964087165881628
ANKRD36B	0.612780292584906	FALSE	-0.0411119068702579	0.813646237063699
CD58	0.676898866429719	FALSE	0.002333695869857	0.848668315617711
KATNA1	0.497546069034173	FALSE	-0.0120507286175346	0.754640259044632
UBE2M	0.77059380077131	FALSE	0.0035080678775534	0.896916763184755
G6PC2	0.949847474106065	TRUE	0.00797930144699066	0.977160470611104
ANKRD12	0.679853286299775	FALSE	-0.00327131905026735	0.850144912827378
USP11	0.960795406570269	TRUE	0.0118711065628263	0.982633635347729
PPP2R1A	0.612026032433235	TRUE	0.0350336680542353	0.813152865075111
UBA6	0.904898829348526	TRUE	0.0298372449643622	0.957060705716159
CYP3A5	0.796405046262065	FALSE	-0.0007616989593786	0.91014279576351
AMIGO2	0.749498716599339	FALSE	-0.00362180571126065	0.885686425645683
GNAS	0.591804217427534	TRUE	-0.0884294849832018	0.804245369425885
NDUFA9	0.75320950064905	FALSE	-0.00124543140753365	0.887798334625956
CYP11A1	0.685863561594714	FALSE	-0.000754135946728251	0.853107305839626
ABCB1	0.712348871907955	TRUE	0.0233839346412035	0.866793432939281
DNAH6	0.569578663149678	TRUE	-0.0270511228350574	0.792824170692567
PHC1	0.958058034041697	TRUE	0.0210373264175954	0.981066219794119
CD160	0.395977456612976	TRUE	0.0433319075917585	0.697764503944764
MSN	0.00215819746454028	FALSE	0.0701823377947124	0.0986766171387992
GPR31	0.0175677875532024	TRUE	-0.0606211973258621	0.225857924140972
POLA2	0.34659089814362	FALSE	-0.014739582384105	0.668054794086202
PAMR1	0.409868644266227	TRUE	-0.0340796799072925	0.706388751268942
AFF4	0.822768591494821	TRUE	-0.0178499670838108	0.921501957616882
ARHGEF12	0.0780046226921691	FALSE	-0.000728945464067099	0.399827671564031
APBB1IP	0.284461149475088	TRUE	-0.0748595298041429	0.630456850975645
HIST1H3E	0.65823007626473	FALSE	-0.00914996601877285	0.838520484750676
FZD2	0.0533330293093513	FALSE	-0.0705535106088049	0.347786552196209
KRT24	0.0214946225444843	TRUE	0.0503064473132095	0.249465225211778
LGALS3	0.225182216495055	FALSE	0.0200485428975972	0.578768646716507
TAS2R14	0.0948086927377632	FALSE	-0.00117902021688155	0.428492405211399
SMC1A	0.00149346116082568	TRUE	0.087230524064114	0.0851360889095322
CTNS	0.946992101073008	FALSE	0.0138868379023198	0.975502671587296
F2RL2	0.265356477787198	TRUE	0.027944052386895	0.616573176563327
SMYD5	0.4361534609808	TRUE	-0.0293776628984337	0.720085811790901
CYP4F11	0.856966340670064	FALSE	-0.00766034753114873	0.935753494356561
RPS14	0.951349920278806	TRUE	0.0118980192840383	0.978143046613062
EPB41L5	0.689685763624517	FALSE	0.00320271581658945	0.855215182391037
RNASE3	0.22482824934907	TRUE	0.19253771355383	0.578603613111463
GPA33	0.68533932631694	TRUE	-0.0248462509830118	0.853107305839626
CALML3	0.552680290893326	FALSE	-0.0013296258662341	0.783043120562965
CSPP1	0.348973372536399	FALSE	-0.0026324010376255	0.67075988200818
EDN1	0.91944718843736	TRUE	-0.0115116526943422	0.963193982787437
MEST	0.559860540500992	FALSE	-0.0167181652499386	0.786775253668956
PPP2R2D	0.761333357980546	TRUE	0.0222770081818129	0.892459314188092
TFPT	0.856923321620504	TRUE	-0.0154830978258777	0.935753494356561
FTSJ2	0.363835775572348	FALSE	-0.016201938328261	0.68000262661663
LDLRAP1	0.507940835226642	FALSE	0.00533917694720955	0.758433122285344
NDUFA7	0.0321870516738531	TRUE	-0.074538138776855	0.293757546820657
MRTO4	0.578007562851958	TRUE	-0.0286016541841922	0.797281134014208
RTN4	0.158920963533984	TRUE	0.0474578869605615	0.515595080260899
GNMT	0.00509811938670761	TRUE	-0.0700060709431538	0.138627279918172
CBR4	0.820375090265899	FALSE	0.0040975603521765	0.920648569727339
VDAC3	0.773620067088559	TRUE	-0.0418512278933773	0.898434711427007
RPAIN	0.504801808082805	TRUE	0.0213669093048358	0.757518908382312
SLC17A1	0.747732170364418	FALSE	-0.003430121645573	0.884339751103161
ACAP2	0.950157289372477	FALSE	0.00625822542560875	0.97730710306554
ERCC2	0.7188295024999	TRUE	-0.0198762622783457	0.87053377430806
TMEM51	0.0397232262266669	FALSE	-0.0358333423659052	0.315649780659111
TEX11	0.00963134851044742	FALSE	-0.0404952393643099	0.179917398286595
AKIRIN1	0.33031159961662	FALSE	0.0239417980615384	0.660516138882687
BAZ2B	0.576238778878459	FALSE	0.0036855200875738	0.796534379337175
ATP6V1B1	0.934671353210351	TRUE	-0.011604644796884	0.970358922927103
HSPB3	0.848253416974844	TRUE	0.0169282602775822	0.932190879538453
CAMK2B	0.482541322767582	FALSE	-0.0050612810977917	0.748529628661579
ABHD3	0.510519191314072	TRUE	0.0353013486595435	0.760081028139478
SYNPO2L	0.070730800579512	FALSE	-0.00826257212563465	0.387822315169771
ISL1	0.939367745105952	TRUE	0.00894793759752766	0.972561254725748
NDUFC1	0.000359575437276101	FALSE	0.0685377039381487	0.0454972172962296
PTCD3	0.278819706471811	TRUE	-0.0552640872262317	0.626812972257022
MLN	0.936481569930223	TRUE	-0.0119235404002547	0.97102059070743
GZMK	0.515915463642272	FALSE	0.0238247119822459	0.76360337322017
HNRNPH3	0.186123686466734	TRUE	-0.0562849404254582	0.54211571560398
KRT14	0.477022198427471	FALSE	0.0024856233281514	0.744201357745991
EPHA4	0.860895883970438	FALSE	0.0140288814315102	0.936472093993974
OR3A2	0.487487182560385	TRUE	0.0217962721533356	0.749854849317994
PRR11	0.768654403758896	TRUE	0.0353545570491125	0.896088431275169
TACR2	0.352302167385778	FALSE	-0.0133675555127089	0.671908051470096
TBCD	0.0523345046775692	FALSE	0.0488558001587476	0.347031879329511
TUBG2	0.885781335108403	TRUE	-0.0154475557764093	0.948064113096533
TRIM36	0.357669391257488	TRUE	0.0335555350610064	0.675746524046886
CYB5R1	0.745083626695789	TRUE	-0.0275652452460005	0.883207897128299
C5AR1	0.367101728451858	FALSE	0.0509875868082574	0.681391179888347
ZNF124	0.84882766802201	TRUE	0.0293171330407435	0.932253277292537
CLIC5	0.825758926552508	FALSE	0.0057134974898023	0.922144447676336
PDGFD	0.344227474712928	FALSE	-0.00802588781591675	0.667057181062751
ARFGEF2	0.86007586137252	FALSE	-0.0002162948135207	0.936110596285564
MATK	0.439009983749487	FALSE	0.005895837350574	0.720885043909071
KLF15	0.0446678461884098	TRUE	-0.0520051883708068	0.328266399704251
MED4	0.0532885633690267	TRUE	0.0884679351872501	0.347786552196209
ATP8A2	0.675161623071523	TRUE	-0.0141508514266628	0.847938013092893
C2orf47	0.431979303063445	FALSE	-0.0179163204771937	0.718740031905562
GNG5	0.173862423497701	FALSE	0.029774571939333	0.528971132021033
HERC3	0.745552837377932	FALSE	-0.0069706883416933	0.883459465255343
CBX3	0.673030887246688	TRUE	0.0643851265275214	0.846439355644432
FRMD4A	0.37425343728779	TRUE	0.0231689088682865	0.68479259729002
ATG5	0.848885711971554	TRUE	0.0243883363082657	0.932253277292537
EXOG	0.607387017662065	TRUE	-0.0245210511943674	0.811208644672574
ZFHX2	0.188253050299431	FALSE	0.0375058060748823	0.544124735494582
SPATA5L1	0.0941687551918214	TRUE	-0.0839316043932824	0.427282719135679
NDUFA3	0.690154037426647	FALSE	0.0053756530727562	0.855215182391037
SUMO4	0.606649746287677	FALSE	-0.0061511092659416	0.811020030443139
TUG1	0.910401604451532	TRUE	0.0177680612102505	0.959390687070253
CXorf57	0.329574178674936	FALSE	-0.00372053716915485	0.65990492883544
SFN	0.422206422341402	TRUE	-0.0497424259843924	0.713153377465986
USP6NL	0.92588005004965	FALSE	-0.0136543558532067	0.966190451044003
PAX4	0.937942270231416	FALSE	-0.00642668321666929	0.971684355352521
RHD	0.958531015608396	FALSE	0.0251003989912055	0.981202779270886
SLC5A6	0.288428005893633	TRUE	-0.0341492989613017	0.632033998189821
CECR5	0.163503181657034	FALSE	0.0267502274612714	0.520651656975415
AK4	0.438142628707856	FALSE	0.00123375230798615	0.720356820966022
CEACAM8	0.117991013675351	TRUE	0.409535376779575	0.465194751065649
IRX4	0.849646043379861	FALSE	-0.00659000642370435	0.932285974978616
CD96	0.907982262380001	FALSE	0.0420995000007625	0.95835528931647
DDAH1	0.791724636042089	FALSE	-0.0043924496568684	0.907262824465007
FRMD1	0.488167634566936	TRUE	-0.0223887965439067	0.749854849317994
PSMD7	0.793843359313009	TRUE	-0.0200216125346016	0.908588861537318
EIF4G3	0.121561755316681	TRUE	0.081352441093643	0.471566453484723
HOXB8	0.0519212492380433	FALSE	-0.0242546738638176	0.346999179498713
SLC44A4	0.659158826733208	FALSE	0.00282337226191975	0.839043773723377
ACTR3	0.45471735745132	TRUE	0.0367845631752858	0.731042126207362
AKT2	0.879893048354794	TRUE	0.0109290116728253	0.945710412434724
AQP3	0.594478245925807	FALSE	0.00394866944785345	0.805682526230308
LOC100127886	0.734174380053513	TRUE	-0.0228582004759987	0.877495867547884
FGF6	0.532176536958517	TRUE	0.0303758206359896	0.773044429503974
ALDH18A1	0.670842781102358	TRUE	0.0237354550361073	0.845375227263796
TNFSF12-TNFSF13	0.184385870592555	TRUE	0.102703229039107	0.540804807720894
ASAP2	0.599286436357021	FALSE	-0.000137669686193199	0.807981822292757
TRIAP1	0.824065480849993	TRUE	-0.0259624067982158	0.921611617401559
TRAPPC10	0.403342141187016	FALSE	0.0286332039147408	0.702857928218775
TRIM58	0.952873226317931	TRUE	0.026309814896698	0.979238316008419
CARTPT	0.702030181492255	TRUE	-0.0171251100161353	0.86225092498422
ACTR3B	0.660698882208752	TRUE	-0.0260235455054941	0.839883786202581
C6orf62	0.543088853683974	TRUE	-0.0557161335107006	0.777304206391088
ADAMTS9	0.855281276931342	TRUE	-0.0137956753610986	0.935110828186721
CABP2	0.823819513897007	TRUE	-0.0191578799427528	0.921504337385633
ADARB1	0.791844313733672	TRUE	-0.0257585113354634	0.907308273385824
COPS7A	0.957157258168239	FALSE	0.0193193765776618	0.980859118876608
JARID2	0.768282047665743	FALSE	-0.0022225766026063	0.895973479222653
SERF1A	0.867390617283915	FALSE	-0.0237335920276283	0.939203801507096
FBXL12	0.369032215771498	FALSE	-0.0060916270368612	0.682285389635255
ROBO1	0.074993996137999	FALSE	-0.0144978517487364	0.394466953575787
GPR4	0.0672450276361295	FALSE	-0.0294309441219695	0.380692155939657
GATA3	0.816841528367811	FALSE	0.0167957381489403	0.919869509401392
DEFA4	0.114757651889413	TRUE	0.359581139079686	0.46196592440684
CD70	0.866524527740017	FALSE	-0.007616765201778	0.938711098888289
CD81	0.270791006057046	FALSE	0.0505200919029957	0.619837490584263
ZNF207	0.942354482397683	TRUE	0.0185170064023659	0.97334281981302
DHRS2	0.178996941402205	TRUE	0.0408488672760994	0.536643038851454
NUCKS1	0.123131377565708	FALSE	0.0629685820125755	0.474035694212474
SCG2	0.192506559693353	TRUE	0.0285663518963486	0.54939839102264
ZBP1	0.439001937157186	TRUE	0.0311305191327822	0.720885043909071
DPP4	0.96692237288238	TRUE	0.028237720047692	0.985118980417356
SH3GL2	0.738232298660652	TRUE	-0.0148029674343139	0.879749016747092
NTAN1	0.592423047895932	FALSE	0.0077982486636157	0.804245369425885
PRRX1	0.327289697392651	TRUE	-0.0252993697195545	0.658003169988523
USP29	0.769518980542505	TRUE	-0.0297516974236762	0.896378987659577
CRIM1	0.779272993823652	TRUE	0.0186577529940819	0.901098967669426
CSNK2B	0.942056827971641	FALSE	0.00516262020064764	0.973183434310386
GABRR2	0.375238461211519	TRUE	-0.0292510427231005	0.685709735967351
HMMR	0.583746725750096	FALSE	-0.00732836762711435	0.800189016577986
PDSS2	0.891831451934167	FALSE	-0.0068371687560811	0.950381753701037
NOX3	0.825811690606488	FALSE	0.00253891888437961	0.922144447676336
PDLIM3	0.746431765728836	FALSE	-9.06323508398001e-05	0.88385440597319
EFHC2	0.579907971612972	FALSE	0.00662236865889245	0.797860389447958
IL2RB	0.296459448961715	TRUE	-0.0765179259927656	0.637337120449808
BLVRB	0.671966449511629	TRUE	-0.0400796715474767	0.845945106141041
HMGCL	0.00419260517426963	TRUE	-0.0710293797666275	0.126142333845694
P2RX2	0.0170232264992374	TRUE	-0.0480429430661022	0.223938236702735
DDX3Y	0.180993669937494	TRUE	-0.0304257962892205	0.537587636872547
SLC6A13	0.00388782233266472	TRUE	-0.075790420024085	0.123484642661303
ZMYM2	0.891100023101114	FALSE	0.007638009823097	0.950063741583025
MCM6	0.920029355292656	FALSE	0.0062488077220881	0.963536793171093
OR1E1	0.0447640706248178	TRUE	0.0456685471169971	0.328318109194573
ZXDB	0.858340713387909	FALSE	-0.00177168249933144	0.935765873707601
BCAT2	0.00060701556030763	TRUE	-0.0860953994735826	0.0596564830915802
BIRC2	0.458438766697023	FALSE	-0.0166946932017478	0.73340816608779
ZBTB25	0.172813070262902	TRUE	-0.0489302414996531	0.528971132021033
ITM2C	0.459569435303114	FALSE	0.0374668290196477	0.733848447669626
CORO1B	0.736254115799563	TRUE	0.0400035882407597	0.878498787006001
TECPR2	0.255480129015094	FALSE	0.0290214338100196	0.606603524730911
A2M	0.949578589672841	TRUE	0.0071327401143795	0.977066390952844
COL8A2	0.945784336247175	TRUE	-0.00964774512985486	0.975195000213755
PDCL	0.0200779206236338	FALSE	-0.0352580616380755	0.24142475286467
PHF8	0.601789119606827	FALSE	0.0132398824425133	0.80874605157218
SEPT7	0.857321307287314	TRUE	0.0499934101948006	0.935753494356561
NBEAL1	0.0304979555034969	FALSE	-0.0203344801459085	0.28828119597518
MSLN	0.490398044929176	FALSE	0.00234683026492895	0.750160457110732
ARHGAP15	0.390940982873574	TRUE	-0.0664659094941173	0.694480671524407
GEMIN7	0.444099976616056	FALSE	-0.00873364580207615	0.723839812021445
GABRG2	0.126476905650554	FALSE	-0.0179134262012686	0.477954320979065
FGF2	0.0672481160902314	TRUE	-0.03636297770612	0.380692155939657
CLNS1A	0.510751543408823	FALSE	-0.012566179803454	0.760133306234932
IGFBP1	0.93092345984554	FALSE	-0.0073732908801465	0.968473037216963
BMPR1B	0.335161964421146	TRUE	-0.0298349838062748	0.662668093212097
C1orf61	0.866490202120077	TRUE	0.0160768214957998	0.938711098888289
WNT10B	0.0381574332109653	TRUE	-0.0722978466816084	0.311271320272759
PRDX4	0.962021289801006	FALSE	-0.0074908728978471	0.983089347968061
CRYM	0.750304748444874	FALSE	-0.0036773327337305	0.886081580027795
ZNF672	0.496028279330697	FALSE	0.0202030362951894	0.753343779712132
MGAM	0.653904270314054	TRUE	0.0532279792918886	0.836298276685208
PCSK6	0.577906369670705	TRUE	0.0388487942687501	0.797281134014208
SNX19	0.429029081954464	TRUE	-0.0342029742639003	0.716710957450616
MAPKAP1	0.43797724540631	FALSE	0.0167432634710831	0.720356820966022
HSD11B1	0.0185923641990245	TRUE	-0.0464363007088093	0.231414728488188
ADCY1	0.914221757951527	FALSE	0.00392429210735477	0.961372894567275
IL6R	0.611043246794835	FALSE	0.0237287805827852	0.812924103222644
ASPN	0.0292012305697136	FALSE	-0.0175119622879774	0.281558463801006
NIN	0.220975043287178	FALSE	-0.0074998904759149	0.574555380837725
C11orf48	0.789271341851352	TRUE	0.038879508380016	0.906075341519693
ICA1	0.0403245761121389	TRUE	-0.0643612904740476	0.316359868821128
PRKAG2	0.218036875854825	TRUE	-0.044918710640153	0.57242883429448
PARM1	0.781431167699426	TRUE	0.0215129165077186	0.902066694931777
GLT8D2	6.72068420747756e-05	TRUE	-0.070393431957235	0.0306838931770202
MTNR1B	0.665154493477257	TRUE	-0.0207501865594746	0.84188552615557
PHF7	0.923393413060945	TRUE	-0.0106470799425829	0.965187860499452
PIK3IP1	0.334988950304197	FALSE	-0.0128682656935566	0.662649058250089
DNAJA3	0.41588877041625	TRUE	-0.0271083739291544	0.708336613551641
LAMA2	0.868031336154745	TRUE	0.0088345717545204	0.939628383833761
GRIN2C	0.168053112223133	FALSE	0.0217168000571672	0.525380270057377
ITGB5	0.857538677552873	FALSE	-0.0178812532517254	0.935762271863737
TXN2	0.199549593754563	FALSE	-0.0219606593523905	0.556067714326007
GLG1	0.0356801928103863	TRUE	0.0677957480043317	0.30318728985635
OFD1	0.323569123189905	TRUE	-0.0553193650479544	0.655122675424904
RAB1B	0.186487248797559	FALSE	0.0376215876579737	0.54217914036826
SLC30A1	0.0311657195274977	FALSE	-0.0558344634702996	0.290376412261542
OTOF	0.0313509071351495	TRUE	-0.0420137387527513	0.29123112928675
OLFML3	0.332763852237289	TRUE	-0.0361668838123555	0.661911219007552
MRPL19	0.771460799538372	TRUE	-0.0266559607070862	0.897189128816985
ZNF84	0.827271859245495	FALSE	0.00886114382519885	0.922726304543052
TUBGCP5	0.164095885501843	TRUE	-0.0333729435829211	0.520703768558187
INPP5F	0.810475367526724	FALSE	-0.00115858242563595	0.916168083655483
AAMP	0.373885623819499	FALSE	0.0204345344496861	0.684655381277608
VPS13A	0.853954295972697	TRUE	-0.0293215671403662	0.934741554400464
SUCLG1	0.110153219418426	TRUE	-0.0450835141571728	0.453970160025283
TUFM	0.533389483941433	TRUE	-0.0558899174214202	0.773513666506191
FGF18	0.0129106775046574	TRUE	-0.0536911891920284	0.199097515252139
IGFALS	0.438619006898929	TRUE	-0.0390479610319852	0.720709039746115
TBCB	0.702262063845388	TRUE	0.0604722206205366	0.862351044178347
SORL1	0.713596709953359	TRUE	0.0253019990644887	0.867641833731976
MYH10	0.65432841743317	TRUE	0.0215853635795118	0.836463351214736
RHOBTB2	0.768215982831738	FALSE	0.00281999482905925	0.895973479222653
ANP32C	0.944266597776694	FALSE	0.0146867998784064	0.974419322852002
PPA1	0.548438727309017	TRUE	-0.0485642828090694	0.78075916245536
PTH2R	0.750220854757719	FALSE	0.0003138404838223	0.886081580027795
SOX14	0.0139337000217449	TRUE	0.0512556355143153	0.206307701003418
BICC1	0.782874240167908	TRUE	0.0216992312904178	0.902685683268651
SGCE	0.96192890741952	TRUE	0.00867442045958676	0.983083540444338
TBC1D19	0.831185578654938	FALSE	0.0127616704193972	0.923910722122178
MPP2	0.905025040444292	FALSE	-0.00415725196556325	0.957104918261316
RALGDS	0.665186257238428	TRUE	-0.0328768307613556	0.84188552615557
DLX2	0.427150950314289	FALSE	-0.0150323563893298	0.715815877863958
UQCRC1	0.961287821406388	FALSE	-0.00771588914724932	0.98273987991614
CHI3L2	0.831327229959916	FALSE	0.0049521594313249	0.923977598560624
NEU2	0.543617352665698	TRUE	-0.0254078880441711	0.777311117512781
RRAGD	0.356773713438928	TRUE	0.0635217267059884	0.675368470231053
TIPARP	0.641985205857728	TRUE	0.0440103162335479	0.83032625176466
PDYN	0.198274689959108	TRUE	0.038193678122048	0.554717093612632
LDB3	0.0251505431910752	FALSE	0.0616528363010291	0.262356954225944
TMEM43	0.969627059470287	FALSE	0.00762518734035657	0.986566090998321
CPVL	0.242060833248019	FALSE	-0.019368182955378	0.595892543965345
BIN2	0.955400337731096	TRUE	-0.0155014388321115	0.980121634808007
WDTC1	0.340097043053627	FALSE	0.0263875381299075	0.665879704885357
FZD3	0.65151595131921	TRUE	0.0169769731878407	0.834561610032594
CD14	0.751091750369019	FALSE	0.00578421876074575	0.886502483338639
TREM1	0.953103108940122	FALSE	-0.020081154556789	0.979271126519757
DDX43	0.867026585605103	TRUE	-0.011165499132793	0.938988964104705
ANKFY1	0.465920509022446	TRUE	0.0322622456101538	0.738100295762821
IMPA2	0.86534839247527	FALSE	0.0039459622538427	0.9385859092255
ZFP2	0.958143145293459	FALSE	-0.00718160394289579	0.981066219794119
EXOSC5	0.739252548195155	FALSE	-0.0032022197805892	0.879758297985416
NCAM1	0.490532741302046	FALSE	0.0110526287932995	0.750160457110732
DLEC1	0.963876287040343	TRUE	-0.00811057421990302	0.98436550831633
MEN1	0.565910518376424	FALSE	-0.0223764612531232	0.790392572851148
CEP135	0.642883482852599	TRUE	0.0363726588556647	0.830635347774114
OR1A2	0.546942826022576	TRUE	-0.0281970385454957	0.779706399832788
KCNK5	0.924247820819995	FALSE	-0.00612943184507887	0.965546898864743
RAB28	0.00465359752727858	TRUE	0.0740872807685291	0.132580759703045
FAM63A	0.140722661299188	FALSE	0.0257055824509491	0.496376019684525
IL25	0.966398090835182	FALSE	-0.00933381254231457	0.985076227254596
SMARCC2	0.0425939606165905	FALSE	0.0558612381843077	0.320813659267558
KIF2C	0.809730372279831	FALSE	-0.0025843468397504	0.916168083655483
DOPEY2	0.582167622384954	TRUE	-0.0292975574179382	0.799273358787141
MMP10	0.645067795638508	FALSE	-0.00126587701256	0.831993326081119
SPTBN1	0.780074752536014	TRUE	0.0431707493146539	0.901307592642898
STX7	0.492677936588641	TRUE	-0.0515705413025831	0.750965729597102
VIPR1	0.967037619128775	FALSE	-0.00779998903196421	0.985118980417356
POLA1	0.843784999943286	FALSE	0.00188031352643625	0.929622824947233
ELTD1	0.230436245849291	FALSE	-0.0068018855042804	0.584763762521969
FKBP10	0.395600463153154	FALSE	0.0065025293758825	0.697764503944764
FKBP1A	0.841810974782953	FALSE	-0.00639625171713745	0.928686406400845
SERPINH1	0.268041482784339	FALSE	-0.015373876546616	0.618987021170051
SMOX	0.572236904936675	FALSE	-0.00854145254248585	0.794262142203355
BRIX1	0.679129772020649	FALSE	-0.0001786606227885	0.849767396949248
BRPF1	0.204006046542444	TRUE	-0.0444499818026856	0.56105373799291
CAV1	0.875687486800662	FALSE	-0.000261643179914299	0.943861255972691
TRAT1	0.943146553751962	FALSE	0.0376362949285118	0.973894797649895
PBX2	0.428089502468132	FALSE	0.0252107341995429	0.716354156077444
PEX5L	0.927842522204697	TRUE	-0.00960331439479001	0.96680972381066
ICOS	0.17830435087124	TRUE	0.0526501466582205	0.535716225365393
PCDHB3	0.200564848841372	FALSE	-0.011709548187067	0.556584635587939
PYHIN1	0.743394160514562	TRUE	0.0442665507723325	0.881915294630112
LRMP	0.598522585136393	TRUE	0.0404874618966256	0.80797513589906
SLC25A36	0.0139252584585156	FALSE	-0.0460625550296224	0.206307701003418
HDAC3	0.869284139334881	TRUE	0.0116110181429407	0.940804892232339
EIF2B4	0.269809807407697	TRUE	-0.0330224313237358	0.619682683045548
KCNH6	0.265455785620283	FALSE	0.0134800049096468	0.616677556473754
PRPF19	0.892378294888529	TRUE	0.0157173638296584	0.950440789977995
TAT	0.0368272369766692	TRUE	0.0322029957222569	0.307577361096721
GP9	0.914855731813276	FALSE	-0.0194857675789093	0.961613403844427
FRY	0.63182916618257	FALSE	0.00951021488176855	0.824526518050887
TXLNA	0.141977819868414	FALSE	0.0393819811695528	0.497339048343512
RNF130	0.530085935230472	FALSE	-0.000814663788556651	0.771293978226027
NTN1	0.230967716737188	TRUE	-0.0361125594125516	0.584763762521969
OR12D2	0.844915288630997	FALSE	0.0076460597233812	0.930282361083196
CCL18	0.361160863571763	FALSE	-0.0112366749200246	0.678126019546319
CREB3L2	0.0976083077074958	TRUE	0.0783441644236192	0.433589634619975
DPYSL3	0.812385575269199	TRUE	-0.0148872713893491	0.917355454147065
OR1A1	0.861941988239686	FALSE	0.008658943576771	0.937062339851371
POLR2D	0.6711616012889	FALSE	0.0042515635663074	0.845589044112759
EPHA3	0.901138165695253	FALSE	0.0026377706798453	0.954596941406808
CYP2A6	0.537471982554608	FALSE	-0.0136458184649455	0.775631664117715
PARD3	0.101726373471088	FALSE	-0.0114907739298391	0.438880124775976
MLLT11	0.922401205440234	TRUE	0.0220037603157208	0.964684308106143
ASB13	0.909557085808857	FALSE	0.00604800830702245	0.958995701232693
PCYT1B	0.312070326036081	FALSE	0.00567254264758965	0.646549502452608
GYS1	0.923585298369491	TRUE	0.0145422481592119	0.965210479097848
PTPRB	0.46035142572299	TRUE	-0.0198962310635102	0.734166640826018
RPRD1A	0.4272861673068	TRUE	-0.0631757422294248	0.715815877863958
HDHD3	0.0369635081386702	TRUE	-0.0558404199987299	0.30773070395329
ABCD3	0.413024464100368	TRUE	0.0787083573117294	0.707662245823443
CD300C	0.788743523626391	FALSE	-0.0021021443235281	0.905860712488569
TCP10	0.109725300398939	FALSE	-0.0210585516531157	0.453416611233081
GP2	0.967229988527106	FALSE	-0.00678579273570313	0.985127175056935
GPR6	0.768112387263843	TRUE	-0.0213904776685618	0.895959917620072
CITED1	0.912785598329135	TRUE	-0.0126710107137713	0.960970112652396
FAT2	0.451384068072178	FALSE	0.00958891290657425	0.728575650942409
FGF17	0.689141694062189	FALSE	-0.0033830768747083	0.854755815901462
CORO1A	0.747048804241652	TRUE	0.0340565437330076	0.884308006190217
ACPP	0.550029185782274	TRUE	0.0449704650643965	0.781922567431267
WDYHV1	0.541263084341311	FALSE	0.00965277323631365	0.776785484539442
PTPRF	0.0958213782227131	FALSE	-0.0194729595881938	0.430304399076176
FAF1	0.524872624912767	FALSE	0.0043668469153011	0.768064709453124
NR2C2	0.941872938698125	FALSE	-0.00464439309298246	0.973183434310386
AVPR2	0.411153667585489	TRUE	-0.0253760963928218	0.706388751268942
MYLK3	0.559358999400833	FALSE	0.0030066722358151	0.786431704179299
C1QA	0.855996941508746	FALSE	0.0051721390702362	0.935570627580955
GPX2	0.964709506326552	FALSE	-0.00932576472205235	0.984771434302914
COX8A	0.757754056360651	FALSE	0.00458177575174725	0.890472924144825
CCDC70	0.338150403910068	TRUE	-0.0275133690802618	0.664835544444941
PPP1R1A	0.827596302970288	TRUE	-0.0171028109413771	0.922881321888825
MYH11	0.105275267489269	FALSE	-0.0359117994783254	0.445084361693073
DKC1	0.860999445253244	FALSE	0.00063553471098475	0.936486590861059
TIAM1	0.942028451765309	FALSE	-0.00640828043097925	0.973183434310386
HTR4	0.924543044034782	FALSE	-0.00153696400287995	0.965677374383788
ARID3B	0.901780131830175	FALSE	-0.0055743923228597	0.955187754770888
EIF2B3	0.494211821888758	FALSE	-0.014377730205755	0.751591717864354
SWAP70	0.0228923653578667	TRUE	0.0923460907147776	0.25649854821428
PARVA	0.86607440672958	FALSE	-0.0017204563468209	0.938711098888289
WWC1	0.968331126987869	TRUE	-0.00603645128273731	0.985856824019502
CD207	0.854837592880273	TRUE	-0.0145601396257535	0.935025644178355
DDC	0.541123759552128	TRUE	-0.0212980144046595	0.776785484539442
PTGIR	0.0368365866804257	FALSE	0.0469399422803198	0.307577361096721
PCDHB11	0.772099307330097	FALSE	0.0026328574760073	0.897632138487336
BLNK	0.601097069065685	TRUE	-0.0618912721897407	0.808234277971755
TRIP10	0.692512562914536	TRUE	0.027484703645075	0.856630533814974
RPP14	0.808584715128548	TRUE	0.02869049597503	0.916168083655483
LEF1	0.159732466132753	TRUE	0.0729101129938857	0.516878440451024
CNTNAP2	0.0231598623019635	FALSE	-0.0281050761586439	0.257208304252659
KCNJ9	0.0329358925595965	FALSE	-0.0257760973801591	0.294875628935684
CMA1	0.404603989107439	FALSE	0.00345146617041705	0.70395354642374
WFDC8	0.0792829673568427	TRUE	0.050686267291562	0.402254990178429
DSN1	0.652641132296247	FALSE	-1.09950084863e-05	0.835237233142346
MRPL9	0.907477458909548	TRUE	-0.0159460657284663	0.958179244489744
CSRP3	0.803565588036892	TRUE	-0.0137009190833167	0.91445505848558
GPR37L1	0.0648824372841011	TRUE	0.0521747220083584	0.375933549496384
CLSPN	0.589738857102031	FALSE	-0.005226406425916	0.803535422583529
BRE	0.188560794815479	TRUE	-0.0436301687231158	0.544459091523483
DNASE1L2	0.858616483040527	FALSE	-0.00216495164287345	0.935765873707601
C10orf76	0.00758770192015636	TRUE	-0.0582190511340293	0.162333871835194
FADS1	0.435796300010495	TRUE	0.0439463843651046	0.719809795457975
PADI4	0.185273777014337	TRUE	0.0870218193794248	0.541808774377569
CCDC101	0.478723643962035	FALSE	-0.0125593987015425	0.745388250057729
ZNF385D	0.594652991269555	TRUE	0.0318610957033605	0.80574609350202
SYTL2	0.358441068997453	TRUE	-0.0326791013228815	0.67597936172593
C1GALT1	0.959059532823751	FALSE	0.0192196138729859	0.981389409140738
CBX8	0.597528465559713	TRUE	-0.0221437284303061	0.807168843338288
EFNA5	0.731321250281137	FALSE	0.0038743719590539	0.876395229014776
XCR1	0.787553617025821	TRUE	0.0205224747376285	0.905227619204844
UAP1L1	0.854873520874593	FALSE	-0.00092824839530215	0.935025644178355
SYT1	0.954164034611953	TRUE	-0.0137668276956307	0.979633590549832
SPTB	0.889078451402617	FALSE	-0.00872420648278995	0.949181862390949
PCDH8	0.822853299634251	TRUE	-0.012369885121116	0.921501957616882
PDE6C	0.971815228086182	FALSE	0.00498975241099363	0.987756621662712
SFRP4	0.920448902655278	FALSE	0.00450121102230837	0.96364511367341
CYTH3	0.098161929555588	FALSE	0.0227172438886933	0.433935594885265
OR10H3	0.941192574610989	TRUE	0.0197668178689616	0.973183434310386
MAK16	0.599894111164084	FALSE	-0.00860342957749835	0.808221109561291
IKBKE	0.39595272746372	TRUE	-0.0333434876909706	0.697764503944764
ZNF407	0.917402833182456	TRUE	-0.0186098028040003	0.962421775418327
LIG3	0.687035013322859	FALSE	-0.00475716723421595	0.853185291527906
DEFB1	0.946403087528653	FALSE	0.00980091799749516	0.975320181375341
MAK	0.504511117843208	FALSE	0.00423725282063315	0.757518908382312
TTLL7	0.28393594289393	FALSE	-0.00396246193918785	0.629925583344605
PBOV1	0.211954117483226	FALSE	-0.0092207102130013	0.568645997504995
FZD6	0.851941810150784	TRUE	0.0132308540049095	0.933259413129141
POU2F3	0.881564271455138	FALSE	-0.00475359941155639	0.946127310643871
EVI5	0.946462284600706	TRUE	0.0235774851605726	0.975320181375341
UBQLN4	0.136508176282348	FALSE	0.034311823401498	0.489136716266414
COL4A5	0.261634464842835	TRUE	-0.0279441846106492	0.612054270807065
TBCC	0.900691533433162	FALSE	0.0018934460432285	0.954457595987604
PICK1	0.870507547930717	TRUE	0.0162483652262564	0.941363115599332
TIMP1	0.974147972994695	TRUE	0.0102085140396859	0.988886648682797
ZNF667	0.0912082992604239	TRUE	-0.0295899305406397	0.422990145322678
PLA2G4A	0.859094469882125	FALSE	0.0052529932959735	0.935765873707601
PAPOLB	0.553194320522314	FALSE	-0.000482223758607949	0.783046745044718
FAM129A	0.0160156562129429	TRUE	0.148172792958999	0.21696377673024
DNAJC24	0.322687645670181	TRUE	0.060772826924306	0.654670820227981
IFT88	0.948135264624824	TRUE	0.0146438596301546	0.976290025933607
UTP3	0.309746632423841	FALSE	0.0281831563394075	0.644843170484514
GTF2F2	0.877267701511195	FALSE	0.00801576954408125	0.944631909510822
GPRC5C	0.958224568676238	FALSE	0.00711513363154604	0.981066219794119
CYP2E1	0.965298475651694	FALSE	-0.00673353644584739	0.984966489614545
SERTAD3	0.942038428530479	FALSE	0.017707102136741	0.973183434310386
EIF3I	0.345912281530691	TRUE	-0.0317723479793397	0.66796651230867
SCN7A	0.940902919376474	TRUE	0.00678571522671879	0.973173237508879
FAM46C	0.647353434248073	TRUE	0.0621967959638745	0.832515767698534
LARGE	0.956356322770977	TRUE	-0.0114460481727563	0.98042526273186
C1QTNF3	0.921122809905852	FALSE	0.00547110911089766	0.964058661761349
ADRA2B	0.857197087055135	TRUE	-0.0147213825812029	0.935753494356561
CD59	0.8887651780901	TRUE	0.0375165428993341	0.949181862390949
AQP8	0.883164027490967	TRUE	0.0152179123255291	0.94678991280326
PLG	0.0037749591930922	FALSE	-0.0374001037661067	0.122578970654052
CDK7	0.7765571348742	TRUE	-0.0291536143158222	0.899527672891292
SARDH	0.167351769272252	TRUE	-0.0390918764863479	0.524924401598358
FHL2	0.599345000984365	TRUE	-0.0294979169145999	0.807981822292757
PTPRN2	0.0979807299036935	TRUE	-0.0520181520661605	0.433629287832458
SCN5A	0.859130262240729	FALSE	0.00204998570703195	0.935765873707601
ITCH	0.0245727416792673	TRUE	-0.063958000842407	0.261581910026705
GPR15	0.347582088801096	FALSE	-0.0097173487210762	0.668942306715474
PPIG	0.0141532494626907	TRUE	-0.148977105842863	0.20750800225091
HBZ	0.215205731306965	FALSE	0.00680319824908995	0.571081691969555
CHI3L1	0.958663336651135	TRUE	-0.0370590258792358	0.98124118081768
FUBP1	0.0318783746878232	TRUE	-0.0644915517615088	0.292761626946306
CRKL	0.774512682264661	FALSE	0.0043934608648293	0.898434711427007
CNGA3	0.256639484866284	FALSE	-0.00909765819264985	0.606908777809239
ABI2	0.961174913186643	FALSE	0.0134352101035309	0.98273987991614
GHRH	0.487684952452648	FALSE	0.0100909746770781	0.749854849317994
SULT4A1	0.785443435282813	FALSE	0.000751196971076049	0.904016742521407
ROS1	0.0757647644901709	FALSE	-0.0215664262309843	0.395197397596909
PTGER3	0.825251838342998	TRUE	-0.0198790819115646	0.922105892291216
C9orf156	0.885036507612602	TRUE	0.0128437692561608	0.947901101333644
PCSK1N	0.00280924997980383	FALSE	-0.0365267304759744	0.113095185309455
NR3C2	0.940035226629544	TRUE	0.0165093608610829	0.972896991123804
ZNF134	0.261459145937875	FALSE	-0.0121967600161024	0.612054270807065
SLC6A20	0.48559973311496	TRUE	-0.0185317427699632	0.749507651769684
ADAMTS1	0.505089801955136	TRUE	-0.0206239678733091	0.757579553133471
PRDM11	0.900207538055204	FALSE	0.00248665592201337	0.954457595987604
GUCA1B	0.350695133785633	TRUE	0.027993483712244	0.671444428188378
URM1	0.752789011861666	FALSE	-0.0050631044492242	0.88767414782648
CEBPB	0.191946044992875	FALSE	0.0290305677731153	0.548562570181104
KCNB2	0.736678075934247	TRUE	-0.0194847018999696	0.87872845602971
PTTG2	0.966203568567121	TRUE	0.0278050910550172	0.984966489614545
B4GALT3	0.887589556830223	FALSE	7.05268804828494e-05	0.948753580778459
TPH1	0.186281505866181	FALSE	-0.0013389459025057	0.54217914036826
H2AFV	0.748085289091523	FALSE	0.0450279525039806	0.8846114394628
CHAD	0.781527073994224	FALSE	0.0015784933063232	0.902066694931777
RPGR	0.871533866043147	TRUE	-0.0156898457768233	0.941851881424111
CD37	0.301843205848368	TRUE	0.0755119396763097	0.640696389201544
ABCB9	0.945275808757841	TRUE	-0.00933204013031607	0.975027962840459
QPRT	0.638216245029053	FALSE	0.00588023692424145	0.82771748854906
TWSG1	0.929912154910631	FALSE	0.0123017329582047	0.967983591883386
CX3CR1	0.119943572974082	TRUE	0.0893010846861779	0.468172176920179
ARHGEF2	0.742007459942435	TRUE	-0.0297700142271368	0.88115208728478
CA11	0.790566522417102	FALSE	-0.0025263938451885	0.907035697428667
TERF1	0.898560643025695	FALSE	-0.000212787301915499	0.953339814597251
TMEM63A	0.45274029022927	FALSE	0.00829547135361875	0.729933478019293
CSF2RB	0.307959321506204	TRUE	-0.0552158708913568	0.643710359320379
PLIN3	0.96609190234671	FALSE	0.0123105539281161	0.984966489614545
CH25H	0.961505972994943	FALSE	-0.0097906077070631	0.98273987991614
INA	0.697131823654249	TRUE	-0.0197356354171192	0.858934885191299
AQP2	0.377614016136008	TRUE	-0.035117988239584	0.686695848989435
PHB	0.954071876323252	FALSE	-0.00951292515291955	0.979633590549832
ARFGAP3	0.12302368371114	TRUE	0.0703534872017242	0.474035694212474
MAN2B1	0.587288943029713	FALSE	0.0378335448244007	0.802224951814711
FAM110B	0.12606557807893	FALSE	-0.0237473938245962	0.477947658579577
RHBG	0.8932174382914	FALSE	-0.001110113759609	0.950825434921723
GLTP	0.961427656476967	TRUE	0.015932937426379	0.98273987991614
HIBCH	0.299498419415263	FALSE	0.0291177161449934	0.639670856611352
YBX1	0.969999931647305	TRUE	0.0209482646452455	0.986707564811052
SYT2	0.66470923058455	FALSE	0.013301895400037	0.841762113647332
VPS13C	0.490822861919439	TRUE	0.0544971755900416	0.750160457110732
FNDC8	0.484939934032163	FALSE	-0.00307999263839685	0.749452625322433
KLK6	0.579355446935956	TRUE	-0.0248352358086908	0.797839490184047
RHCG	0.86001348268057	TRUE	0.0139182921447314	0.936110596285564
CSRP2	0.00449647865320433	FALSE	0.0331291619418108	0.130846457436584
TWISTNB	0.0921881009923819	FALSE	0.0107057168811155	0.424330155147084
PAX1	0.809826623581128	TRUE	-0.0181435360665798	0.916168083655483
SLC28A2	0.00543448397303247	TRUE	-0.0556582107876558	0.142264071829482
ARMC7	0.648877852078161	FALSE	0.0100424129899803	0.832687411126558
MC5R	0.965416891351578	FALSE	0.0089514944221265	0.984966489614545
IL10	0.462203734344759	TRUE	-0.0246526067856569	0.735057540643879
PCLO	0.555859369292435	TRUE	-0.023497460525328	0.784234696680385
DENND5B	0.136791355875642	FALSE	0.00947954517786485	0.489453197940647
AFF3	0.0230800862709074	FALSE	-0.0207826533977573	0.257077699632435
ZMYND8	0.0700109700185747	FALSE	0.0642488863773523	0.387057235027118
SLC7A2	0.00285090450026881	FALSE	0.0341923644439754	0.113095185309455
ETS1	0.675011994692071	FALSE	-0.0310424713056574	0.847938013092893
SLC6A12	0.00291080839983952	FALSE	-0.04419692716833	0.113095185309455
NT5DC3	0.0422795426787608	FALSE	-0.0271926765399937	0.319507786738187
GFAP	0.92140640633736	FALSE	-0.00442153553063076	0.964087165881628
POP7	0.517289297028976	TRUE	-0.0318776446798185	0.764100999922941
WDR52	0.581641534234084	FALSE	0.0057178986849782	0.79874450244402
TMEM168	0.926964821146444	FALSE	0.00739378355444755	0.966413728912889
BPI	0.213476297601446	TRUE	0.223833952084771	0.569554762000659
AIFM1	0.330679384710045	FALSE	-0.0198958939661171	0.66056307347869
POLL	0.498354248979685	TRUE	0.0311616051852152	0.754807791424133
SLC1A5	0.390598702558763	FALSE	0.026299062478357	0.694480671524407
CD5	0.672761687638718	FALSE	0.0101931613740222	0.846373624463976
BECN1	0.927645271427815	TRUE	0.0114750203524503	0.966780306316176
STX3	0.898224177868368	FALSE	0.00912233725661695	0.953112853532605
OCEL1	0.0638701145276534	TRUE	0.0525064298649145	0.373494459123476
AGFG2	0.860561675591259	TRUE	-0.0169000786654787	0.936294925124603
WARS	0.945120885093512	FALSE	0.00904818338255265	0.974956851899139
SLAMF7	0.887215100712963	FALSE	-0.0032641129062387	0.94849563575639
UVRAG	0.442424885216819	TRUE	-0.040383224108246	0.722607590360526
PNLIPRP1	0.819562241548585	TRUE	-0.0147147305476932	0.920375123762409
SMPX	0.940751080498933	FALSE	0.00654106719939132	0.973173237508879
HIST1H1E	0.0499325563702447	TRUE	-0.0409610479085512	0.341525057115855
ADAMTSL3	0.393506018404853	FALSE	0.0085719435888332	0.695768710851806
TMPRSS11E	0.903949698378814	FALSE	-0.0151869576676629	0.956535795525997
NR2F1	0.725044486526855	TRUE	-0.0183591327092118	0.873303530138944
EIF3A	0.580601539531414	TRUE	-0.0398956663580661	0.797992831120812
EDC3	0.208812660585083	FALSE	-0.0204287963746311	0.565359779936547
ELAVL3	0.856171034442161	FALSE	0.00081467783738145	0.935603713424401
SLC30A3	0.0567272363171129	FALSE	0.0402798929229022	0.355935076973369
NR5A2	0.823542616609159	TRUE	-0.0122567222408323	0.921501957616882
TRPV6	0.40880008348449	FALSE	0.0266540150671504	0.705967734789922
CD79B	0.533006385677467	FALSE	0.0190126386343499	0.773353730927293
PIGV	0.332867420095506	TRUE	-0.0278894029569869	0.661911219007552
PURG	0.967186101726189	TRUE	-0.00922774839280962	0.985127175056935
RPL19	0.0842394395015396	FALSE	-0.0152967038553724	0.412832363945949
ZNF862	0.590266389260577	TRUE	-0.031992140632008	0.803653902517741
HCRTR1	0.116241176651831	TRUE	-0.0319430716919071	0.464703841013346
CD79A	0.903980737706727	FALSE	-0.0252313280327607	0.956535795525997
CDH12	0.838151353706358	TRUE	0.00975765312649291	0.927199824358672
GPRASP1	0.897554316800247	TRUE	0.019633572058698	0.952715530038933
PTPRCAP	0.952898454787626	FALSE	-0.0225236473739647	0.979238316008419
PDHA2	0.896927315058926	FALSE	0.010000401293484	0.95253899273702
KRT1	0.968027983376638	TRUE	-0.00741166373374026	0.985674326823608
AQP5	0.395807143693037	TRUE	-0.0284949718989993	0.697764503944764
MARK1	0.903230532154388	TRUE	-0.0075497041868835	0.956188124740791
ARL4D	0.930504032498477	FALSE	-0.00600259041052009	0.968335648357216
MAP4K3	0.863274610847296	TRUE	0.0188768337683624	0.937300473803612
WNT7A	0.935182917452032	TRUE	-0.0134516972757823	0.970632403677428
GALK2	0.137043027686085	FALSE	-0.0313585280901494	0.48958125108145
PDK4	0.765540711013968	TRUE	-0.0875510428283482	0.895170271443476
GON4L	0.0237385527734018	TRUE	-0.0569431619383222	0.259449167607816
PSMB7	0.641424778672407	FALSE	-0.00769554129348115	0.830074819147046
C6orf48	0.00214154156146967	FALSE	-0.0582671057879408	0.0986766171387992
NPY6R	0.543736854205378	FALSE	-0.01334985840449	0.777383960387692
EPM2A	0.338251720248952	TRUE	-0.0297599007544007	0.664835544444941
CD200	0.463598064552061	FALSE	0.00301564944044275	0.736341007697971
IRF9	0.547658574731946	FALSE	0.210226512811059	0.78033432758049
STK4	0.0116501330374109	FALSE	0.118888378660019	0.19340688654755
TTPAL	0.508521005147751	TRUE	0.0274446069899094	0.758600141740606
IFI44	0.25387057133982	FALSE	-0.141828973625697	0.605790595632738
SLIT3	0.971772778466111	FALSE	-0.00494847190942374	0.987756621662712
PRKCSH	0.314926522398298	FALSE	0.119999269756881	0.647690746991241
GPX3	0.686953456906019	TRUE	0.0248226086492421	0.853185291527906
CXCL1	0.128024602578788	FALSE	0.0230683212252347	0.479049001236943
ZDHHC14	0.677738129810371	FALSE	0.00895356863076425	0.849157199328154
GPR182	0.314319723991488	FALSE	-0.0112756873844009	0.647690746991241
CACNB3	0.694499089243412	FALSE	0.0043323088175935	0.857274675912372
AGAP2	0.966125058720327	FALSE	0.0061074165405013	0.984966489614545
CCDC82	0.939872571699409	TRUE	0.0157419768415217	0.972817443222236
TRAPPC6A	0.860903528335231	TRUE	0.0170723193834057	0.936472093993974
ANXA9	0.472589734792788	FALSE	0.0171572195668062	0.741391237227485
PCK2	0.490723890256986	FALSE	-0.0160426644234964	0.750160457110732
C8A	0.576169194433121	FALSE	-0.0050610111211724	0.796534379337175
WDR12	0.570708524738423	TRUE	-0.0291522280960903	0.793102063532074
PLA2G3	0.87480260935766	FALSE	0.0027797030735219	0.943535316989109
EDNRA	0.625013534811384	TRUE	0.0204732890599164	0.820617952725246
DBF4	0.645387218445203	FALSE	-0.00421633600089155	0.832068865258687
CXCL5	0.765941692151783	FALSE	0.0295909352278716	0.895427068606194
PACS1	0.404902110395593	FALSE	-0.0120012383736508	0.70395354642374
KRT13	0.399713609714759	TRUE	0.0269293667287002	0.700626467855256
CENPE	0.37057813771315	FALSE	-0.0141475613867201	0.682647558715216
IPO9	0.00552026984295218	TRUE	0.0745921609213999	0.14289526848422
TACR1	0.283847561927917	FALSE	-0.0232274053487753	0.62985274064592
LY6G6E	0.820742043031615	TRUE	-0.0169558971508965	0.9206958870138
DAP3	0.0017610914520961	TRUE	-0.0826071201216931	0.0906680095836422
DDX31	0.105597572654576	TRUE	-0.045083232787539	0.445586471051457
CELF2	0.947026493415024	FALSE	0.00403069037137092	0.975502671587296
PRL	0.539661954810505	TRUE	-0.0216377519469328	0.775943867343246
TTC39A	0.276327157546487	TRUE	0.0324759213265886	0.625800989657934
MTAP	0.966090093261456	TRUE	0.00881813070562876	0.984966489614545
NR2E1	0.122342488723067	TRUE	-0.0311536644691421	0.472817877769812
METTL3	0.127308530206872	TRUE	-0.0716041397072811	0.477954320979065
IFI27	0.599806582661315	TRUE	0.0718822197307161	0.808221109561291
ZMYND11	0.919299262925493	TRUE	0.0177169421524574	0.963193982787437
TIMM22	0.237557246748773	FALSE	-0.0181108263800795	0.590872026874655
IFNA10	0.0800520625179157	FALSE	-0.0090202781097575	0.403606196927811
SLC47A1	0.498738749426396	FALSE	-0.007384226565887	0.754807791424133
AXL	0.9581436302063	FALSE	-0.00516796699015433	0.981066219794119
BRAF	0.4416050135503	TRUE	0.0228000705855953	0.722607590360526
VAV3	0.965662878643277	TRUE	-0.0167522044661537	0.984966489614545
EFR3B	0.922284281429934	TRUE	0.00730498380848221	0.964684308106143
HEXA	0.365100939743709	FALSE	-0.0183226136483112	0.680565437408173
ZAP70	0.944071094827246	TRUE	-0.0242129804616931	0.974405802316234
SIGLEC1	0.29796240429736	TRUE	0.0749336467719448	0.638193370292362
SLC3A1	0.253001532967241	TRUE	0.0196500266388897	0.605228772640411
PDLIM1	0.610631510496501	FALSE	0.0215235080259139	0.812765664693018
SRPK1	0.97511324349861	TRUE	0.0163017758914101	0.989375690283293
RIT2	0.64518187814016	TRUE	-0.0170256029603584	0.831993326081119
OSBPL3	0.592388685844174	FALSE	-0.00986901429707165	0.804245369425885
NUP62	0.323222659438259	FALSE	0.0387258540619939	0.655122675424904
ATP6V0A4	0.401654590510548	FALSE	-0.0114433130068825	0.701750601201711
BARD1	0.288805052397662	TRUE	0.056051552498646	0.632033998189821
SULT2B1	0.0482710201042104	TRUE	-0.0485979232697962	0.338703649109927
GRAMD1B	0.504615718576363	TRUE	-0.0319858040048824	0.757518908382312
GTPBP1	0.0357527790016876	FALSE	0.0494249310952496	0.303286792126452
FFAR2	0.0809207597949561	FALSE	0.0308667437148799	0.404505929750587
OPCML	0.00557848878732218	FALSE	-0.0425801574742955	0.14289526848422
EPHA1	0.0952180702209095	FALSE	0.0168566971565363	0.428783835677082
IKZF4	0.832423034149611	TRUE	0.0152623669561964	0.924549896077036
CER1	0.503811635051983	FALSE	-0.00883755582483615	0.75719872025436
ANKRD55	0.70741900561768	FALSE	0.00258444305560125	0.864843569239771
ZNF571	0.858660310610123	FALSE	0.00560137190588827	0.935765873707601
SRSF7	0.114425689361335	FALSE	0.147217192688358	0.461378722893587
GNB5	0.107066998796774	TRUE	-0.0569281122270446	0.448034418858713
LY6G6D	0.234960952236689	TRUE	-0.0380047751387136	0.589686245243683
HMOX1	0.00493841636859343	TRUE	0.164326261197136	0.136148242252537
POU3F4	0.874061599247666	TRUE	0.0146603574410938	0.942915467022099
SLC22A2	0.832494438570116	FALSE	0.00274039650278991	0.924549896077036
TP53AIP1	0.958828140352755	FALSE	0.00662348888829012	0.98124118081768
IGLL5	0.911519765509712	FALSE	0.0137347316381176	0.96021206067583
MPHOSPH8	0.978144430854579	TRUE	-0.0158131033281439	0.991168874125118
AKAP10	0.344043255543444	FALSE	-0.026447519364198	0.667057181062751
TNMD	0.711508575473824	FALSE	-0.00302031551266205	0.866606468424941
CAPN2	0.775222342275336	TRUE	-0.0176247125977706	0.89879817372802
SEMA3F	0.889566438448085	TRUE	-0.0121931224026182	0.94927667908945
ARHGAP28	0.476564177665745	FALSE	0.0092664256804591	0.743909858280821
ODAM	0.126555612359167	TRUE	0.0317390269795928	0.477954320979065
LXN	0.66100387230548	TRUE	-0.0334958281325491	0.839883786202581
IGFBP5	0.0106320344080066	FALSE	-0.0368687420777869	0.18828210705163
RND1	0.471162740050939	TRUE	0.0230852115225244	0.740678540057896
NAT8B	0.942718759292625	TRUE	0.0244222973309394	0.973630386339291
SYNC	0.351270648993615	FALSE	0.0102627160681932	0.671609071591121
CST6	0.708000571924258	TRUE	-0.017515174597655	0.864994988153125
SERPINA1	0.645751926527877	TRUE	0.0274721840211542	0.832255182416412
CHRNA1	0.955097525452878	FALSE	-0.00397564270460828	0.979907887342347
FCAR	0.141879337500156	TRUE	0.0966145727673356	0.497339048343512
DCAF13	0.88287319038486	TRUE	-0.0106121105409174	0.946567615901468
ARPC1B	0.52898214030221	TRUE	-0.0262324705117205	0.770472509812043
SLC18A3	0.145668595703635	TRUE	0.0345547178340357	0.500598580720017
NFE2	0.184188110625137	TRUE	0.113826624612301	0.540804807720894
DSTN	0.587266988650448	TRUE	-0.0464960130116836	0.802224951814711
ABL1	0.0198200831425319	FALSE	0.0499648906064216	0.241135533918911
SLC8A1	0.781541865332902	TRUE	-0.0281796776493159	0.902066694931777
IFT57	0.0406118229847384	FALSE	0.0566547687101847	0.316359868821128
COL8A1	0.219728375350017	FALSE	0.00715146339496986	0.573156507315819
LGI2	0.364541756451572	FALSE	-0.0212935940615271	0.680417938502778
POMZP3	0.923147310526357	TRUE	-0.0205855609644501	0.965019577215669
SMU1	0.960044661123098	FALSE	-0.0215399864257866	0.982131578173477
ETNK2	0.676603314432499	TRUE	-0.0184377903535604	0.84860784647197
OSTF1	0.0219549700814093	TRUE	-0.0918143376793399	0.251971058454555
KCNE1L	0.814192342703168	TRUE	-0.0176094056418266	0.918417236617156
ZG16	0.577526178474928	FALSE	0.0047012484537583	0.79720088137536
RNGTT	0.742319587198238	TRUE	-0.0299999491459037	0.881285917625466
MYO1C	0.478898582730737	FALSE	0.0219175603240683	0.745501239646324
CD38	0.938314689842599	TRUE	-0.0229373756491515	0.971737169433302
TRIM31	0.537946301677251	TRUE	0.0159721402878877	0.775631664117715
PROM1	0.516669593358517	TRUE	-0.0164699339003289	0.763729183923262
DUSP26	0.282416981071185	TRUE	0.0387701490810212	0.628633272459229
NAP1L1	0.948046093243774	FALSE	-0.015250216594811	0.976286863254124
SPOCK2	0.685705969936795	FALSE	0.0134069991432351	0.853107305839626
TRIP13	0.783841156156686	FALSE	-0.00844570953924027	0.903214233714119
KIF23	0.888281477021791	TRUE	0.0115688201382569	0.949168470285318
BIRC3	0.278391780839224	FALSE	0.0415820977795665	0.626699305724828
HSPB1	0.00305122251907216	FALSE	0.162850946461307	0.114647011330044
NME5	0.333938806258591	TRUE	-0.0236573866226857	0.662437134664065
MOGAT2	0.727256407582133	FALSE	-0.0054226182964987	0.874150218367694
SMAD1	0.742184559231125	TRUE	-0.0308110777727784	0.881217876138401
CASP2	0.182208274934691	TRUE	-0.0427654690981814	0.538767129187948
ANKRD27	0.0184871465558409	FALSE	0.0812932763305955	0.231119906060286
CLU	0.0804490201593548	TRUE	0.208984923959252	0.404446980436354
BHLHE41	0.174711348017188	TRUE	-0.0301138029186419	0.530118270047335
AP1M2	0.784207113469475	FALSE	0.00218329748711235	0.903303988178624
HDGFRP3	0.0272153149545892	TRUE	0.0729285957716674	0.273782581144005
MAGEF1	0.692872877970717	FALSE	0.0130750452434216	0.856640132080486
PKDREJ	0.568315548260158	TRUE	-0.0181859042881638	0.792057368157974
DOK5	0.771199080851667	TRUE	-0.0172586367636525	0.897136999157149
SKI	0.297761580166991	FALSE	0.0117417915903966	0.638140098267569
ST8SIA2	0.0802814904368773	TRUE	-0.037610474575874	0.404392762407975
FGF13	0.412396935604444	FALSE	0.00946311813080315	0.707386645871797
MAP3K14	0.0297518812007053	FALSE	-0.0591637271437037	0.284449056437434
DZIP1	0.407829247861131	TRUE	-0.0205588842394428	0.705688362810524
COL16A1	0.880071988006985	TRUE	-0.0134785600799772	0.945710412434724
LPPR1	0.685797741892557	FALSE	-0.003445815641252	0.853107305839626
ZNF529	0.752455043636852	TRUE	-0.016304412610372	0.887372619843813
PRKAB1	0.826212877678562	TRUE	-0.0217766951145153	0.922192181842205
UGT8	0.186325320351591	FALSE	0.012803135921362	0.54217914036826
RHOBTB1	0.540264115498578	FALSE	0.0217602350842205	0.776334407000174
C2orf43	0.444354583623958	FALSE	-0.00584303096586725	0.723847232874429
CILP	0.94127306998866	FALSE	-0.00233937938086548	0.973183434310386
POLR2C	0.980988658267221	FALSE	0.00854221951728286	0.992720249539672
DRD1	0.685522536745817	TRUE	0.0178632467171314	0.853107305839626
PLAUR	0.554106485931432	FALSE	-0.0093523810060789	0.783243017228659
GRM3	0.93467326538582	FALSE	-0.00348482850197308	0.970358922927103
LRIG2	0.0399977106754169	FALSE	-0.0406120572849196	0.315649780659111
FEZ2	0.483810202683367	TRUE	0.0330633372512041	0.749238444171907
PDCD11	0.8090860415041	FALSE	-0.00441985505420738	0.916168083655483
SYNE2	0.872640829906808	FALSE	-0.023788772820617	0.942099816272808
PODXL2	0.653200625121428	FALSE	-0.004279503319915	0.835492598787577
CACNB4	0.876533109873045	TRUE	-0.0142446196394968	0.944234175646063
ESRRB	0.953570867146367	FALSE	-0.00386786285065678	0.979574203893156
MAGEH1	0.883504847994824	TRUE	0.0165492276028836	0.946976223784224
RBBP4	0.0222231170050342	TRUE	-0.0928175670765087	0.253508977585597
CTSG	0.378384868565478	FALSE	0.0512755157575035	0.687250684713112
HIST1H4H	0.0588838272383315	TRUE	-0.064753940645585	0.360644597450668
TTLL5	0.738329350180443	FALSE	-0.00182748178646495	0.879749016747092
TP53I11	0.951825076679951	FALSE	-0.00911815049958385	0.978489985899725
CHN1	0.929924447591132	TRUE	0.010906409015873	0.967983591883386
ACVR1B	0.229579717850164	TRUE	-0.0460933337315534	0.584595648035707
ZC3H7A	0.966899697895913	FALSE	0.00966265868676917	0.985118980417356
PDE10A	0.920557709790138	TRUE	0.00907770408106191	0.96364511367341
CLP1	0.96987631689648	FALSE	0.00633490111634404	0.986670335303175
ZNF580	0.300797751378676	FALSE	0.0351136880928413	0.639857916714752
NAGPA	0.977885830961382	FALSE	0.00571140089267484	0.990995391658871
KLRC3	0.44486610381278	FALSE	0.00260647520462865	0.724166130690542
RBPJ	0.0270238596647403	TRUE	0.157272946898731	0.273348389597226
VKORC1	0.718446079122118	FALSE	-0.00809166842166585	0.870348300338216
CD320	0.00707302962533531	TRUE	-0.0780189278236419	0.157876147483616
CBY1	0.627116303252677	TRUE	0.0222100893600539	0.821686129256079
RUNX2	0.226810204943278	TRUE	-0.0369912051502106	0.580832748713269
GJB5	0.0446493013442991	FALSE	-0.0367646958030505	0.328266399704251
GDAP1L1	0.233213205569044	FALSE	0.0175184896357359	0.588037477862439
RPL6	0.632573888648911	FALSE	-0.00519967401587305	0.824806841511917
EXOSC4	0.952135052303689	TRUE	-0.0109160568540969	0.978719912797709
DYRK4	0.203483920119857	TRUE	-0.043579075996699	0.560569526297147
TENC1	0.90977306271806	FALSE	0.000387808843441045	0.958995701232693
GOLPH3	0.00451268583142365	FALSE	0.0688111109015932	0.130846457436584
EPCAM	0.117120099610458	FALSE	0.0179498288910436	0.465054833735256
TTF1	0.497614006250703	FALSE	-0.0219411923934593	0.754640259044632
BTN1A1	0.548746709614383	FALSE	0.00962930231029045	0.781037912135181
SLC17A4	0.833069452246655	TRUE	0.0129632074514019	0.924656720763376
GNAZ	0.91670500956358	TRUE	0.0301766444992397	0.962188105474538
CDK2AP2	0.373559390687975	FALSE	0.0455946405574157	0.684406193409428
HRC	0.415922287594468	TRUE	-0.0217055874660881	0.708336613551641
ST5	0.49054323709241	TRUE	-0.0213696237259438	0.750160457110732
SCGB1D1	0.411029225494941	FALSE	-0.0029906698447981	0.706388751268942
PPM1B	0.88831253255735	TRUE	0.0145354216460838	0.949168470285318
PAPPA2	0.94586776720618	FALSE	0.000906408050834975	0.975195000213755
CTPS2	0.25576959623763	FALSE	-0.0158541691263472	0.606603524730911
AGRP	0.957868375352686	TRUE	-0.0121825188580185	0.981066219794119
DHX58	0.59936026804648	TRUE	-0.0327494395715662	0.807981822292757
MMRN2	0.480568929691192	FALSE	-0.0104445513588854	0.747075828594519
ITGA2B	0.341997536627837	FALSE	0.0763929341250879	0.666303315229786
COG8	0.328501740280532	TRUE	0.0321164654225998	0.658837192069794
EMILIN1	0.622068723612092	TRUE	-0.0210666640071202	0.81866372053546
FAM47E	0.0686891647970128	FALSE	0.046657920983106	0.384815434601447
HTR1A	0.572353043091752	TRUE	-0.0342952323438559	0.794262142203355
ST3GAL1	0.406616358691104	FALSE	-0.0239119092380786	0.705203868338702
WNT16	0.881106847291181	FALSE	-0.00155929745419049	0.946015580099867
XAF1	0.139289669340343	FALSE	-0.0781498205108957	0.494097450017809
ABCC4	0.637673109715039	TRUE	0.0431662563744482	0.827486311634107
EIF3D	0.000696030847876329	TRUE	-0.0722581386240382	0.0635366291255485
PSMB3	0.12029574146256	FALSE	-0.0287588980795181	0.468578980571615
TSEN2	0.920251607728005	TRUE	-0.0102475507074819	0.96364511367341
BUB1	0.665904827391089	FALSE	-0.0062442483189704	0.842139589826512
TTC12	0.90759135605244	TRUE	0.0145031155271203	0.958210278052012
TPST2	0.0538257201665319	TRUE	0.0895252946103709	0.348163058167887
TSPAN2	0.192724510924866	TRUE	0.0373589258987277	0.549499453723677
PIKFYVE	0.59122263174082	TRUE	-0.0464069101896754	0.803904446814998
RNF8	0.933776563499347	FALSE	0.00134283201476926	0.969880258536016
LMO7	0.840528779499917	TRUE	0.0128000381713069	0.928638073965839
SCFD1	0.93614761270089	TRUE	0.0227031858311837	0.971000528761013
PIGC	0.829687511945403	FALSE	-0.0062880583106053	0.923276381739061
GPD2	0.433897794932913	FALSE	-0.0122596373662036	0.719304463784551
LAT	0.0682956509328869	TRUE	-0.0640566652746717	0.383910752305847
MED12	0.937923618681105	TRUE	-0.0107593824590802	0.971684355352521
CDR2L	0.594698743850287	FALSE	0.0074832464763999	0.80574609350202
EPHB4	0.70943519303638	TRUE	-0.0245426143989555	0.866094493307442
PMCH	0.424874592237072	FALSE	0.0068202335353105	0.714948193214849
CLDN1	0.93714616023093	TRUE	-0.0067921606179624	0.971325439749407
UBE2G2	0.000512740425221663	TRUE	-0.0937080719046703	0.0548487139772494
PLEKHA6	0.971641183590648	TRUE	-0.00693414627335364	0.987756621662712
OR3A1	0.31130210555668	FALSE	-0.00413614697825615	0.646243463839332
GDPD3	0.958029924053181	TRUE	-0.0148141302042894	0.981066219794119
DOLK	0.733798489153481	TRUE	0.021556008130454	0.877324026624981
CYP2C8	0.926074502026702	FALSE	-0.00547744043302247	0.966297853913755
REG1A	0.687845180948246	FALSE	0.00195453771931305	0.853708023946164
GALR1	0.857833984829167	FALSE	-0.0028878360812623	0.935765873707601
CHAF1B	0.483594207717681	TRUE	0.0263323621334642	0.749210919703619
PPP1CA	0.874616840599585	TRUE	-0.0212590412382694	0.943424691358324
CXCL14	0.978745872492478	FALSE	-0.00559643142575836	0.991601094370283
RHOBTB3	0.460431298119971	FALSE	-0.0035064342215296	0.734181777953026
WFDC1	0.884273439286879	FALSE	0.00140365944401655	0.947501497915506
FOSL1	0.549280414835859	TRUE	-0.0286510613139197	0.78136878984115
RABGGTB	0.906839703119046	FALSE	0.0044060535888448	0.958130394490017
CAMK4	0.833783771193425	FALSE	0.0207970918023737	0.924985244258121
SYCP1	0.674166710029179	TRUE	-0.0141001208239009	0.847397885491726
OSBPL1A	0.0404846169678123	FALSE	-0.0552615771820841	0.316359868821128
PAK1	0.132626322666665	TRUE	0.0663472651963432	0.486066030840592
TULP1	0.0729206463235702	FALSE	0.0319574650969372	0.391511801015228
CYP20A1	0.548355056487775	TRUE	0.0332979830125324	0.78075916245536
HOXC8	0.782787031360964	FALSE	-0.0031875678185265	0.902676919414418
SLCO1C1	0.977499250908304	TRUE	-0.00476634327886582	0.990957890572128
IFNB1	0.785389684631754	TRUE	-0.0183041571093856	0.904016742521407
LY9	0.098419571357163	TRUE	-0.0555902741621099	0.43457146402604
KEAP1	0.85468502892457	TRUE	0.0216212323905926	0.934999859428432
MTR	0.862680124598944	TRUE	-0.0196080811494194	0.937132077568621
SEC14L3	0.295860229800925	TRUE	-0.0262346152079411	0.637224855479407
NACA	0.809291953295746	FALSE	-0.00790670858823985	0.916168083655483
GABRD	0.312368161751675	FALSE	0.0204657924932117	0.646642862225336
TXK	0.863318295123461	TRUE	-0.0360144964450791	0.937300473803612
SIT1	0.964325207796607	TRUE	-0.0107376423089365	0.984556413758844
CCL16	0.955015333487091	TRUE	-0.00919445974345613	0.979907887342347
SMARCAL1	0.460013245488507	TRUE	-0.0240673527573634	0.733936990374867
KCNIP1	0.700814778323284	TRUE	-0.0150353348590491	0.861332224234036
DNAH2	0.298545141465098	TRUE	-0.0285532824335593	0.638717614919387
MCM9	0.498877344162016	FALSE	-0.0125241040914603	0.754807791424133
TOM1L1	0.413958523439179	TRUE	-0.0218259427780492	0.707850358516276
ZNF133	0.908832264975721	TRUE	-0.0112560662553305	0.958984650340564
RPA4	0.660887542013396	TRUE	-0.0246443668837441	0.839883786202581
BRAP	0.949694953613629	FALSE	0.00509856074310956	0.977097457492509
RAB3A	0.93650949642618	TRUE	0.0120408067618811	0.97102059070743
PDE4D	0.607719296790582	FALSE	-0.0028213704868989	0.811209153823491
SDCCAG3	0.372058132206728	FALSE	0.0232523717162581	0.683016716760221
CHST1	0.60826608558517	TRUE	0.0216360042564663	0.811248051733794
PDX1	0.855277485366576	TRUE	-0.018683976456321	0.935110828186721
CDK12	0.164176879887481	TRUE	-0.0404419447012483	0.520703768558187
ZNF671	0.824323918332417	TRUE	0.0173338158574201	0.921693026492371
UBASH3A	0.95423344277475	TRUE	0.0191234293166933	0.979633590549832
CLEC10A	0.715572839094004	FALSE	-0.0320943650605389	0.868351928776425
GIT2	0.117349125554191	TRUE	-0.052219126001611	0.465054833735256
LRRC61	0.706380927713542	TRUE	0.0249401389068349	0.864631571166892
TBCE	0.85990334285256	TRUE	-0.0243429184126289	0.936110596285564
TEKT2	0.760735381772314	TRUE	-0.0159882787386061	0.892219538055054
KLK14	0.703940011889614	TRUE	-0.019494592807125	0.862986682156103
COLQ	0.981254572007509	TRUE	-0.00644482193287653	0.992848639165125
CYP2B6	0.895060034831962	TRUE	-0.014173314713684	0.951447054931997
CNKSR2	0.394108882207133	TRUE	0.0217070560690793	0.696696282086926
NACAP1	0.976347258148933	FALSE	-0.00710498550848593	0.990321277408601
CREB3	0.983591142540325	FALSE	-0.0107006746878264	0.993580397796414
MBNL1	0.14195893914402	FALSE	-0.382293232249379	0.497339048343512
LSG1	0.854055858183593	TRUE	0.0211507798047142	0.93476248802546
TRAV8-3	0.18544491166411	FALSE	-0.00796818673300325	0.541808774377569
TRDMT1	0.942023121774642	TRUE	0.013809278614608	0.973183434310386
PKN2	0.8777873288093	TRUE	-0.0279767395509536	0.944727123777834
ZNF365	0.861814099401518	TRUE	-0.0101603916018509	0.937062339851371
RASGRP3	0.444556695582764	FALSE	-0.005279180378984	0.72394490466939
DSCR4	0.697402425276822	FALSE	-0.0033691229346009	0.85917493483419
TAS2R1	0.0572673207042822	FALSE	-0.0298262860065757	0.357346528363767
SLK	0.124586871696256	TRUE	0.0793006379266733	0.476134323614374
HNF1A	0.591116880536854	TRUE	0.0225333472576556	0.803904446814998
TOB1	0.114812873064222	TRUE	0.135743411463546	0.461981251836484
DNTT	0.766955144719586	TRUE	0.0108880546276886	0.895715767429744
CDKAL1	0.438628898781898	FALSE	-0.0142771353891886	0.720709039746115
SLC38A7	0.505496394165063	TRUE	-0.0240473105811563	0.757676617771005
WDR19	0.64842680309308	TRUE	-0.0243804246711421	0.832515767698534
ITGB6	0.945375279983947	FALSE	0.00238444239066249	0.975041868267962
GDF2	0.969138642671814	FALSE	0.00675403448968568	0.98636236148063
ATXN3	0.64085860297765	FALSE	-0.0101347769621451	0.82962617869204
C5orf42	0.974805274339864	FALSE	0.00819075487249909	0.989199660438493
ADAM20	0.914555157184015	FALSE	0.00270422974888842	0.961533697478864
CYP3A43	0.07833253064467	TRUE	-0.0290155421266713	0.400459458870542
RHOH	0.88233309692982	TRUE	-0.0329089009303134	0.946256973998603
ANAPC5	0.538387683279389	TRUE	0.0358071247245206	0.775631664117715
ZNF3	0.00682447690212497	FALSE	-0.0397073565612272	0.15552284683168
KLF1	0.905921315616741	FALSE	0.00290194622222062	0.957520459082955
CXCL12	0.900414848668185	TRUE	-0.0119345308737673	0.954457595987604
TCF4	0.885637554660543	FALSE	-0.0069603055194927	0.948064113096533
NKX3-1	0.0567701148915065	TRUE	-0.0420758218900028	0.355935076973369
OLR1	0.130593760303698	FALSE	0.0165658456332049	0.483290681489436
CHRNA9	0.245692964452666	FALSE	-0.0102220239105399	0.598352651329515
PRM2	0.18143551512743	TRUE	0.0410160357838643	0.537996157434605
NDUFA5	0.80962988428892	FALSE	0.0185598550842263	0.916168083655483
KCNS1	0.700324377501434	TRUE	-0.0230441656414873	0.86109066541843
HSP90AA1	0.915361743919147	TRUE	0.0515072736156599	0.961735755959765
SDF2	0.535461004783359	FALSE	-0.0138554902421131	0.774279906077429
KIAA0101	0.957724101355033	TRUE	0.0255249689467014	0.981066219794119
TECTA	0.195074851529471	FALSE	0.0213422232488054	0.55103262202501
KCNN2	0.645280278762093	FALSE	-0.00420642498557865	0.832025594824127
CNP	0.150704637441824	FALSE	-0.0318502702199686	0.506557931944922
RCBTB1	0.53232985443708	TRUE	0.0626076888907827	0.773044429503974
FBXO42	0.272951422648615	FALSE	-0.0194905274897872	0.622485153140115
NIT1	0.0705467249786497	TRUE	-0.0686977249876277	0.387642016983979
MYB	0.573127867736636	TRUE	0.0442280823994783	0.794947632081433
NACA2	0.168488782870571	FALSE	0.0011433628021331	0.526162023951916
NCR1	0.579643373908763	TRUE	0.0272493924221378	0.797860389447958
SFXN1	0.294424430861109	TRUE	-0.033525868661831	0.63564606170511
GAL3ST1	0.170776764244953	TRUE	-0.0347022205743567	0.527582233154421
IL18RAP	0.983041719920954	TRUE	-0.0227203310299573	0.99355584734814
KDM5A	0.16515639565517	TRUE	0.0605210392029425	0.521355336952665
RAG2	0.931877288089352	FALSE	0.00524589206696825	0.968912256703149
DROSHA	0.551425918657943	TRUE	-0.0348731513775964	0.782849441800729
MLNR	0.511403808909504	TRUE	-0.0217310478757868	0.760499382193425
TRIOBP	0.581134476586785	TRUE	0.0268277536695676	0.798434972739313
ENAH	0.586792190500247	FALSE	0.00174332212411875	0.801836183186588
MAGEC2	0.0837067976921299	FALSE	-0.0203870380095222	0.411169867465978
SEZ6L	0.735718031439644	FALSE	-0.004956754732691	0.878370626176731
CLCNKA	0.771338723967382	TRUE	-0.0142143722186554	0.897139172332152
OCRL	0.721525447813646	FALSE	-0.0039228610559117	0.871799696961032
TBXAS1	0.0733683988006247	TRUE	-0.0771377325474135	0.392411769896611
CNNM2	0.305629269841993	TRUE	-0.0283159363638847	0.643439232326714
RAB36	0.675194666215339	TRUE	-0.0172466519960647	0.847938013092893
LPHN3	0.782169868413078	FALSE	-0.00445625495399682	0.902380301031387
RASL12	0.927110391271693	TRUE	-0.0108385070104173	0.966413728912889
PPAP2A	0.342903870282173	FALSE	-0.0132461785653368	0.66656637801489
CLEC3B	0.165322195375753	TRUE	-0.053088284492333	0.521588306445648
DPF3	0.561315102376305	TRUE	-0.0216371694227702	0.787975528792549
ZNF43	0.780067020785871	FALSE	0.00059084102718595	0.901307592642898
FAM162A	0.0914088385878873	TRUE	-0.0640934700745869	0.423573690538641
AGPS	0.679979647072842	TRUE	0.0374784016552114	0.850168161065769
PPP1R16B	0.794333197194876	FALSE	0.00082126454844645	0.908966002925896
NUP107	0.0722819218399879	TRUE	-0.0988324460605426	0.390322465949818
BAMBI	0.650377916008017	FALSE	-0.00303217254846945	0.833715443667931
GPR63	0.962814699713322	FALSE	-0.00900665314952007	0.983722822134561
USP53	0.788105937251213	FALSE	0.0132500404701607	0.905495310820905
CA6	0.73246553939747	TRUE	-0.0134547297945313	0.876816065312877
BRD7P3	0.00718585950547044	TRUE	-0.0673085737874816	0.159452956815126
TMEM97	0.943570776234748	FALSE	0.0067887499159416	0.974192777558073
COX6C	0.522319106121509	FALSE	-0.00655683940887685	0.766683174357697
C9orf38	0.84676782380328	TRUE	-0.0149748330528587	0.931190025613945
RCHY1	0.838595427431572	FALSE	0.0092297769909706	0.92732919364605
ADAM3A	0.957786718582498	FALSE	0.00268173150588602	0.981066219794119
MLPH	0.964433828329133	TRUE	0.00970652719506894	0.984578660252457
CD8A	0.391221843288549	TRUE	-0.0393460152346283	0.694480671524407
ABCA4	0.727700483600669	TRUE	0.0142526612090035	0.874181140327152
LRP3	0.829433729906008	TRUE	-0.0161751503938814	0.923276381739061
PKD2	0.983123109591022	FALSE	0.00805447737231148	0.99355584734814
ZNF157	0.0249063691744685	FALSE	0.0187589010829941	0.262222209906497
ADAM12	0.972712225000784	TRUE	-0.00544207398098751	0.987959863783938
CISH	0.971681991872843	TRUE	-0.009587272171915	0.987756621662712
RUNX3	0.872461004571737	TRUE	-0.021675603639979	0.941995365724522
MRPL4	0.955105562298935	TRUE	-0.0120452358839498	0.979907887342347
MON2	0.0763178900163091	TRUE	-0.0683387593631365	0.396120552567489
CPSF6	0.032141415598903	TRUE	0.0788997694590363	0.293757546820657
DAXX	0.046961769907952	FALSE	0.0453118300033166	0.334484616197404
GNL2	0.944342000072374	FALSE	0.000209565531833301	0.974419322852002
ACTL7B	0.910750183088062	FALSE	0.00382775942092063	0.959579662333723
MXD1	0.940833589515579	TRUE	0.0165277015708045	0.973173237508879
GUCY1A3	0.625431040196487	TRUE	-0.0418018178254012	0.820894056094609
NRP2	0.0835786595846082	FALSE	-0.0316023314054474	0.411169867465978
FTL	0.209646916762803	FALSE	0.0104563787083034	0.566941662097168
METTL10	0.779172861819368	FALSE	-0.00143483683957605	0.901098967669426
KCNK10	0.00572237318280434	TRUE	0.0834119013474287	0.144191087821819
NQO2	0.929681925503209	TRUE	-0.0340860220159378	0.967983591883386
LOC441601	0.932888193335492	TRUE	-0.00972824707188559	0.969482102853189
ASCL2	0.172224379697465	FALSE	-0.0114394185611188	0.5288895547097
KPNA5	0.553299964518613	TRUE	0.0256782787464939	0.783046745044718
CCL5	0.828605346070623	TRUE	-0.0628393535234153	0.923166592473307
CDC14B	0.936714052334745	TRUE	0.0208656008260952	0.971134144709591
ZNF586	0.237037373632516	FALSE	-0.0341266525661004	0.590643081807954
ITGA5	0.535693258945007	TRUE	0.0502564176242383	0.774279906077429
PA2G4	0.977072071556474	FALSE	-0.00826555891147508	0.990613395867208
PVALB	0.315348165130982	TRUE	-0.0495062515226446	0.647690746991241
E2F5	0.800113467728032	TRUE	-0.020092581028646	0.912357865101383
BCL11A	0.929620733015946	FALSE	-0.00086457182953835	0.967983591883386
C1orf27	0.780175412898336	FALSE	-0.0041205617520399	0.901310632063311
HAUS4	0.817880155500696	FALSE	-0.00615912259841255	0.920375123762409
ATP6V1F	0.707851266310973	TRUE	-0.0279878298368539	0.864969691100646
H2AFX	0.810197022154231	TRUE	-0.0187547276026118	0.916168083655483
DTNA	0.565528332272737	FALSE	-0.0133332659565144	0.790109137461874
DPYS	0.654147914150944	FALSE	-0.00602116150384191	0.836326891256912
SLC6A3	0.661340492120596	TRUE	-0.021695351302597	0.84002910722028
TRMT2B	0.0978797929317549	FALSE	0.0424141360020269	0.433589634619975
BNC2	0.21368426032535	TRUE	-0.0417698956034193	0.569707460105606
CAPRIN2	0.236134863033086	TRUE	-0.0568568040317255	0.590221129422679
SP3	0.476797308232014	FALSE	0.0368086857376291	0.743966516862915
ATP5J	0.269510013271789	TRUE	0.0370064625361892	0.619622324230717
HIST1H2AM	0.636594299941593	FALSE	-0.000796337876893401	0.82728833042473
NCDN	0.722197100901397	FALSE	0.00937222674381431	0.872004358121706
ACTC1	0.11781083241883	TRUE	0.0342702144780809	0.465176008090599
KRT75	0.115113319679817	TRUE	-0.043884160081499	0.462559467897692
FLRT2	0.133505942819271	TRUE	-0.0393201326959987	0.487111567975894
NCL	0.967048185115583	FALSE	0.00792800456391253	0.985118980417356
SLC9A3R1	0.896211805710491	TRUE	-0.0168173821338735	0.951957439339696
VIPR2	0.986267828002363	TRUE	-0.00455874066874839	0.994649080828145
PSCA	0.381088075628609	FALSE	0.0128677199319935	0.689399759022463
FAM102A	0.926359736825114	TRUE	-0.0214794965135754	0.966413728912889
NUDT9	0.269098929854671	TRUE	-0.0385142260830476	0.619304397325374
SRGAP3	0.981565834661334	FALSE	0.0031161712607175	0.992949861649109
HRH4	0.915384642157722	TRUE	0.0280020528361651	0.961735755959765
ARHGEF26	0.620396246933694	TRUE	-0.011961544740553	0.817911854714749
TTC13	0.080350727022239	TRUE	-0.0694688915232583	0.404392762407975
YIF1A	0.365275379020588	FALSE	-0.0237824119910725	0.680671339075104
ITPKA	0.411934822273782	FALSE	0.0130771923746567	0.707043069930508
TADA2A	0.039253224364097	TRUE	0.0430694042067472	0.314883337108893
GABRA2	0.963552019431986	TRUE	0.00612192306036219	0.984298770120657
VNN3	0.0638755423178519	TRUE	-0.0761236407108113	0.373494459123476
GZMH	0.817038606618023	TRUE	-0.0371464167580871	0.919983078898762
ABCD2	0.714179104901318	FALSE	0.0139360938124646	0.867961079365064
RPL10L	0.511802266109436	TRUE	-0.0275464650492667	0.760671870583832
COL1A2	0.65709441661853	TRUE	-0.0212128794450272	0.838093795569203
SLC1A7	0.500593138200238	FALSE	-0.0164081988492289	0.75582935340597
KCNJ16	0.351329513779691	FALSE	-0.0065217437426859	0.671609071591121
HFE	0.847999355346029	FALSE	-0.00465762844713825	0.932092350743372
STOM	0.914709849722875	FALSE	-0.002381290762151	0.961607174671582
CALB1	0.586520804089257	FALSE	0.0018607696129367	0.801755201635694
SULT1A2	0.225249672630739	TRUE	-0.0752965769328909	0.578768646716507
SLC27A6	0.972370273769047	TRUE	0.00499476298443291	0.987762568669401
LPL	0.942114345041459	TRUE	0.0115009343031303	0.973183434310386
SORT1	0.605460833870241	TRUE	0.0461377096975904	0.810484359620438
APBA1	0.667413871125754	FALSE	-0.00831760774150903	0.842842547508807
MANBA	0.00126727429017752	TRUE	-0.0903141240460313	0.0799607950943813
GLDC	0.953940610344965	FALSE	0.00338411721471485	0.97959903828125
GEM	0.961220228663399	FALSE	0.00383901757655233	0.98273987991614
PARVB	0.784007895724437	FALSE	0.0132563226235285	0.903214233714119
SLC13A2	0.703056454277292	TRUE	-0.0183713653499811	0.862859306748589
SPRR3	0.538821285657578	FALSE	-0.00952270083845175	0.775631664117715
IRF6	0.373742869893301	TRUE	0.0338931978216315	0.684521143873387
DCLRE1A	0.181719494476352	TRUE	-0.032805765084972	0.538209821967096
TNFAIP6	0.862719197791315	TRUE	0.0426940773898718	0.937132077568621
KIF3B	0.170797787473754	TRUE	-0.0444449702484557	0.527582233154421
PLA2G2A	0.882282150685877	FALSE	0.0023532791035272	0.946256973998603
SAP18	0.494184703841544	TRUE	-0.0459617035381758	0.751591717864354
FBXW12	0.958742680631027	TRUE	0.00963475466107025	0.98124118081768
LPHN1	0.0314637318845153	TRUE	-0.0511313442079082	0.291688195879567
ALDOA	0.551869103117946	TRUE	0.0384743516298567	0.78293597971134
ZNF83	0.698322235136909	FALSE	0.0209011255322911	0.859747646494833
SLC13A3	0.185221546038204	FALSE	-0.0240408718281824	0.541808774377569
IGBP1	0.00413224458032428	TRUE	-0.0768520535088086	0.126142333845694
RAB1A	0.796641314160241	FALSE	-0.0143867963197906	0.910284996110462
PADI3	0.481442063045453	TRUE	-0.0224899091485256	0.747920475801123
MDFIC	0.459491156511101	FALSE	0.0256615090576507	0.733844258386231
SYNJ2	0.535154287472543	TRUE	0.018137202539346	0.774191689927426
PBK	0.848978200644039	TRUE	-0.0115646337230453	0.932264557147275
GPRC5D	0.457186532211104	TRUE	-0.0362570118524235	0.732622680715335
CCND2	0.552667203245973	FALSE	0.034026007625028	0.783043120562965
TBR1	0.918451833396833	FALSE	0.00162246460175552	0.962923197292553
SPRR2C	0.969611600293183	FALSE	-0.00727962382865456	0.986566090998321
IL7	0.0460580100636637	TRUE	0.0349456479522105	0.334028893265042
F13B	0.893161717276842	FALSE	-0.000191053635037131	0.950825434921723
ANG	0.725581750701696	FALSE	-0.0107042335821648	0.873579472415218
REV1	0.836007623013626	FALSE	0.0052194919814208	0.926177891459478
PLCE1	0.540970841906351	FALSE	0.00887011742280078	0.776785484539442
SMAGP	0.00140388433980608	FALSE	-0.0621690596716453	0.0820092171590954
RORB	0.98616039800077	TRUE	0.00530029362826711	0.994649080828145
SLPI	0.392434428729508	FALSE	0.0456860765494968	0.695272788275951
ALB	0.87568437090234	FALSE	0.00128324253394353	0.943861255972691
TMEM147	0.605723879141685	FALSE	-0.011078846630805	0.810514876750952
HDLBP	0.123637318958245	TRUE	0.0497300645931018	0.475067285553217
RORC	0.667420692660868	TRUE	-0.0187484919176404	0.842842547508807
CDIPT	0.136949850916258	TRUE	0.0474800149566317	0.489499940943032
ATPAF2	0.383957891205872	TRUE	0.0413462706987615	0.690754300775463
BYSL	0.22711421487045	FALSE	-0.0206263531631153	0.581404947129882
SRSF6	0.358987766538146	TRUE	-0.164912405989383	0.676397853900969
ETHE1	0.79289714061281	TRUE	0.0325557262963434	0.908210117325339
HDAC11	0.721162398138223	TRUE	0.0233699035916537	0.871799696961032
FAM20B	0.538171298407729	FALSE	0.0224886984972042	0.775631664117715
FSHB	0.916081839093977	FALSE	0.00472170083281574	0.962029652265016
GNA12	0.212908695141753	FALSE	0.0175127612123651	0.56926492925149
DEPDC1	0.988067968459338	FALSE	-0.00885543580736094	0.99491188121485
SETD5	0.308480846508292	FALSE	0.0281471161512065	0.643936730220457
MYD88	0.0539713197491364	TRUE	0.0632991211270914	0.348788023910053
MAP7	0.294329508512441	TRUE	-0.0305551176990066	0.635574613792148
PRPSAP1	0.381657986529656	TRUE	-0.0307692665586865	0.689785756521464
ELF2	0.630579010558525	TRUE	0.032730155763526	0.824223100947909
PON1	0.172440663529567	FALSE	-0.0239039269261445	0.5288895547097
TSSC1	0.218954712307365	FALSE	0.0350379434774948	0.572618336753129
EDN2	0.795765188353979	TRUE	0.019012281341662	0.909735374451814
ACACB	0.946700306966558	TRUE	-0.0100167902717017	0.975343883399401
GJA4	0.0251158410839857	FALSE	-0.0406483085664897	0.262356954225944
RFX5	0.863029100673285	TRUE	-0.0158664924781569	0.937300473803612
TFF1	0.0251471000351133	TRUE	0.0579920068124524	0.262356954225944
PSIP1	0.909750565851166	FALSE	-0.0026361827770667	0.958995701232693
ZBED2	0.0389440269137048	FALSE	-0.0193374108095768	0.314280060724649
NCS1	0.165487543369373	TRUE	0.0286888299070318	0.521871359029833
CDC6	0.9301085066537	FALSE	0.00208991295337181	0.968012882693557
TRPM1	0.484878706922615	TRUE	-0.0136817798794455	0.749452625322433
RER1	0.291954184312239	FALSE	-0.0290567814203584	0.634252605316474
AGL	0.49157959016546	TRUE	0.0558595735484411	0.750608803243489
DDX50	0.663253682163296	TRUE	-0.0279381300277807	0.840857949692488
VAMP5	0.657163073093202	TRUE	-0.0502580467074556	0.838093795569203
NHLH2	0.8522947120604	FALSE	-0.00105042753108985	0.933465637018533
MYO7B	0.338978105529901	FALSE	-0.0160890754439373	0.665340615995075
IP6K2	0.738288747351836	TRUE	-0.0194020383001439	0.879749016747092
NAA10	0.210191495706375	TRUE	0.0530145587033477	0.567196899051544
RALBP1	0.376962171661198	FALSE	0.019206128360012	0.686315681513539
CASP7	0.70707165624739	FALSE	0.0289323034625757	0.864698609813326
METTL1	0.514756665807202	FALSE	0.016765088565625	0.762742956803319
FGFR4	0.684600367265957	TRUE	-0.0194941994671325	0.852948419341687
ARHGAP24	0.948989594112947	FALSE	0.00351278918471999	0.976814906286012
KTN1	0.709055135997843	TRUE	-0.0375461613063632	0.865816948856293
ITGB3	0.527189090534381	TRUE	0.106585861457361	0.769271778891966
CCDC19	0.231043800848214	TRUE	-0.0266650433240376	0.584763762521969
COLEC10	0.633855700854355	FALSE	-0.00712222652469395	0.825692621949112
PDZK1IP1	0.732628621936086	TRUE	-0.0616624688310181	0.876816065312877
C10orf95	0.140960033694166	TRUE	0.0396368202418041	0.496376019684525
PELI2	0.555095590316429	TRUE	-0.0336381197508056	0.783839215267496
SIGLEC8	0.601599692103307	FALSE	-0.0107261655098982	0.808622440583144
GZMA	0.954969227777448	TRUE	0.0313198751215271	0.979907887342347
KDM1A	0.169043165570265	FALSE	-0.0379692369833791	0.526304167374275
CYP2C19	0.986084394815902	FALSE	-0.00401485388774248	0.994649080828145
INPP1	0.19983430928409	FALSE	-0.0326599018435356	0.556067714326007
OR10H1	0.0276408404792722	FALSE	0.0530852911509301	0.274688422606895
THYN1	0.686222098396268	TRUE	-0.0354853910286668	0.853107305839626
DSP	0.370413848295318	FALSE	-0.0102865799610461	0.682647558715216
MCPH1	0.688023852571873	FALSE	-0.0026441348747519	0.853831179390535
ATP2C1	0.0245475383119821	TRUE	0.0788406662310114	0.261581910026705
GUCY2F	0.715998712196999	FALSE	-0.0049347214082096	0.868390440458634
NTSR1	0.815238818797272	TRUE	0.0160102517613092	0.918924222927503
WBP4	0.0114372945039813	TRUE	0.0676336244721564	0.19156201237909
TM2D1	0.664292205246049	FALSE	0.0287818165400862	0.841762113647332
CRTAC1	0.284124708910362	FALSE	0.0165126841721146	0.630221063054499
MAPT	0.758828488279827	FALSE	-0.00603690394613432	0.89126580952192
TIMM17A	0.590691376434561	FALSE	0.022349940920614	0.803827147422772
PHKA1	0.71437982851091	TRUE	-0.0121209188953806	0.868111978939578
MMP24	0.298601484827878	FALSE	0.0106980480506987	0.638717645060047
ELF4	0.840006266983978	FALSE	0.0049629840739369	0.928436598238749
PROZ	0.765335522141368	TRUE	-0.014332737327527	0.895022636712146
HHIPL2	0.409032949862864	FALSE	0.0101448587186095	0.706262314374145
STRADA	0.215480434166285	TRUE	-0.0323408800619207	0.571149500800157
HTR5A	0.599746691029295	FALSE	0.0100399082112035	0.808221109561291
ZMIZ1	0.164359860435728	FALSE	0.0568429465618347	0.520703768558187
RNPEP	0.826998439537524	FALSE	0.0154891302283762	0.922640926561419
OXCT1	0.709996106632343	FALSE	-0.0074782341498039	0.866126503830461
NEK2	0.562405902420683	FALSE	0.0073066588316832	0.788871878379203
IL12RB2	0.864550588793646	TRUE	-0.0103528483875777	0.938189216798847
ANP32E	0.0223380770994354	TRUE	0.145554782863355	0.254100462104056
SMC5	0.690107390195061	FALSE	0.0125423627741607	0.855215182391037
SLC12A6	0.0607103001747143	FALSE	-0.0556766342981581	0.366135237604887
AK5	0.110375784915961	TRUE	0.035618627149761	0.453970160025283
NCF2	0.925599817159885	TRUE	-0.0133268298624731	0.966100228025082
MBP	0.766547535824329	FALSE	-0.0391640571050171	0.895648558685577
HTRA2	0.986045520319152	FALSE	-0.00321161144810533	0.994649080828145
CXCL9	0.358409658176701	FALSE	-0.0195952779548873	0.67597936172593
KIF5A	0.760388467283969	FALSE	0.0102225913333789	0.891904916782137
NAA35	0.328576093231739	TRUE	-0.0516263962176709	0.658837192069794
SYN1	0.674878954304356	FALSE	-0.0122734145945472	0.847938013092893
SEMG2	0.690700683673836	TRUE	0.013765554080043	0.855511800235924
EPHB3	0.219495580561784	TRUE	0.0460076269189553	0.572950707129812
GLA	0.000995205165042879	TRUE	-0.0986626816080368	0.0732768270546832
UBXN7	0.665252166359812	FALSE	0.0201385953971949	0.84188552615557
LDHC	0.537350040671492	FALSE	0.0122417673864326	0.775631664117715
RPS6KA6	0.785830579396656	FALSE	0.00630487547668989	0.904163667151566
DCUN1D2	0.195259641528926	FALSE	0.042475572107346	0.55103262202501
PRKG1	0.0488192268132458	FALSE	-0.0296863968113521	0.339309421545291
EED	0.971906368836814	TRUE	-0.0127757930943821	0.98776071670168
TNNT3	0.133888723690744	FALSE	0.0307419972325134	0.48768526756484
TDRD7	0.804333660400937	FALSE	-0.00744315822164985	0.914870034635994
UBE2I	0.768106125840251	FALSE	-0.0583684973808005	0.895959917620072
FPR1	0.0239782416466053	TRUE	0.122291546306303	0.260314470284927
CHL1	0.33268162839283	FALSE	0.00876195646409171	0.661911219007552
OTUD4	0.953822092864688	TRUE	0.0118841875585422	0.979578457190899
ASPH	0.80396176556007	FALSE	-0.00238020460013375	0.914720768920546
SLC4A1AP	0.809159443073716	FALSE	-0.0108086556747091	0.916168083655483
C9orf53	0.692469850547881	TRUE	-0.0185425713402801	0.856630533814974
ARL17A	0.49385786422839	TRUE	-0.0471166887856845	0.751456565014185
CEP55	0.865338272630239	TRUE	0.010466365034183	0.9385859092255
ZBTB5	0.827088104181876	TRUE	0.0202673115964345	0.922640926561419
TMEM165	0.392953033563043	FALSE	0.0192962089049731	0.695272788275951
OLFM4	0.210409688958816	FALSE	0.221027227631304	0.56738060953722
HCG4	0.98659825094078	FALSE	0.00534613815073557	0.994753691235026
LTB	0.985284795311639	FALSE	-0.0141214766321931	0.994582417345204
CIB2	0.931482354584085	FALSE	-0.000188172302824106	0.968754435850935
RIC3	0.710799864032528	FALSE	0.000166298272865651	0.866320186024866
ETV6	0.966765681818232	TRUE	-0.00782500064522739	0.985118980417356
CYP19A1	0.513221720716588	FALSE	-0.0103204533333052	0.761504984455037
CDX2	0.0497419601592599	TRUE	-0.0578474235335402	0.341172813634031
SRSF1	0.435220984169015	TRUE	0.0909797206563755	0.719714220538262
NAV2	0.83710545643324	FALSE	-0.00198204503567155	0.926541169947871
HYAL4	0.489730724140849	FALSE	0.013732006324068	0.750160457110732
ST3GAL5	0.918823769373537	FALSE	0.00124223219205175	0.962985739987664
RNF113A	0.0102161354656023	FALSE	-0.056977354766036	0.183337826856075
TMEM144	0.891328872295636	FALSE	0.011012120529819	0.950063741583025
KRT3	0.762863901552609	TRUE	0.0151241536382409	0.893695154807101
CDKN3	0.903352420180825	TRUE	0.0157337445816617	0.956227883908736
DRD5	0.580185431002376	FALSE	-0.012779755765874	0.797860389447958
RPS25	0.989276814375484	TRUE	-0.0111828082051675	0.995598633017095
AKAP3	0.763706684321942	FALSE	-0.00785696335734798	0.893892076085605
IFITM3	0.953050681911032	FALSE	0.0010066866669014	0.979271126519757
LAGE3	0.989109382282788	FALSE	-0.00732087538793766	0.995518487990816
PRND	0.270183127712174	FALSE	-0.0093517401733374	0.619837490584263
EFNA3	0.528571012000988	TRUE	0.0299224715055	0.770170483818968
ZNF573	0.0116668410264154	TRUE	-0.0666639328969671	0.19340688654755
USP32	0.809725314684887	FALSE	0.00628826344873445	0.916168083655483
PSTPIP2	0.979362878290425	TRUE	0.00960631815901004	0.991719359624027
SNX17	0.366266593486383	FALSE	0.0274953541981749	0.681391179888347
RBM26	0.430851925370008	FALSE	-0.0344336071316107	0.718023218955103
ANXA13	0.3148338247213	TRUE	-0.0236258721105629	0.647690746991241
S100A6	0.478177147465575	FALSE	0.0240564086451371	0.744814874018775
RFX4	0.924525292037134	FALSE	-0.00207084591022167	0.965677374383788
DLX5	0.437959291375046	FALSE	-0.0125501858656434	0.720356820966022
SEC63	0.842246245247216	TRUE	0.0278459948029486	0.928830011170802
PGD	0.245797229348559	FALSE	0.0493320555278041	0.598352651329515
AHSA1	0.437667690916635	TRUE	-0.0307816918204802	0.720277786255983
KIR3DX1	0.807213817929653	FALSE	0.000581283652774101	0.915584893598886
MBTPS1	0.141805085669941	FALSE	-0.0357644482369057	0.497339048343512
TSC1	0.904457219424168	FALSE	0.0003097405859571	0.956772125296263
STK24	0.929389901248767	TRUE	0.0140774971076052	0.967886856195791
GFI1B	0.812879947421019	TRUE	0.035568596306108	0.917412732537766
PPP1R8	0.189333446558995	TRUE	0.0329153525969348	0.545716272152157
SEPHS1	0.148820472379889	FALSE	-0.0349395420321299	0.505719309595992
KLHL29	0.738752393543132	TRUE	-0.0141671134899113	0.879758297985416
NYX	0.979373741293276	FALSE	0.00438438241418024	0.991719359624027
SELL	0.380917604166956	TRUE	0.0585310306371403	0.689311317211796
C5	0.867200068466178	FALSE	0.000942737470069701	0.939087152739757
RAB40A	0.619110422371486	TRUE	0.0195698143205081	0.817049939393654
ADAM30	0.242721282030866	FALSE	-0.0235231112570018	0.595892543965345
NR1I3	0.254200209928899	TRUE	-0.0285675616263164	0.605795750395919
PDAP1	0.469621141258919	TRUE	0.034483263246059	0.739484698196314
EFNB3	0.843869117881615	FALSE	0.00345184305424695	0.929625175134522
SLC5A5	0.848848121738832	FALSE	-0.00623228175985038	0.932253277292537
CTTN	0.860004852891324	TRUE	-0.0371253158051888	0.936110596285564
DUSP12	0.446127291401676	TRUE	-0.0400802933884701	0.725252667699441
HUWE1	0.943692871390588	FALSE	-0.00146593171091515	0.974192777558073
EIF1B	0.219988156690056	TRUE	0.0406860039293413	0.573435795105412
MFN2	0.948519328127694	TRUE	-0.0129421832804315	0.976539818655732
PFKFB1	0.936323149950812	TRUE	0.00948456990830502	0.971008831624979
DGKE	0.26432912129874	FALSE	-0.005884924235362	0.615422337985884
GCC2	0.982208273614897	TRUE	0.0145513338196732	0.993156733950358
GALNT12	0.520857513319847	FALSE	0.00481063560141949	0.765895637774196
KLRG1	0.312400529082846	FALSE	-0.00994390626901605	0.646642862225336
MXRA5	0.500239855594036	FALSE	-0.0120981943528635	0.755594758444549
PRPF39	0.615598867258416	TRUE	0.030099970913668	0.815206699475804
FXR1	0.529660685191483	FALSE	-0.0318912312415156	0.77116365040912
LSAMP	0.821676158502821	FALSE	0.00481100043026707	0.921014824166023
BCL2L11	0.360868196583419	FALSE	0.0166225924745378	0.678059000628147
UBE3C	0.00596071276280028	FALSE	0.0780165952199386	0.14825975358844
PDZD2	0.807415969812753	TRUE	0.00917098205849508	0.915620530223703
CHMP1B	0.648472077613645	TRUE	0.0448064931665493	0.832515767698534
CHRNA4	0.0151398092550348	FALSE	0.0517643777218533	0.212414120565263
MAGEB3	0.13439770015021	TRUE	0.0274265214821412	0.488139357883529
OR2B2	0.31821675357445	TRUE	0.0228901746701105	0.650912202288482
SERPINE2	0.59568262082636	FALSE	-0.0078664020460919	0.805981546323268
DOK3	0.837358800475138	TRUE	-0.0252247295097834	0.926684700233027
LAMC2	0.426513639908856	FALSE	-0.0180100511371544	0.715632264316227
UBA3	0.104382971211322	TRUE	0.061473787758433	0.443829305439923
CD68	0.000354952996379005	FALSE	0.147218740084843	0.0454972172962296
TNFSF4	0.942072386659259	FALSE	0.0077330989648612	0.973183434310386
TCAP	0.101631673152968	TRUE	0.0516339473635083	0.43884293293279
SPTLC2	0.0836371317147935	TRUE	-0.0580135901188248	0.411169867465978
ATP2B4	0.620274638426333	TRUE	0.0264992771021513	0.817911854714749
FFAR3	0.119606235921572	FALSE	-0.0307707872595309	0.467715680498553
PLAC8	0.971162848536705	FALSE	-0.0120616684118442	0.987624712067956
AP3B2	0.818724443583077	FALSE	-0.00485764214014671	0.920375123762409
MARK2	0.0341183921955164	TRUE	-0.0820522038404951	0.298970980761175
HSD17B14	0.310098144524144	TRUE	-0.0346463044184762	0.645174836836563
SLC14A1	0.716792414710995	FALSE	0.0040316159873166	0.869180749696072
SLC22A4	0.384047102608341	TRUE	-0.0445644566428531	0.690754300775463
AFTPH	0.0265686597110851	FALSE	-0.0406799546849755	0.270297425558098
RGS16	0.296384670849672	TRUE	-0.0331564213578481	0.637337120449808
SAR1A	0.991417135297974	FALSE	0.0050135535272293	0.996525546372995
RRAS	0.075805127416287	TRUE	0.0754343200962292	0.395197397596909
TACC2	0.144173163052609	FALSE	0.0139921753468335	0.49894156195605
TMEM135	0.916976295972826	FALSE	-0.0018931064589021	0.962205646866174
SEL1L3	0.81972668335512	TRUE	-0.0465773093909978	0.920443059840583
STXBP1	0.603906938492267	FALSE	-0.0084501968509998	0.809855014830138
SP4	0.0931041239193485	FALSE	-0.0193392346514814	0.426376276704965
ARG1	0.0935924702373078	FALSE	0.165561551089956	0.426865086993478
B3GALT1	0.128514106288408	TRUE	-0.0296709274251667	0.479664730481981
SCP2	0.887257859028289	TRUE	-0.0243008837082037	0.94849563575639
HNF1B	0.506633995570485	FALSE	-0.0181850927951763	0.75786731251231
NTNG1	0.76293933314514	TRUE	-0.0156242036257961	0.893695154807101
EFNB1	0.540786667530288	FALSE	0.0142150651121877	0.776785484539442
IL1RAPL2	0.0622883315474945	TRUE	-0.0524446395663543	0.369551053234735
NEO1	0.767475700133246	TRUE	0.0143103888954204	0.895910763412703
NOL10	0.889032846824671	FALSE	-0.00263897964992574	0.949181862390949
PCDHB12	0.968962297428533	TRUE	-0.00948189689501342	0.986271408486727
P2RX3	0.193260732464842	FALSE	0.0263845299157941	0.549499453723677
HOXD13	0.00657042818133574	TRUE	-0.0590849270704923	0.154248623495168
UROD	0.860260909193437	FALSE	-0.0119780086464019	0.936222137378288
IL13	0.538614660632741	FALSE	0.0217273620770646	0.775631664117715
ZNF532	0.952236120178564	TRUE	0.0116094599240406	0.978735076749886
TMPRSS4	0.371689022332195	FALSE	0.018525836713565	0.68285512382125
IL11	0.818925843027363	TRUE	-0.0165667126116698	0.920375123762409
CEP68	0.698930043784331	TRUE	0.0230193053933112	0.860138881375418
INF2	0.955940134005353	FALSE	-0.00438637617388382	0.98042526273186
FAM120A	0.981838562890696	TRUE	0.0051735416846137	0.992951125729986
AIM1L	0.859181454376033	TRUE	-0.011344055033486	0.935765873707601
CDC73	0.315487541353774	TRUE	0.0601984176568531	0.647690746991241
SLC24A1	0.179180751838046	TRUE	-0.0290951336299874	0.536643038851454
NME7	0.602873554738304	TRUE	-0.0249798511689935	0.809471076042348
IK	0.920931390849815	TRUE	-0.0461713402136717	0.963947294456388
STX8	0.618303812691016	FALSE	-0.0252417393561468	0.816962089082258
SYNJ1	0.990429549193551	FALSE	0.00722380014149816	0.996031373279887
MYRIP	0.660468299480347	FALSE	-0.00388392557503712	0.839883786202581
ELOVL6	0.74533272642204	TRUE	0.0122193064893223	0.883383274265653
MIP	0.895979289944578	TRUE	-0.0107503471661121	0.951888800588548
TTC17	0.345048385840456	FALSE	0.0276798811410219	0.667423540720056
ARHGEF7	0.501858204192751	TRUE	-0.0337653081434226	0.75582935340597
TLL1	0.381470900125916	FALSE	-0.00763711672704881	0.689652190135167
YIPF3	0.805494964304168	TRUE	0.0244360452844461	0.915584893598886
GPX5	0.937058229936103	TRUE	0.00832558848360554	0.971323088878825
GDNF	0.841952223106154	TRUE	0.0105784085646175	0.928686406400845
SIRPA	0.152554534763929	FALSE	0.0665179726683339	0.509368630650233
NAA16	0.822888542548697	FALSE	0.0096061942532022	0.921501957616882
SNX1	0.445197292335109	FALSE	0.0989886097684981	0.724259985335408
GAS7	0.0433709286992784	FALSE	-0.0883239033584876	0.323890385401955
PDE2A	0.626843523488807	TRUE	-0.0194021379385312	0.821581974191131
ATP2B3	0.253530863284275	FALSE	-0.0259203762535311	0.605790595632738
MKI67	0.984309003759549	FALSE	0.00643971342611185	0.993951357523334
TNC	0.824906806056627	TRUE	0.00888744262811291	0.921968175337928
GNAO1	0.611531328264832	FALSE	-0.0066418043370278	0.812924103222644
RHEB	0.199839133598949	FALSE	-0.0420557203366295	0.556067714326007
VTCN1	0.536898084677523	FALSE	0.0104816672542336	0.775428274380134
SCN11A	0.990114825389472	TRUE	0.00255532182827522	0.996031373279887
KIF3A	0.806051823953822	TRUE	0.0150755048453752	0.915584893598886
IL4	0.709913546589572	FALSE	-0.0092125209628562	0.866126503830461
AGBL2	0.792876971481045	TRUE	-0.0117726901007136	0.908210117325339
ADH7	0.592456263410744	TRUE	0.0167498411021101	0.804245369425885
ETV1	0.85436367815737	FALSE	0.00467077317635133	0.934882076569325
DUSP3	0.542530903247659	TRUE	0.0451769662695396	0.777304206391088
F11R	0.484498793727278	FALSE	-0.021463883058594	0.749422312510936
FMO4	0.46527554455395	TRUE	-0.0287338815779763	0.737558982202886
SCN8A	0.636845961058792	FALSE	0.0092780741886118	0.82728833042473
ATP5F1	0.0579172879682052	FALSE	-0.0241637670017996	0.358707666060615
CRH	0.210161108003087	TRUE	0.0344746240364016	0.567196899051544
ECM2	0.58872244746971	TRUE	0.0136366001151362	0.802665439616218
NINL	0.75852961423792	FALSE	0.00659760971057822	0.891014948290042
THPO	0.824394626923505	FALSE	0.00339365828474091	0.921693026492371
SLC4A1	0.989659680956628	TRUE	-0.00519569345331838	0.995895555765637
SPAG16	0.721947430497652	TRUE	0.0114063296084521	0.871888583918722
MSTO1	0.749281285942723	FALSE	-0.00437845596994665	0.885563946352359
UCP2	0.728010210746361	FALSE	0.0901579264856884	0.874275342051788
KRTAP5-9	0.80391809758287	TRUE	-0.0148155253128488	0.914720768920546
C16orf45	0.823672146029513	FALSE	0.00563731914811873	0.921501957616882
CKAP4	0.23802932590703	FALSE	0.0591586015339996	0.591240860122633
RBM15B	0.424971410377289	TRUE	0.03247194220266	0.714948193214849
MAPRE3	0.773113394474193	FALSE	0.0121059163568958	0.898189834010541
MTMR1	0.014421854255295	TRUE	-0.0705723121990915	0.208794443722799
PNPLA3	0.943628381942241	FALSE	0.00042854451275476	0.974192777558073
TFAM	0.0274705174608636	TRUE	0.120439356279994	0.273782581144005
SOSTDC1	0.543105256262163	TRUE	-0.0159404667149801	0.777304206391088
FLT1	0.972346747749399	FALSE	-0.00126791627319233	0.987762568669401
SQLE	0.794799745721653	FALSE	0.00522353216701755	0.909121310149489
EPHX2	0.215455441492611	TRUE	-0.0283395021592625	0.571149500800157
GABRA5	0.842168076212863	TRUE	0.0115721212192765	0.928830011170802
ZNF10	0.784358252385666	TRUE	-0.0128481810692618	0.903386310188021
CCDC51	0.0737441460233845	FALSE	-0.037593790803117	0.393037706133413
HLA-DQB2	0.81422601317011	FALSE	-0.0063912332508198	0.918417236617156
SCAI	0.826525636279213	FALSE	0.00180044621048304	0.922403786885284
CNTLN	0.963913954988355	TRUE	0.0115765303462671	0.98436550831633
GABARAPL1	0.624867588524882	FALSE	0.0249535851621272	0.820617952725246
ART4	0.799983429945489	FALSE	0.0051276920798062	0.912301328789289
ZNF214	0.287592656956599	TRUE	-0.0182470167975888	0.632033998189821
UBL4A	0.48525319518117	TRUE	0.0323458606930212	0.749507651769684
EGF	0.984590768918035	FALSE	0.0119869596437678	0.994147348954728
KLK12	0.957962282389698	FALSE	0.00123556737506103	0.981066219794119
LGI1	0.471432378564609	FALSE	-0.00660551859606695	0.740896984136396
GMFB	0.70377239123243	TRUE	-0.0306046097953638	0.862986682156103
PLCG1	0.710730925014956	FALSE	0.0027371702693051	0.866320186024866
MCTP2	0.487971776380101	TRUE	0.0281255684600592	0.749854849317994
S100A13	0.594509718402768	TRUE	0.0197444711996404	0.805682526230308
DYNC1I1	0.0954014968779058	FALSE	-0.0294456849226155	0.429098600991105
TP53BP2	0.660966653191298	TRUE	0.0183962223230911	0.839883786202581
FASLG	0.0898053600405958	TRUE	-0.0452920177920362	0.42079241165159
SSFA2	0.131538276504414	TRUE	0.0437344930793042	0.485043434346024
ADIPOQ	0.1863071033564	TRUE	-0.0242047648031245	0.54217914036826
KRT81	0.749638034495531	TRUE	-0.0190492998255634	0.885708624897866
MDM1	0.89243699540486	TRUE	0.0325362870989068	0.950440789977995
ACTB	0.543332975717614	FALSE	0.0016795886025438	0.777311117512781
PPOX	0.7343388213714	FALSE	-0.0103627130147426	0.877505179228079
IL10RA	0.212334453354409	TRUE	-0.0620826408905185	0.569052320157324
SOX15	0.0399718593473237	FALSE	-0.0864996225896325	0.315649780659111
UBE2Z	0.63576764236445	FALSE	-0.0091353007569506	0.826821062712497
TPX2	0.179305263630576	TRUE	-0.0437676730679053	0.536874144258544
C1orf174	0.157514195637538	FALSE	0.0582321969767693	0.514121438019989
GRTP1	0.344227077020776	TRUE	0.025106875207844	0.667057181062751
DAPK1	0.990497377643884	TRUE	-0.00836615996554359	0.996031373279887
TCF7	0.975165031206068	FALSE	-0.0127595793225157	0.989375690283293
TAL1	0.674755257219153	TRUE	0.0329281029757631	0.847938013092893
HAL	0.234697548168424	FALSE	-0.0646773985985616	0.589458290396064
CDK1	0.845501488989155	TRUE	-0.0181330982607592	0.930609724679482
GRPEL1	0.739735881322463	FALSE	-0.00883110161509925	0.879876760549188
CENPO	0.942880444477474	FALSE	-0.00323286857612095	0.973708684875235
PTPN2	0.664616750025482	TRUE	0.0587748473030267	0.841762113647332
CAPN5	0.858920263458337	TRUE	-0.0100129508671771	0.935765873707601
OVOL1	0.239038013277727	FALSE	-0.016379560894336	0.592818699996976
C17orf75	0.395426357270684	FALSE	0.0084018517080033	0.697764503944764
MCHR1	0.489060837347744	TRUE	-0.0180499674613289	0.749893283933208
LRRC2	0.938077567852721	TRUE	-0.00544836929801606	0.971684355352521
TRO	0.333187645105495	TRUE	0.0309888665256577	0.661911219007552
PPARG	0.422687658395477	TRUE	0.0235528565043275	0.713154136875637
HPGD	0.440739597190065	FALSE	-0.0366944527578901	0.722188770597998
ZNF451	0.959567635683397	FALSE	0.00115432106174485	0.981732150231348
MGST2	0.869830150198032	TRUE	-0.0150412237742574	0.94106340488491
F12	0.97372977231987	FALSE	-0.00135466520914651	0.988727669771201
SPATA6	0.191955610623424	FALSE	-0.0218724974855041	0.548562570181104
HCN4	0.914033830763617	TRUE	-0.00961941665278586	0.961342139600098
GNL3	0.370793395725109	TRUE	0.060874865099362	0.682647558715216
VGLL1	0.992266105683186	FALSE	-0.00396811666811958	0.99686390064706
PKP1	0.92256846545161	TRUE	-0.00862644955847845	0.96473356802273
FAM115A	0.247592621386354	FALSE	-0.0195767890180072	0.600011270335514
THUMPD2	0.789521255772716	FALSE	-0.00529927325598665	0.906075341519693
ZMAT4	0.919389355243579	FALSE	0.00262949229203845	0.963193982787437
ABCC9	0.683265074323057	TRUE	-0.0137378943018258	0.852221172340682
ANGPTL2	0.395104583594023	TRUE	-0.0264725465956399	0.697507531273957
TBX21	0.371606086546591	FALSE	-0.02554158454135	0.68285512382125
FAM49A	0.00807392349660952	TRUE	-0.110742931796135	0.166758139395365
ENTPD7	0.650367912567574	FALSE	0.0106715561917374	0.833715443667931
PLXNA2	0.00853929117933606	FALSE	0.0446449586697306	0.168982587578519
WEE1	0.0438352035146109	FALSE	-0.0302562059389415	0.325292783149328
MMP8	0.0951966280929627	TRUE	0.301017882020354	0.428783835677082
HOXB1	0.605580512510353	TRUE	-0.0240729826562265	0.810484359620438
NELL1	0.993490595126332	FALSE	0.00247092610637667	0.996883573284134
PCNXL2	0.907158745223827	FALSE	-6.47218824570001e-05	0.958179244489744
PRM1	0.876463993184167	FALSE	-0.0009105015108637	0.944234175646063
AFF2	0.92133983323535	FALSE	0.002527041655338	0.964087165881628
AKR1C4	0.990360238081768	TRUE	-0.00424887647565298	0.996031373279887
FABP6	0.0219112051196232	TRUE	0.050535459586174	0.251899492510119
TADA3	0.972283353234385	FALSE	-0.000660876084936925	0.987762568669401
HP	0.0247701239153822	TRUE	0.208326993662576	0.262222209906497
GREB1	0.745902142465695	FALSE	0.007522572587193	0.883540936883735
UNC119B	0.992669014377542	FALSE	0.00682657369071649	0.99686390064706
DDI2	0.846582702109118	TRUE	0.0116843213758155	0.931076746771609
MRPS30	0.718398461433723	FALSE	-0.0152784241036726	0.870348300338216
ANP32A	0.67261643373158	TRUE	-0.0556697947954008	0.846373624463976
CKM	0.854360787106542	TRUE	-0.0117109470740142	0.934882076569325
HAO2	0.548377086918358	FALSE	-0.0141928803147322	0.78075916245536
PARD6B	0.260265364834093	FALSE	-0.0106694903860434	0.611003927920038
ITGA3	0.079469428731131	TRUE	-0.0451759985047731	0.40263800374544
AGBL5	0.829552457236565	FALSE	0.00447169162826231	0.923276381739061
MS4A12	0.622736119982427	FALSE	0.00688285300891558	0.819159905976284
NFKB1	0.104479428343688	FALSE	-0.0544830743672487	0.443829305439923
AFG3L2	0.662480251218936	FALSE	0.00982684482611207	0.84044121375828
SLC30A4	0.941925300776013	FALSE	-0.00203728930220849	0.973183434310386
LRP6	0.306977848530932	FALSE	-0.0228590486419362	0.643439232326714
FGF5	0.879903527691209	FALSE	0.00138675833205105	0.945710412434724
COL19A1	0.0142727297405008	TRUE	-0.0511421696670262	0.207751582191963
TBRG4	0.0703170724234732	TRUE	0.0314973836059522	0.387447741149016
PDZRN3	0.938120794481718	TRUE	-0.00606280575402351	0.971684355352521
TSPYL5	0.1628226879281	FALSE	-0.0235904782590972	0.519630300708339
BCL2L1	0.100752520570267	TRUE	0.0569915936557215	0.437232776134713
SYNM	0.786712405533582	TRUE	0.0198653691213008	0.904811032188385
CD300A	0.912254475485105	FALSE	0.0147687889197332	0.960718259266797
COL3A1	0.24453423352298	FALSE	0.0142110895245753	0.597776839829552
FGF21	0.96540572872524	FALSE	0.000661347759281395	0.984966489614545
CPB2	0.848791703390882	TRUE	-0.00916965766566413	0.932253277292537
WDR11	0.970488053542844	TRUE	0.0128317704392043	0.987041071967347
ACSF2	0.756617940032905	TRUE	0.0199838211020196	0.889894363686646
WASF3	0.699515284457432	TRUE	0.0303667312880931	0.860469061668781
VPS37C	0.0053507612800359	FALSE	-0.0503441131597752	0.141729636549285
MRPS27	0.618060997948486	FALSE	-0.0188535521058562	0.816943006561687
SAA3P	0.261133306595885	FALSE	-0.0165562129805454	0.611959275596564
RAD54L	0.114917665791623	TRUE	-0.0325264904248694	0.462074968940147
MSMB	0.771257735936492	FALSE	0.00133013864492603	0.897136999157149
STRN3	0.320032809936394	TRUE	0.0399967863714572	0.652436539350732
SH3GL3	0.695282514160421	FALSE	0.0122061058676261	0.857774826250137
SHC1	0.729482557870202	FALSE	0.018011543896435	0.875209260786184
SETDB1	0.098774188671167	FALSE	-0.0412101368079547	0.434795758213988
MTL5	0.0733948880318721	TRUE	0.0337881291169162	0.392411769896611
RNF24	0.0178290603865533	TRUE	-0.0714562022222932	0.227549281262741
UBE2C	0.894388687358699	TRUE	-0.0146957147354567	0.951013653239893
CTSF	0.759614882029904	TRUE	0.0149907200808044	0.891497189068044
AQP6	0.469020153253602	TRUE	-0.0247853944836773	0.738734019488276
TRPV4	0.128238382873824	TRUE	0.0411386706121206	0.479049001236943
MGAT4C	0.988792403046754	FALSE	0.00413340465061762	0.995287799214128
PLOD3	0.991397753766841	TRUE	0.00527319059731024	0.996525546372995
TPR	0.956447176386984	TRUE	0.0116522737235805	0.98042526273186
GMEB1	4.18893899567799e-05	TRUE	0.0759471955991642	0.0263879884844404
COX10	0.0385704310205225	FALSE	-0.0367998449548863	0.31264922613209
MAGEC1	0.0850753249050147	TRUE	0.0317568900887193	0.414485517030395
PLP2	0.408565447387132	FALSE	0.0393237601721	0.705929367764792
ARHGEF4	0.297496467074904	TRUE	0.0249022781108916	0.63803904674907
RAPGEF3	0.815976233430895	FALSE	0.00774058891386131	0.919351600841903
IKBKG	0.31198183487491	FALSE	-0.0309843155960366	0.646549502452608
LRIG1	0.40644250852478	FALSE	0.0155362648946844	0.705010188796462
USP33	0.935193492386974	TRUE	-0.0146021782356538	0.970632403677428
SLC13A4	0.717456413469096	TRUE	0.0189973337681071	0.869428050905855
SPRR1A	0.838144517323127	FALSE	0.00560230445229195	0.927199824358672
SLC7A6	0.256690250032878	TRUE	-0.0492491169008101	0.606908777809239
KLHL18	0.993542751713908	FALSE	0.00398214771324934	0.996883573284134
CDH19	0.35099668804108	FALSE	-0.0100205635516519	0.671591565431259
HSPB11	0.0708592517457438	FALSE	0.0602182015671626	0.388002954761476
CD3E	0.78069719581703	FALSE	-0.0108821994508892	0.901550616495498
GSTM5	0.976446503498849	TRUE	0.0118618141460059	0.990333354487786
PAXIP1	0.815035589564136	TRUE	-0.0207308738121066	0.918924222927503
CYB5R3	0.699506619122944	FALSE	-0.0141894060474579	0.860469061668781
CGREF1	0.825576851359306	FALSE	0.00608551259967481	0.922144447676336
ODC1	0.858946301331772	FALSE	-0.0151126817862171	0.935765873707601
TNKS2	0.0383166896468131	TRUE	0.0480282910235594	0.311897303593119
DGKI	0.913976500057481	FALSE	-0.00166119190657499	0.961342139600098
VPS8	0.225190463340994	FALSE	-0.02990202184768	0.578768646716507
C4orf27	0.875147721796985	FALSE	0.0085494840439271	0.943548542118095
NDUFA4L2	0.842695630829774	TRUE	-0.0148865659792742	0.929235219097424
MAU2	0.959256429736228	TRUE	0.00849367370971612	0.981502315175879
DUSP21	0.991930546922144	TRUE	0.00412057038780933	0.996853715461331
GLRB	0.930977696945489	FALSE	0.00200417476741355	0.968473037216963
KIR2DL5A	0.595520902787893	FALSE	-0.0140438751588556	0.805981546323268
FAM114A1	0.548137696094993	TRUE	0.0312423358793583	0.780641491375824
TSC22D1	0.938962604851845	TRUE	-0.0297496727318869	0.972230570396774
TRAM2	0.786536923456057	TRUE	0.0266924768289396	0.904700971299273
PTH1R	0.218836875832025	TRUE	0.0286444894328324	0.572618336753129
ASPHD1	0.421315168872012	TRUE	-0.0217448290475453	0.712497046955965
ARL4C	0.033272694481467	FALSE	-0.123360624371753	0.295785280228938
SLC36A1	0.951300611926603	TRUE	0.0106695391016985	0.978143046613062
C2CD3	0.520323489379824	TRUE	-0.0229301561605047	0.76563042383569
ZNHIT6	0.605575892637237	FALSE	-0.0151793441723025	0.810484359620438
ARNT	0.650216780392669	TRUE	0.0233700839014524	0.833715443667931
RAB33A	0.905147999595729	TRUE	-0.00934011531422608	0.957145683802665
FOXN2	0.183547178920359	FALSE	-0.0379821736601751	0.540603686224248
C22orf29	0.381996032678659	TRUE	-0.0270725639500134	0.689831663408713
ICAM1	0.857502515612849	TRUE	-0.0204246622447321	0.935762271863737
SLC6A5	0.104611537313917	TRUE	-0.030749057217502	0.443829305439923
USP46	0.986253180910956	FALSE	-0.00351450103323181	0.994649080828145
TM4SF4	0.912609142879232	FALSE	-0.00288967680561745	0.960919663378454
LARP4B	0.00158856587873937	FALSE	0.103744170624892	0.0878670658489059
TMEM208	0.158842555903782	FALSE	0.0386210174546009	0.515595080260899
PIN4	0.606876167961006	FALSE	-0.0254155982540234	0.811131953896665
PRCC	0.826575966005942	TRUE	0.0206986740153483	0.922403786885284
EPN2	0.219422888177352	FALSE	0.0275794547182198	0.572950707129812
NGF	0.811545470507436	FALSE	-0.00604198049711125	0.916636526554818
PPP2R1B	0.651710044957923	FALSE	-0.0084942757512123	0.834633879744406
ZNF8	0.987261506733058	TRUE	0.00429286860975964	0.994753691235026
YES1	0.312916501406443	FALSE	0.00873575872759468	0.646735264704011
ATRNL1	0.218452859004163	FALSE	0.0162803313683295	0.572452846631042
OR5I1	0.539227512440821	TRUE	0.0244202900396129	0.775887210658624
ARHGEF16	0.994825530660558	TRUE	-0.00406665567828624	0.997464558507389
SNCAIP	0.99310990900369	FALSE	0.0027093929382902	0.99686390064706
ZNF286A	0.727159765373085	TRUE	-0.0128821418306182	0.874150218367694
CREBBP	0.0302626801448271	TRUE	0.0769010125805234	0.287394078862809
KCNMB2	0.727955885214115	FALSE	-0.00972107005580457	0.874275342051788
SLC48A1	0.0213976006478431	FALSE	0.0395970630019566	0.249382880845299
PCM1	0.91859425214865	TRUE	-0.0172996508449446	0.962923197292553
SMYD3	0.713633548964626	FALSE	-0.0107966993243904	0.867641833731976
PRB4	0.256701163980343	TRUE	-0.0382848722162053	0.606908777809239
KCNK15	0.98342150523882	FALSE	-0.00517203224390481	0.993580397796414
ALOX15	0.992108865763732	FALSE	0.00423648215957462	0.99686390064706
FXYD6	0.897797450422864	TRUE	-0.0202290480110517	0.952838383596486
MTIF2	0.0499215874446344	FALSE	-0.0715091570245671	0.341525057115855
GPR20	0.383949313303108	TRUE	-0.0364893102287746	0.690754300775463
SH3BP4	0.972013713102896	TRUE	0.00593385803151403	0.987762568669401
DLGAP1	0.840847358234238	TRUE	0.00985695425186785	0.928645256137013
ZWINT	0.542521519213036	FALSE	0.0527265591818484	0.777304206391088
KDM3A	0.84130733753482	FALSE	-0.0114370101753414	0.928685549766039
ARSF	0.00956794713837517	FALSE	-0.0415856398253949	0.179831745312785
C2	0.661243831993924	TRUE	-0.0296074683255307	0.84002910722028
TTC27	0.00272520703136763	TRUE	-0.0843156678607237	0.112192579671325
SNX24	0.974101741147372	TRUE	-0.00778611446262276	0.988886648682797
ACYP1	0.658368146624875	FALSE	0.0075996519690378	0.838585445558294
HIST1H3A	0.482787618175997	FALSE	-0.0880908112956036	0.748574976411545
FAM178A	0.723699539575699	FALSE	-0.00857101524248803	0.872746975991642
FNDC4	0.286307167422827	FALSE	-0.0230766485441012	0.631725427399773
R3HDM2	0.0112264116681014	TRUE	0.0727913240809234	0.190848998357724
HELLS	0.0535746582884934	TRUE	0.0350018752625667	0.347786552196209
PDE6G	0.704073533523777	FALSE	-0.0124483236793549	0.862986682156103
CCNB1	0.592369523591007	FALSE	0.0196784144071134	0.804245369425885
MRC2	0.19215896717165	FALSE	0.0201487513972767	0.548562570181104
PSMD12	0.790861865804114	FALSE	-0.022319092473134	0.907207177787909
F11	0.923784484586907	FALSE	0.00225668839354842	0.965240717907384
USH2A	0.616940254298429	FALSE	-0.00699976464451837	0.816338986244685
HIST1H2BN	0.232978928734963	TRUE	0.0266152741241212	0.58757741835537
DBNDD2	0.946287559361022	FALSE	0.00181191146912464	0.975320181375341
WDFY3	0.340377665874463	FALSE	0.0368440962564973	0.665962792028683
CHEK2	0.134902825930885	FALSE	-0.0235598229464724	0.488398193879409
FKBPL	0.656367298213635	FALSE	0.0103312740870933	0.837936139883406
OR7C1	0.230474017362971	TRUE	-0.0263796102276461	0.584763762521969
COL4A4	0.875933761726288	FALSE	-0.00212044119955124	0.943865522669491
ISG20	0.753589103913724	TRUE	-0.0428538882201059	0.887798334625956
PF4V1	0.614289877875711	FALSE	0.0989786254704593	0.814240850449531
EPS8L3	0.0333324690193532	FALSE	-0.0343089390066162	0.295785280228938
GAS8	0.96968684047767	TRUE	-0.00822549114990512	0.986566090998321
ALX3	0.424909125441924	TRUE	0.0231842317722713	0.714948193214849
ITK	0.154531534126285	FALSE	0.00767138726485105	0.511600895024217
TOR1A	0.763680215781685	TRUE	0.0154139353330249	0.893892076085605
HOXA5	0.575204831770851	TRUE	-0.0156796736168183	0.796367226794832
LCT	0.976616157600569	FALSE	0.00029399855758605	0.990413842303206
MYLK	0.983056219517635	FALSE	0.00057715210012655	0.99355584734814
THOC1	0.309156971257342	TRUE	-0.0434583189542676	0.64439721071642
FGFBP1	0.953223473702007	FALSE	-0.00011856860055337	0.979306058558218
ALPPL2	0.840893480955064	TRUE	-0.014969583047082	0.928645256137013
FMO1	0.753800466193524	FALSE	0.0024149115832004	0.887943433011466
ALK	0.986367998213687	FALSE	0.0010539783811847	0.994649080828145
MRE11A	0.834535033811694	FALSE	-0.0128863017195271	0.925456503510103
ETV7	0.175376424655696	TRUE	-0.0389065193613169	0.531283269882699
TIAM2	0.488024751724181	FALSE	-0.0203640186291634	0.749854849317994
KCNN3	0.0227169360301385	FALSE	-0.0489474137929038	0.256033514655861
PLK2	0.979828527855094	TRUE	-0.00500651908763539	0.991811790514989
FIGF	0.785750096102465	TRUE	-0.013856558862301	0.904162811011351
MCC	0.912615209006312	TRUE	-0.00851298998530049	0.960919663378454
AHSG	0.332679010320675	TRUE	0.0215752631121959	0.661911219007552
RPGRIP1	0.566793080182736	FALSE	-0.0142436486114486	0.791182346709579
MYO1B	0.955724582734344	FALSE	0.00176479364193271	0.980365572971298
DKK4	0.994362152265629	TRUE	-0.00456135277980207	0.997232507947924
SNAI2	0.682316139967266	TRUE	-0.0118357370646982	0.851505911411934
PCDH17	0.0149024069101386	TRUE	-0.0475252493074154	0.212168611362796
DLG5	0.144993727088376	FALSE	0.0199534646636428	0.499569696583136
IL7R	0.966139015096548	FALSE	0.0141807838015256	0.984966489614545
PNMT	0.311969281176681	TRUE	0.027971096761723	0.646549502452608
FRAT1	0.842972866386231	FALSE	-0.00772591040279825	0.929269816445019
EGLN3	0.843683467976585	FALSE	-0.000615492288917	0.929622824947233
PPCS	0.908368968741101	TRUE	-0.013687254193532	0.958674212263155
MED9	0.206856426788365	FALSE	0.0274398765325201	0.56456801592104
TIMM9	0.993171486516433	FALSE	0.00758530450500849	0.99686390064706
NDC80	0.463478187166251	FALSE	-0.0147577630358346	0.736341007697971
HAUS3	0.376282307259566	FALSE	-0.0472812359388038	0.686261838654249
PRKCQ	0.875623391654654	FALSE	0.00209505651201615	0.943861255972691
VWA5A	0.229960938120149	FALSE	-0.0283589704753422	0.584763762521969
ACOT9	0.739040848329186	FALSE	-0.0114076336437847	0.879758297985416
DSCC1	0.199757077404558	TRUE	-0.0341303803032524	0.556067714326007
JAK2	0.993333934193641	FALSE	-0.00551244269551978	0.996883573284134
GRAP	0.822369793533556	FALSE	-0.00514985800080405	0.921501957616882
PRUNE2	0.792951773659129	FALSE	-0.0168802437762588	0.908210117325339
PTPRZ1	0.695776869790465	TRUE	0.00923351729248889	0.858027297615553
STAT5A	0.269235234543827	FALSE	0.0293150307115386	0.619366671635719
NT5E	0.973865445694714	TRUE	-0.00625596727613286	0.988776888317726
IDI1	0.677578592452802	TRUE	-0.0274492742445549	0.849144966823865
SPTA1	0.179157728398133	TRUE	-0.0242616404776239	0.536643038851454
H1F0	0.470546826468328	TRUE	0.0597098140027918	0.740239330677956
PML	0.956044642988849	FALSE	0.0009376302358004	0.98042526273186
ZDHHC7	0.0199528114137202	FALSE	-0.0484446237441165	0.241135533918911
TMEM159	0.559629107611897	FALSE	-0.0138761035433826	0.786616394100818
EVPL	0.993940058591442	TRUE	-0.00405224723173125	0.997105752841579
FHL1	0.907380172416536	TRUE	0.0365810325121338	0.958179244489744
MYT1L	0.917705064606459	FALSE	-0.00121582498109074	0.962465826946971
FN3K	0.82969735523614	FALSE	-0.00353954277559244	0.923276381739061
TRIM9	0.0371701037074356	FALSE	0.0391423241714999	0.30804384794374
ZNF446	0.501454980167007	TRUE	-0.0249731941391151	0.75582935340597
RAB11FIP1	0.000726423345168184	FALSE	0.11032601662669	0.0643508930536096
CTNND2	0.458830991595586	TRUE	-0.0176738009534741	0.733563063143374
ARSE	0.985248779735417	FALSE	-0.00098585334889645	0.994582417345204
CHP2	0.983347893339374	TRUE	-0.00544736971895255	0.993580397796414
BEND5	0.0497662786622002	TRUE	-0.0327850953047442	0.341172813634031
OXR1	0.7317668597169	FALSE	0.0256168142739597	0.876786719433808
CACNA1C	0.895873115802124	FALSE	0.00321184379631668	0.951865185539757
UST	0.933191307548461	FALSE	-0.00020590377251485	0.96970823279802
SIK2	0.986269489479296	FALSE	-0.00099294967077279	0.994649080828145
FAM13C	0.788273901199568	TRUE	0.0074888366770307	0.905504788339773
KLC2	0.135070504782107	FALSE	0.0175581393053368	0.488849171313218
KHK	0.986784685011791	FALSE	0.00935174254612692	0.994753691235026
IFNAR2	0.413294554958235	FALSE	-0.021849598591336	0.707662245823443
RPS6KA5	0.882331927036409	FALSE	-0.00984562630469997	0.946256973998603
EPB41L4A	0.0143647148145808	TRUE	-0.0601587125031847	0.208288364811421
MUSK	0.871064568915476	TRUE	-0.00718061338257181	0.941653269800037
CNN1	0.550404649185042	FALSE	0.0144072687659649	0.782018303106108
ADCYAP1	0.994418199785447	TRUE	0.00437758476874839	0.997232507947924
HLCS	0.295797928406626	FALSE	0.0208858092285569	0.637224855479407
PNOC	0.477120268681573	TRUE	-0.0326570786649163	0.744201357745991
NINJ2	0.660893615654052	FALSE	-0.0237981476826295	0.839883786202581
GDF15	0.211434883650645	FALSE	-0.0237146004866253	0.567983924594803
ZBTB20	0.94655651734923	TRUE	0.0117232262577067	0.975320181375341
DYNC2LI1	0.974535062597752	FALSE	0.00154349329215941	0.98910249505871
MYO1D	0.768505919630081	TRUE	-0.0128410820778333	0.896088431275169
TCHH	0.787669107828959	FALSE	-0.00463039822983458	0.905268600615504
C11orf68	0.965496665112052	FALSE	-0.000498778261535545	0.984966489614545
ASTN1	0.877823095517011	TRUE	0.00754999715046487	0.944727123777834
TCP10L	0.362163387021804	TRUE	-0.0221398054781616	0.679108755654081
RIOK3	0.0555340290634366	TRUE	-0.0519952054167678	0.352254160641935
CDC20	0.784711537098644	TRUE	0.0214476618693724	0.903609639398957
ICAM3	0.995633703251445	TRUE	0.0043347615992424	0.99788791555726
PRKCI	0.897333730889514	FALSE	0.00849880053183759	0.952655452347983
TEK	0.10007653556154	TRUE	-0.038730829400027	0.436509467534004
PTGS2	0.628172468614444	TRUE	0.126411626269103	0.822594713202353
GPATCH4	0.322025239291611	TRUE	-0.0247319388054006	0.65433907358315
PARP8	0.0477815874037994	TRUE	-0.110028648871683	0.337623228732861
FCER1A	0.739611400268425	TRUE	-0.0561460025292128	0.879820989052001
EFNB2	0.628652211876835	FALSE	-0.00937883815077534	0.822981172972704
AAK1	0.604694594942306	FALSE	0.0156055131878387	0.810285040421982
SLC2A2	0.682151665988322	TRUE	0.0107248805268099	0.851505911411934
PROS1	0.963964600436064	FALSE	0.00093277128578205	0.98436550831633
CTRC	0.979474830975349	FALSE	-0.00138092537690592	0.991719359624027
TRIL	0.164294166295008	TRUE	-0.037256808935719	0.520703768558187
GPBP1L1	0.405517821375181	TRUE	-0.030470512114876	0.704268123230691
ZNF536	0.117110823785617	TRUE	0.0405808763520943	0.465054833735256
OSBP	0.987460748378491	FALSE	0.000483774633538655	0.994753691235026
RPL3L	0.000131540335085786	FALSE	-0.0421869538388346	0.0359079766534698
SCAPER	0.956321358734155	FALSE	0.00128448850757132	0.98042526273186
VAT1	0.226029702614143	TRUE	0.053411832701621	0.579842513259211
RANGAP1	0.0878223036439055	TRUE	0.0545763358796401	0.4184038099236
C9orf91	0.977797927430593	TRUE	0.00699554316677897	0.990995391658871
TIMM8A	0.96264783845698	TRUE	-0.00664953685259473	0.983640969655195
RFX3	0.545735574411528	FALSE	0.006488415595276	0.778955610335809
CA7	0.230542106042539	FALSE	-0.0312387552834728	0.584763762521969
SERPINI2	0.894471948932675	TRUE	-0.00974069008571687	0.951013653239893
ASPM	0.837147392725632	FALSE	0.0083113910208503	0.926541169947871
GATAD1	0.377659224498697	FALSE	0.0377205358379311	0.686695848989435
PIK3C2B	0.755366888715201	TRUE	0.0205143095559088	0.889326669207939
DDR2	0.277079329132345	FALSE	-0.0236915010621832	0.625846273351116
FGF1	0.350024272050467	FALSE	-0.0138578282762993	0.671281450276902
XPO6	0.50480877650194	FALSE	-0.0139207788096041	0.757518908382312
SLC2A4	0.992919319698725	FALSE	-0.00278962086048385	0.99686390064706
TTF2	0.0236726321770544	TRUE	0.0585698791622919	0.259096502177239
DZIP3	0.0978872211087977	TRUE	-0.0377080650161133	0.433589634619975
FAT4	0.982668671281097	FALSE	0.00055571035201174	0.99344508413484
DGKB	0.264672383225632	TRUE	0.0172368988468867	0.615488136463381
C9orf114	0.719481360111115	FALSE	-0.011909139310339	0.871044110858417
CD6	0.8872645919806	FALSE	-0.00162356764053675	0.94849563575639
AMBN	0.0250829710149571	FALSE	-0.0384513010143741	0.262356954225944
CXCR3	0.595284359987118	FALSE	-0.012964276888054	0.805981546323268
ZP2	0.609024184934974	FALSE	0.0139560293158509	0.811865181398738
CPA4	0.976700554249444	FALSE	-0.000543683951149455	0.990413842303206
ADPGK	0.0720579091236244	TRUE	-0.0483496536370432	0.389820912000371
SMR3A	0.985459822831413	TRUE	0.00876550651609828	0.994649080828145
BCL2A1	0.488349429922093	FALSE	0.0356273283789585	0.749854849317994
RAB32	0.00685035665906792	TRUE	-0.073151727139022	0.15552284683168
GRAP2	0.979764957526652	TRUE	0.0192605083467315	0.991811790514989
DMWD	0.823100308262707	FALSE	-0.00575995364735516	0.921501957616882
CSF1R	0.979257070592145	TRUE	0.0139708674048667	0.991719359624027
GPN2	0.993486474600547	TRUE	0.00283394040055463	0.996883573284134
SLC25A23	0.312375080799808	TRUE	-0.0220009179968525	0.646642862225336
TDGF1	0.0396419158431344	FALSE	-0.0209563347992632	0.315649780659111
TAS2R8	0.661913338114168	FALSE	-0.00638402505416179	0.840286088320259
LCK	0.987647681093916	FALSE	-0.0060278991763365	0.994753691235026
FGF3	0.810477314353942	TRUE	-0.0109941261295656	0.916168083655483
CSNK1E	0.356474534574622	FALSE	0.0283227055314921	0.675253048369802
C9	0.746796195821729	FALSE	0.00066229075085465	0.884116728243551
DNAJC2	0.076847441714438	TRUE	-0.049982253701128	0.39702557903969
NIPSNAP1	0.870713145463074	FALSE	-0.00861535968696357	0.941363115599332
SLC18A2	0.981348770347365	FALSE	0.00316680948499302	0.992848639165125
MPZ	0.00750381394306939	FALSE	-0.0473142951975061	0.161300438797431
LRRC59	0.466720617761851	TRUE	-0.0291794873197304	0.738100295762821
DVL1	0.000674335399564415	FALSE	0.0900474614349185	0.0627876854090243
JAM3	0.791668339738844	FALSE	0.0135947226554723	0.907262824465007
CACNA2D1	0.16335432683322	TRUE	-0.0216234791253238	0.520605337519288
CLTA	0.247520102146703	FALSE	-0.101193454750642	0.599989859026844
C8orf44	0.71539249785592	TRUE	0.0197390078162365	0.868231173441342
PCDHB17	0.377897751240371	FALSE	0.0137995848631935	0.686753567555322
ALDH7A1	0.291394371685604	TRUE	0.0280046777088003	0.634252605316474
LAMB1	0.707066805889684	TRUE	-0.0110395940712369	0.864698609813326
RPL5	0.888773203998211	FALSE	5.81025812986802e-05	0.949181862390949
AFM	0.621890078572313	TRUE	-0.0131855268737913	0.81866372053546
E2F8	0.385267953147422	FALSE	0.0158218118242472	0.691063060319362
NUAK1	0.916408527375652	FALSE	-0.0029298055314584	0.962055021934313
SEMA4A	0.865932759679845	FALSE	-0.0087687933794447	0.938711098888289
PCP4	0.490232775810185	FALSE	0.0185950893874205	0.750160457110732
GINS4	0.729632538157149	FALSE	-0.00526602181132099	0.87529658804104
TRADD	0.0111368729167316	FALSE	-0.0600765356519723	0.190469082960513
SRSF4	0.607158211405212	FALSE	-0.0166472733958765	0.811131953896665
TSSK1B	0.306889418909404	TRUE	-0.0246181334660051	0.643439232326714
CSRNP3	0.180740156621335	FALSE	-0.0219803768862956	0.537587636872547
LUZP1	0.958343425742316	TRUE	-0.00624211584592116	0.981099323265811
OPHN1	0.00602766967142346	TRUE	0.173902707088068	0.14825975358844
HOXC6	0.944545614759921	FALSE	0.00133897941721628	0.974540739377866
TTN	0.579701466269595	TRUE	0.0204738686046868	0.797860389447958
PTPN11	0.703006247820556	FALSE	-0.0323854461008257	0.862859306748589
XBP1	0.890205491163466	TRUE	0.0210288202078353	0.949499531564111
ZNF236	0.00863468687791643	FALSE	0.0467069569652967	0.170572673360095
QTRTD1	0.973189197166892	FALSE	0.00089278793444736	0.988355782057804
NGDN	0.149366970287375	TRUE	-0.0419481637807473	0.505719309595992
CHIA	0.935893533604311	TRUE	0.00766754368270919	0.971000528761013
GPRC5A	0.873547971488231	TRUE	-0.0126264900157271	0.942720134073004
MX1	0.922353977002618	TRUE	0.0361002149583962	0.964684308106143
GPR87	0.340272028817328	TRUE	0.0165758740541409	0.665920699820449
MTHFD2	0.990707783126469	TRUE	-0.00771974635601858	0.996154611410041
B4GALT5	0.450457386138754	FALSE	0.0399339771265766	0.727944760692693
RPL37A	0.0800459814899844	TRUE	0.1014383289661	0.403606196927811
HNRNPR	0.866221899501452	TRUE	-0.0250869895232038	0.938711098888289
FOXD1	0.925886360441321	TRUE	-0.008436630148978	0.966190451044003
FLJ11292	0.888955863360518	FALSE	-0.00313022601582348	0.949181862390949
FBXW11	0.383619974431603	TRUE	0.0389883443174481	0.690754300775463
LPAL2	0.827736400353589	TRUE	-0.0106235341469949	0.922881321888825
OGDH	0.559166898163506	TRUE	0.0471230210830696	0.786285662140825
KRT10	0.995554697993916	FALSE	0.00111148851115983	0.99788791555726
FOXM1	0.385339977502562	FALSE	0.0250800128688558	0.691063060319362
IL1RL1	0.895297251643186	TRUE	-0.0129856288995498	0.951520811358336
GEMIN8	0.424588643789321	TRUE	-0.0193403482300947	0.714948193214849
DGKH	0.828481513251713	TRUE	-0.0109400392888075	0.923166592473307
ANAPC1	0.0018310596598429	FALSE	-0.0641592111169589	0.0916347232008283
CACYBP	0.880379459706206	FALSE	0.0125098036297517	0.945753193904748
FXYD2	0.321298167142098	TRUE	-0.0308416307067212	0.653606013136751
UPF2	0.984773179672227	FALSE	0.00119809822038964	0.994242995664089
NIP7	0.123910579407779	TRUE	0.0529172371850699	0.475311928249257
IL18R1	0.0713936291793424	FALSE	-0.0288180125296629	0.389150068959542
STAT2	0.733491965152034	TRUE	0.0309300571404187	0.877247978672612
RPL41	0.181642997491045	FALSE	-0.0093537012238696	0.538209821967096
LRRC48	0.964211158997067	FALSE	-0.00109495931835113	0.984528620609432
CDC40	0.343288302526718	TRUE	-0.0350045877825993	0.666820440546491
GJA5	0.929340219451487	TRUE	-0.00710024255543074	0.967886856195791
NMT2	0.92157516456398	FALSE	-0.00247230637376284	0.964087165881628
TFIP11	0.930620221802765	FALSE	0.00523071264628516	0.968360244862174
GCHFR	0.00599347309406671	FALSE	-0.0600669458565476	0.14825975358844
BTG1	0.695858242881141	FALSE	0.0163166987694403	0.858027297615553
CBLB	0.324200275718683	TRUE	0.0471272895976025	0.655323798595329
CYP2C9	0.648196320250555	FALSE	0.0140362723505496	0.832515767698534
CCR6	0.637337090661081	TRUE	-0.0138966095533037	0.82728833042473
SHQ1	0.725451685438556	TRUE	-0.0257644428331289	0.873515627183581
TMEM185B	0.421183004535382	TRUE	0.0337650595306864	0.712396942339429
MFHAS1	0.62719721318144	FALSE	0.0197629142087425	0.821697192404893
IL1A	0.885761394608875	TRUE	0.0171550122708939	0.948064113096533
NTS	0.969467582685952	TRUE	0.00639070209341841	0.986566090998321
CCR7	0.143446885976221	FALSE	0.0516989261116004	0.498085661632712
HGC6.3	0.974657090660928	TRUE	-0.00622492269081842	0.989137809988746
TCEAL2	0.960325367845067	FALSE	-0.00136705524098036	0.982241506945265
SNRK	0.987301807128462	TRUE	0.0056324159893073	0.994753691235026
ACTN3	0.0646607108601191	FALSE	-0.0323150808773524	0.375346170185337
GABRB1	0.960898046162537	FALSE	-0.0002073202598698	0.982649977041577
NVL	0.000256338564545107	TRUE	-0.0787768291023027	0.0433824325877159
ITGAE	0.8102906350099	TRUE	-0.0207609097368766	0.916168083655483
GPR39	0.173570794441782	TRUE	-0.0258247067609325	0.528971132021033
AQP4	0.429370628618843	FALSE	-0.0140652156630043	0.716710957450616
FADD	0.761500112577787	TRUE	0.0195566580471533	0.892470261138969
DUSP14	0.98759920163629	TRUE	-0.00493582482181765	0.994753691235026
SCPEP1	0.90904666170414	FALSE	0.00338530159177532	0.958995019968187
LGALS1	0.908766724925754	FALSE	0.00598318327491045	0.958984650340564
MYO5C	0.98591671733111	TRUE	-0.00316790858755889	0.994649080828145
RBM22	0.996467956845411	TRUE	0.00350469592519076	0.998206923863669
EMG1	0.0162704623661482	FALSE	-0.0619512773474267	0.219110181436763
CYP4B1	0.806849471383766	FALSE	0.00420953725111727	0.915584893598886
MEFV	0.324081776196398	TRUE	-0.0415495478161918	0.655271622733765
CA2	0.488748409132387	TRUE	0.0954500656165126	0.749860260840521
RCL1	0.892234300894265	TRUE	0.0116398242491274	0.950440789977995
CLK4	0.0493854790019704	TRUE	-0.12557287842062	0.340460485097415
SEMA4D	0.991428229000243	FALSE	-0.00078011035998138	0.996525546372995
ATM	0.382765828051028	FALSE	-0.0434941102492631	0.690206304263531
NOP14	0.985987461373645	TRUE	-0.00463106140529712	0.994649080828145
N4BP2L2	0.769112936656499	TRUE	-0.0597185106561911	0.896112986924377
WNT5B	0.993634440210355	FALSE	0.0009829382223443	0.996887357772538
PHF2	0.576316508980298	FALSE	-0.0125788615868192	0.796544721517259
SENP6	0.739095596483504	FALSE	-0.0223007029570894	0.879758297985416
ZNF74	0.78346611129372	FALSE	-0.00834793005503932	0.903107244945447
BRS3	0.180953132596965	FALSE	-0.0216073957810487	0.537587636872547
VCL	0.528664889509832	TRUE	0.24321278857785	0.770208297848129
TRIM8	0.977605793543148	TRUE	-0.00795239343686038	0.990977301357568
RPP25	0.993097527089676	TRUE	-0.00482937324712073	0.99686390064706
HS3ST3B1	0.859100983473933	TRUE	-0.00980901983641314	0.935765873707601
KIAA0226	0.677909343274887	FALSE	0.0147582435646499	0.849192889457584
ASAP3	0.988277603970792	FALSE	0.000425658522589245	0.994946262223636
CEP192	0.321018756409424	FALSE	-0.061179819662675	0.65350658508554
RGS10	0.962977233550405	TRUE	-0.0417868328308737	0.983800238870893
SERINC2	0.902924493903097	FALSE	0.00350925619394224	0.955953392751374
SH2B3	0.86187722306363	FALSE	0.0142426410579448	0.937062339851371
CR2	0.928162456284404	TRUE	-0.00780465197162039	0.967052659359446
CWF19L1	0.875024715087604	TRUE	-0.012351264238442	0.943548542118095
KCND3	0.295275933712135	FALSE	0.0193655523324638	0.636406350952652
BAG4	0.110157893135358	TRUE	0.0419338806834073	0.453970160025283
UPF3B	0.735758374409259	TRUE	-0.0234531946053078	0.878370626176731
SPTAN1	0.970501888293849	TRUE	-0.010234487171652	0.987041071967347
AHI1	0.775359245576339	FALSE	-0.0059895726526955	0.898813986397949
BMP10	0.00798569432229037	TRUE	-0.0579694165560489	0.165842102418408
ALDH1A2	0.878722275338689	FALSE	-0.00594654871350554	0.945335092985331
BACH1	0.885855585168478	FALSE	-0.0501913490868038	0.948064113096533
BRDT	0.766660632384004	TRUE	0.00940398568033094	0.895648558685577
APOD	0.361637344655168	FALSE	-0.0242987616151185	0.678683523840608
PARP3	0.960318403469779	TRUE	0.00825188997248726	0.982241506945265
ST6GALNAC5	0.990985734167658	TRUE	-0.00348088429499649	0.996345738581936
RNF208	0.981684255265546	TRUE	-0.00695690687157669	0.992951125729986
RHO	0.926550919363057	TRUE	-0.00733202192225057	0.966413728912889
PINK1	0.924173783756849	FALSE	0.0071937700390041	0.965546898864743
PAX7	0.987579355590444	TRUE	-0.00456947230313931	0.994753691235026
AKAP6	0.521943816432645	TRUE	-0.0238634700978597	0.766522592219889
PAGE1	0.886270223110833	TRUE	-0.009247434441793	0.94809127704191
ACE2	0.0561693147672001	FALSE	-0.0291947571532574	0.354821092002943
FCGBP	0.990289378585407	TRUE	0.0043706079489576	0.996031373279887
ACP1	0.125866339896752	TRUE	-0.0560622343849781	0.477803290287672
NID2	0.977066498979466	FALSE	0.000594765469101865	0.990613395867208
PLAGL1	0.96597717999944	FALSE	-0.00753488504647581	0.984966489614545
HNRNPA0	0.0281432062849231	TRUE	-0.0878889925517791	0.278037530499272
ASRGL1	0.253469682523848	FALSE	-0.0483256049772941	0.605790595632738
SAGE1	0.292085782719646	FALSE	-0.0139740349412318	0.634252605316474
TBCCD1	0.133255744695251	TRUE	0.0371284413131527	0.487071003471283
MTNR1A	0.0167454113617332	FALSE	-0.0250560872232724	0.221613581108449
ARL3	0.638351806511528	FALSE	0.0193341307588177	0.827723009050928
BCL11B	0.949928553447941	TRUE	-0.00968608804094992	0.977160470611104
MPHOSPH6	0.0228044486065844	TRUE	-0.0866556884340276	0.256033514655861
EDNRB	0.995494929264704	FALSE	0.00295209318284994	0.99788791555726
ATP5E	0.0917215879949445	FALSE	0.0437606289914472	0.424133166026074
KLHDC8A	0.669147366192322	TRUE	-0.0148921265249653	0.843989097358703
PRG3	0.364881278663931	FALSE	-0.0182543594277336	0.680531599519487
PIGF	0.996739697777787	TRUE	0.00674652231022097	0.998299101725876
ING4	0.377776585765596	TRUE	-0.0317457377227272	0.686695848989435
STMN3	0.676684842497758	TRUE	0.0154759081323	0.84860784647197
PGK2	0.94039073263384	FALSE	-0.00090507169725207	0.973046399623083
PTBP1	0.965719215194152	TRUE	-0.00792041101555177	0.984966489614545
NEUROG3	0.981378212167098	FALSE	-0.000661527194377065	0.992848639165125
SGCG	0.90604352068048	TRUE	0.00758894791790386	0.957542472650756
SFRP5	0.90199574993121	TRUE	0.00903763196586869	0.955237677077612
GSTP1	0.855053670853754	FALSE	0.0157686777763643	0.935110828186721
RFPL2	0.46825276390699	TRUE	-0.0186238670040395	0.738150714575471
PLA2R1	0.937435875484861	FALSE	-0.00141188069556186	0.971385763731331
TPPP	0.448427145604741	TRUE	-0.0240343005820609	0.727054639744368
SCGB1A1	0.201511710677338	FALSE	-0.0171623824532134	0.557565093680325
CCDC88A	0.941729079424054	FALSE	-0.00629532951833188	0.973183434310386
SYNCRIP	0.856642965930449	TRUE	0.0156268382758435	0.935753494356561
RAB17	0.889012343142554	TRUE	0.00877261331460532	0.949181862390949
MPP1	0.117200286272444	TRUE	0.0487558068999121	0.465054833735256
SERPINB5	0.66651549861747	FALSE	0.00975611377457986	0.842600339842784
PRSS23	0.648518508226745	FALSE	-0.00948343229468929	0.832515767698534
SEC61A1	0.948724935794474	FALSE	0.00476751369950978	0.976631143619931
SLC4A4	0.900481583687278	FALSE	0.00699006052873053	0.954457595987604
RCOR3	0.407164244625491	FALSE	-0.0348454426385407	0.705506627415716
GLUD2	0.782291062627968	FALSE	-0.0213102816706692	0.902380301031387
RPSA	0.00479439735450922	TRUE	-0.0683461366562779	0.134587643408052
ANXA3	0.460958748657184	TRUE	0.139384167352897	0.734351869767271
RBP3	0.987645730476695	FALSE	0.000290834835653175	0.994753691235026
LBX1	0.979429277704961	TRUE	0.0042594860399392	0.991719359624027
ZFHX4	0.890019476807965	FALSE	-0.00600902663074666	0.949471337616475
SIRT2	0.0926900057890146	FALSE	-0.0469008776593776	0.425440322984576
CD247	0.67857488331383	FALSE	-0.0220144492481782	0.849413540791592
LRRC1	0.272731940885489	TRUE	0.0181994670958852	0.622255200134372
PSD3	0.731313732265685	FALSE	-0.00694608898262449	0.876395229014776
RFTN1	0.426739464389129	TRUE	-0.0355783505309137	0.715647277542646
HIVEP1	0.0557503159079523	TRUE	0.0441874245603113	0.352960821932033
CUBN	0.696397758607929	TRUE	-0.0153183928676497	0.858403542217123
COX6B1	0.350915877051304	TRUE	-0.0290825953813228	0.671591565431259
SCUBE3	0.323878217446251	TRUE	0.0237110147200914	0.655122675424904
BASP1	0.620453533289263	FALSE	0.0346979329756128	0.817911854714749
BET1L	0.734479585557508	FALSE	0.00983098957488782	0.877505179228079
SLC2A1	0.851467222027529	TRUE	-0.0117457473309179	0.93319029872126
SRRD	0.971565201711691	FALSE	0.00116927829789937	0.987756621662712
KIAA0232	0.966125536930991	FALSE	-0.00237695038855625	0.984966489614545
SPICE1	0.523955233146581	TRUE	0.0127556797614403	0.767680599731472
AOX1	0.379653944198145	FALSE	-0.0203194925869297	0.688509054412569
ERAP2	0.88123854939184	FALSE	-0.0496441276030933	0.946067403101124
SERPINE1	0.376189690300488	FALSE	0.0180330837896956	0.686261838654249
SLC22A18AS	0.155121729053753	TRUE	0.0365660988963619	0.512656743147919
ATP8A1	0.640076560436282	FALSE	0.0257830338581764	0.828803028295878
ZFAND3	0.0157075267409675	TRUE	-0.06937406220941	0.215890659258186
SKAP1	0.0438247854463104	FALSE	-0.0301466937226325	0.325292783149328
EPB42	0.352390455389807	TRUE	-0.0242048767631862	0.671908051470096
MYF5	0.47448853418531	TRUE	-0.0137731127797522	0.742714727930319
FXN	0.0290894585287983	TRUE	-0.0513014763490936	0.280958577732576
KCNN1	0.858943110047467	FALSE	-0.00716457540881832	0.935765873707601
HOXC10	0.866961939681995	FALSE	-0.005653709454859	0.938988964104705
EIF4A2	0.0629796696643829	TRUE	-0.0623908576840745	0.37136062107355
GPLD1	0.806141189590895	FALSE	0.00765019067779128	0.915584893598886
FBXO11	0.244801447130983	FALSE	0.0578909120010868	0.597776839829552
AMOT	0.966955596619589	TRUE	0.00489164985833312	0.985118980417356
CALCOCO2	0.667076650248327	TRUE	-0.0149698948784449	0.842842547508807
PSPN	0.327513723123849	TRUE	0.02604750751492	0.658310072708777
FAM89B	0.022800104503498	FALSE	0.100918653798244	0.256033514655861
WHSC1L1	0.593809505815283	TRUE	-0.0184997203117607	0.805407414645873
SCNN1G	0.373511447916438	TRUE	-0.0181903573709459	0.684406193409428
COL14A1	0.977800894368815	FALSE	0.00073713233426176	0.990995391658871
PMEPA1	0.565776208154347	FALSE	-0.0154216811546659	0.79035806631294
DDX10	0.475157654286933	FALSE	-0.0243573955368341	0.743542051975631
STAT5B	0.997846773164711	TRUE	0.00191903295299767	0.99908031442955
DERA	0.995068246598005	TRUE	-0.00510333784675687	0.997619703640564
WDR25	0.913988601115824	FALSE	-0.00428710499705076	0.961342139600098
ZNF226	0.786526433818188	TRUE	0.0141282405846232	0.904700971299273
CSF3	0.854626799970761	FALSE	-0.00712611045475152	0.934999859428432
NAGK	0.934814682261407	TRUE	0.0151727425015347	0.970416889330961
NRD1	0.867955704677211	FALSE	0.00493189828086838	0.939628383833761
GH2	0.123835210954107	FALSE	0.0275169894524363	0.47518357259175
CADM3	0.988064577738818	FALSE	-0.000436841294859655	0.99491188121485
INSIG2	0.648489038241188	TRUE	0.0336155520949198	0.832515767698534
EIF2AK3	0.936009668832777	FALSE	-0.00987821983475621	0.971000528761013
GRK5	0.8785201893832	TRUE	-0.0129036448508995	0.945207365728827
ZNHIT1	0.453688249302745	FALSE	-0.036513283912563	0.73066413026339
RALGPS2	0.961499652309677	FALSE	-0.00321810749112262	0.98273987991614
THAP10	0.633960663787721	TRUE	-0.0122587352078805	0.825692621949112
KALRN	0.905924639301697	FALSE	-0.00430724255325197	0.957520459082955
ATP6V1H	0.862309986396424	FALSE	0.00977492089046361	0.937132077568621
UCP1	0.687767699910844	FALSE	0.00941192245787239	0.853705303698857
TOP3A	0.819337473816059	FALSE	-0.0106256234409314	0.920375123762409
PAK3	0.358755908355652	TRUE	-0.02409481855205	0.67618571224148
TM9SF4	0.632188409077225	TRUE	-0.0369708253040173	0.824710581054608
SYT13	0.779157935751996	TRUE	-0.0119667390759437	0.901098967669426
RORA	0.201851582192251	FALSE	-0.0115281149618669	0.55797052425108
MCTP1	0.935584020626721	FALSE	-0.0197219487171996	0.970948856844809
IGF2BP2	0.756790284663887	FALSE	-0.0149501649580648	0.889918541403264
ZCCHC6	0.232655716513782	FALSE	-0.0465417928859901	0.587023402214013
SLC25A13	0.925559970495153	FALSE	-0.00391259653195994	0.966100228025082
GPR50	0.982573667374314	FALSE	-6.61032814868151e-05	0.993437611623482
MALT1	0.10444790333045	TRUE	-0.0536992452218793	0.443829305439923
FOLR1	0.979593836808592	TRUE	0.00517291070437676	0.99175129603327
NKIRAS2	0.75334369282502	FALSE	0.0182192325802926	0.887798334625956
TRPC4	0.873894687803042	TRUE	-0.00808513533083978	0.942915467022099
ITGB7	0.185435840499196	FALSE	0.0651310817183539	0.541808774377569
PIPOX	0.966931032248627	TRUE	-0.00409964945364072	0.985118980417356
SAP30L	0.265156270254527	FALSE	0.0359449251550657	0.616360588031177
PEX3	0.242258562283687	FALSE	-0.0379584671705349	0.595892543965345
RGS9	0.821838002983717	TRUE	-0.0101287329560793	0.921105180965935
GLI1	0.498331029131717	FALSE	-0.0216351297591069	0.754807791424133
DFFA	0.8707110987954	TRUE	0.0113736803404962	0.941363115599332
PHTF1	0.831844568510204	FALSE	-0.00622600741507506	0.924280799837061
TMEM204	0.900047122203818	FALSE	-0.00889991209372633	0.954440382196027
TFAP2B	0.958166192235998	FALSE	0.00047849813193368	0.981066219794119
CHSY1	0.616040736810286	FALSE	0.029713508464388	0.81546648548819
ZNF460	0.602282359969624	FALSE	0.0151375949993095	0.8090604999047
MCF2L2	0.993018786502909	TRUE	0.00217593584574472	0.99686390064706
COMMD9	0.589813907069859	TRUE	-0.0280973035524736	0.803535422583529
MGAT2	0.656527945997602	FALSE	0.019662546786646	0.837952541610401
CST4	0.481588962775536	TRUE	0.0321860626795485	0.748046198481069
GPR68	0.340470176251829	TRUE	0.0226401616866152	0.665962792028683
BAZ2A	0.15440469102103	FALSE	0.0335277401525507	0.511600895024217
RBL1	0.611476496699792	TRUE	0.0117848775665665	0.812924103222644
WDR76	0.488940387006115	TRUE	0.0198732784664269	0.749893283933208
ZNF442	0.845927472488348	TRUE	-0.00805177566345085	0.930963383031923
NLRP3	0.484659326779582	TRUE	-0.0369293951021676	0.749427533936135
SLCO2B1	0.927844026325744	FALSE	0.00652213393925203	0.96680972381066
S1PR4	0.22641140620785	FALSE	0.0362327520554064	0.580138948962268
NBR2	0.43686968133799	FALSE	0.0167069185966171	0.720277786255983
HAND1	0.964833834513312	FALSE	0.00296531984447901	0.984809690300337
PTGS1	0.900922449056824	FALSE	-0.0121111696317815	0.954457595987604
FOXRED2	0.806504999295335	FALSE	-0.010788158500775	0.915584893598886
SLC18A1	0.15566388194794	FALSE	-0.0255955384919373	0.512804403662896
MUC4	0.484401585776195	FALSE	0.0116456782100358	0.749422312510936
ME1	0.973294091411149	TRUE	0.00667323644964934	0.988373786719597
ATP8B2	0.300130675838388	TRUE	0.0381463807772189	0.639788564624894
BEST1	0.101920574037191	FALSE	-0.0536704134447676	0.439254043712546
PCDH1	0.0722883127696109	TRUE	0.0499121845555894	0.390322465949818
SIGLEC9	0.968442150206697	TRUE	0.0114268701924436	0.985856824019502
EBLN2	0.00767335263098207	FALSE	-0.0670863686228862	0.162699532413254
EBI3	0.770848120553479	TRUE	0.015852345162819	0.896936566337189
RNF17	0.446473475485435	TRUE	0.017156705142243	0.725295521279276
SCIN	0.263645297465858	FALSE	-0.0164367372877234	0.614215555582297
GRK4	0.775115812317812	TRUE	-0.0106076838307821	0.89879817372802
WDR46	0.391051156108522	TRUE	0.0255644145483029	0.694480671524407
GRN	0.851933248866974	TRUE	0.0284767662734353	0.933259413129141
PALM	0.0850035684234246	TRUE	0.0603183398389213	0.414383259825113
ARHGDIA	0.807283226464468	TRUE	0.0315230579657584	0.915584893598886
SNRNP40	0.267261271735171	FALSE	-0.0435790816431188	0.618987021170051
REN	0.898850707758491	TRUE	-0.00911738434159523	0.953509979911454
HEY1	0.858940194964669	FALSE	0.00533205885138965	0.935765873707601
LARP1	0.519287797474684	FALSE	-0.0329192409450681	0.76490053722596
NEDD8	0.0922831080864899	TRUE	0.0506568681457784	0.424330155147084
TIMM17B	0.821083566801989	TRUE	0.0195039873517695	0.920896791688205
PAK6	0.815100550193653	FALSE	-0.00707269268836043	0.918924222927503
MAP9	0.99185706356005	TRUE	-0.00282353516946587	0.996853715461331
JAG1	0.163148510495152	TRUE	0.0442270107608689	0.520230866283613
FAM111A	0.0132713824656889	FALSE	-0.0632613723311035	0.201310419458551
CDHR2	0.338829993076986	FALSE	0.0221966580337121	0.66524204992795
RAB3D	0.4505438160809	FALSE	-0.0395087441046966	0.727944760692693
DOCK1	0.724391997744648	TRUE	-0.0177262111295065	0.872888508228115
WRB	0.823736118035516	FALSE	0.0165792240075424	0.921501957616882
LPO	0.00672354922032973	FALSE	-0.0458813939410123	0.154955944327884
XDH	0.000338744539966135	FALSE	-0.0834208749220909	0.0454972172962296
CELP	0.0286716282386986	FALSE	-0.0565970369117123	0.279888710089864
LIMCH1	0.364053876842132	TRUE	0.0141061237431512	0.68000262661663
EDA2R	0.0653042069979979	FALSE	-0.0391774032702128	0.377179816651971
MYL5	0.512143361393765	TRUE	0.0264968784095085	0.76080093997693
STAR	0.112408957450627	TRUE	-0.0283886613310851	0.457256431166622
NPPC	0.477604427307381	TRUE	-0.0160240933796887	0.744406405668507
GPR110	0.956560956133925	TRUE	-0.00458196326866611	0.98042526273186
ULK4	0.996466665261464	FALSE	0.00227831989268523	0.998206923863669
SLC22A6	0.567892232204055	TRUE	0.0197286419462124	0.791850715809368
MEGF9	0.124086864753234	TRUE	0.101940075283257	0.475666314887398
DHX35	0.000188158694472842	TRUE	-0.0553630213783847	0.0382004817260597
GBA3	0.787243714383859	FALSE	-0.00573706825314035	0.905105421607524
CTNNA1	0.981917362449099	FALSE	-0.000622025304760855	0.992951125729986
RPL23AP32	0.534063145006473	FALSE	0.0169891849540176	0.77409459302421
SLC3A2	0.447542202366041	TRUE	-0.0312202604681797	0.726407247728104
P2RY1	0.0522172938667333	FALSE	0.0217421895216354	0.347031879329511
MARCH3	0.917354228214498	TRUE	0.00803624771668909	0.962421775418327
TBL2	0.838880073313626	FALSE	0.0117609091055417	0.927553500858431
FOXJ2	0.310211919721172	TRUE	0.0329618409073964	0.645293149462184
FH	0.00999151895372896	FALSE	-0.070015139788095	0.181316222892852
ALPP	0.204274641085997	TRUE	0.0479862459448213	0.561656196720205
UBR2	0.949415053052201	FALSE	-0.00561868834581515	0.977066390952844
ATXN7L3B	0.80545964354053	TRUE	0.0168819802889928	0.915584893598886
ADAM22	0.996399271253267	FALSE	-0.00097293885892835	0.998206923863669
BRF2	0.885879765989402	FALSE	-0.00709994357094821	0.948064113096533
SLC17A2	0.989861738082176	TRUE	0.00248128759731702	0.995974703489098
GRIK3	0.277380671416217	FALSE	-0.0222329250214339	0.625846273351116
SPAG1	0.996534295628956	FALSE	0.00108588209039473	0.998206923863669
HTR3B	0.853069293574585	TRUE	-0.0100903030638429	0.934223751192024
ST6GALNAC2	0.090603457463888	FALSE	-0.04813914817274	0.422952904151102
IGF1	0.77899113885108	TRUE	0.0143927347043342	0.901098967669426
GPR107	0.894424726080859	TRUE	0.00860066118536549	0.951013653239893
CLCC1	0.95489192567885	FALSE	-0.00289704831215598	0.979907887342347
ANKRD28	0.85690579821784	TRUE	0.0188334195156847	0.935753494356561
TPM1	0.783143141937546	TRUE	0.0326766372073859	0.902903923378733
CADM1	0.309715213217834	TRUE	-0.0252314283132415	0.644843170484514
CELF3	0.711595878123443	TRUE	-0.0183604379971158	0.866606468424941
CR1	0.486532844607063	FALSE	0.0483636925261374	0.749854849317994
VPREB3	0.956510677839185	TRUE	0.00830405282832027	0.98042526273186
POR	0.0908522376006119	TRUE	0.077153714149969	0.422990145322678
SLCO1B1	0.668174305455818	FALSE	0.0069282980901202	0.843194181576717
MYCBP2	0.902220037399179	TRUE	-0.0149306828967264	0.955385973484245
LBH	0.99855615434421	TRUE	-0.00496036713011394	0.999349358703353
GUCA2B	0.829418729995921	FALSE	0.00884224761522258	0.923276381739061
VPS54	0.986229187634748	FALSE	0.00080934982471392	0.994649080828145
NFIX	0.996064394803075	FALSE	0.000759875874218	0.998088915930724
HCG9	0.856227157086605	FALSE	0.00602043064988902	0.935603713424401
OR2B6	0.984090097203339	TRUE	-0.00415869049481099	0.993818811203123
RRAD	0.164042056200568	TRUE	0.0618938198942872	0.520703768558187
OPN1SW	0.841705740801269	TRUE	-0.00861223780009858	0.928685549766039
RARS2	0.603861601992637	TRUE	-0.011412822281109	0.809855014830138
CD24	0.206173049191151	TRUE	0.211357497658368	0.563875358179678
FARP1	0.208480151847986	FALSE	0.0306780754939759	0.565359779936547
GDF5	0.947833148001751	FALSE	0.00594010301684642	0.976156227537861
MED24	0.64379152108311	FALSE	0.0171803327846458	0.830956409511825
PITPNA	0.842894396541755	FALSE	0.0156245404443771	0.929269816445019
ERBB3	0.797016563588542	TRUE	-0.00870592620739206	0.910389759348096
DGCR2	0.0406804759500971	FALSE	0.0595022174541706	0.316582673847382
MLXIPL	0.652582755351946	FALSE	-0.0243687540061868	0.835237233142346
KCNJ5	0.994387938489514	TRUE	-0.0029370726455058	0.997232507947924
DLK1	0.929994995147509	FALSE	0.00419106947105385	0.967983591883386
PTTG1IP	0.348355406745888	TRUE	-0.0262931691361032	0.670137775905801
SLCO1B3	0.994516697569938	FALSE	0.00031345450663234	0.997243087526135
FAM46A	0.0610889870579004	TRUE	-0.0730773627188307	0.366695618978048
DNAJC9	0.45986303536539	TRUE	-0.0362054575993422	0.733936990374867
FAM107A	0.983128724512403	FALSE	0.00128012346642237	0.99355584734814
ARMCX2	0.979982247488952	TRUE	-0.00370090556619873	0.991878845334038
PIGZ	0.405352046903742	TRUE	-0.0253288421339826	0.704112328080457
ARID4B	0.50442476242693	FALSE	0.0347832270017951	0.757518908382312
CYP2A13	0.984031003181001	FALSE	0.00030608835245571	0.993818811203123
PLA2G5	0.00557380205320237	FALSE	-0.0370883113918614	0.14289526848422
SLC15A1	0.96750245810379	TRUE	-0.00324290810390559	0.985316182184199
RBFA	0.38184894555827	FALSE	0.022047958923697	0.689785756521464
SLC39A14	0.78873003154444	FALSE	0.00998338068614532	0.905860712488569
CAMK1D	0.987390607313326	FALSE	-0.00172004304031725	0.994753691235026
LAS1L	0.543533786608248	FALSE	-0.0201715889643186	0.777311117512781
PPL	0.309212913264665	FALSE	-0.0203069437183805	0.64439721071642
HIST1H4L	0.27570286745909	FALSE	0.0150274567227631	0.62564215516627
HIST2H2BE	0.218369257731145	TRUE	-0.0936842483747967	0.572452846631042
CNNM1	0.714996553911657	FALSE	0.00951087758510603	0.868230657519218
EPB41L2	0.545935288415087	FALSE	-0.0208269652130526	0.778955610335809
TOP2A	0.994140008762592	FALSE	-0.00086654968419664	0.997218113885265
CALML5	0.196764971286047	TRUE	0.0272953126140143	0.55320324537085
MPL	0.912976088582104	FALSE	0.0111351254408527	0.960970112652396
SPANXB1	0.722920783174571	FALSE	-0.00809805268680196	0.872320821583107
LARP7	0.1039217242884	FALSE	-0.0859696861724133	0.443800242896057
MRPS2	0.196885329556346	FALSE	0.049175179997182	0.55320324537085
NDEL1	0.839226778241601	TRUE	-0.0142001338379485	0.927846376607011
SYN2	0.580196126375872	TRUE	-0.0171053973957194	0.797860389447958
CSHL1	0.530226348026447	TRUE	-0.0168354691920682	0.771293978226027
FER	0.756834618345857	FALSE	0.00784086525192596	0.889918541403264
TTC38	0.553308933357906	TRUE	0.0375126535399146	0.783046745044718
MERTK	0.569727944712417	FALSE	-0.0297015600328079	0.792824170692567
SDC2	0.972430862867671	TRUE	-0.0042053331737395	0.987762568669401
GBE1	0.510092170293343	TRUE	0.0397564815862999	0.759844340377853
RALGAPA1	0.234438251823667	TRUE	0.0503374968593811	0.589422469496354
KDELR3	0.983757695766077	FALSE	0.00132360154770028	0.993660120460676
TMCC2	0.0793280165537794	FALSE	0.0521943819163675	0.402254990178429
NCAPG	0.45099059008239	TRUE	0.028463173960735	0.728147842936668
SEPT4	0.141009685644002	TRUE	0.0293521951268345	0.496376019684525
CHCHD2	0.0904446603103905	TRUE	-0.0489369124860737	0.422690118013128
PGM1	0.946079180667828	FALSE	-0.00890658265855302	0.975320181375341
EGFL6	0.914317426141061	FALSE	0.00389307385376236	0.961372894567275
IKZF2	0.998459539152759	FALSE	-0.0026608961208221	0.999340869843158
MRPL17	0.830193978508283	FALSE	-0.013000614237749	0.923520973058125
HSPA2	0.714480897560327	TRUE	-0.011017036076161	0.868141759262381
TGFBR3	0.083709018333706	FALSE	-0.0389056271776478	0.411169867465978
CORO2B	0.0285071600313982	TRUE	0.0384128063054243	0.279380023851361
DPH5	0.998134202118852	FALSE	-0.00162708575353677	0.999270867272198
TFPI2	0.336572575036074	FALSE	-0.0161445887630376	0.663952057817336
GNA14	0.666995073572561	TRUE	0.0145532544211697	0.842842547508807
ASH1L	0.879586885651966	FALSE	-0.00799811100394179	0.945710412434724
RPL23	0.996860718343489	FALSE	0.00125242163191519	0.998299101725876
EPHX3	0.411844592707706	FALSE	0.0173929770226548	0.707043069930508
RASGRP1	0.546184870797491	TRUE	0.0353575540294973	0.779115643473739
NSUN6	0.999441389101645	TRUE	-0.00302259143628181	0.999882293190714
GSTM1	0.933493580118455	TRUE	0.0224819491553481	0.969880258536016
DAK	0.99568779227576	TRUE	-0.00244728786945281	0.99788791555726
TMEM176B	0.620629120554343	TRUE	0.197318266149638	0.817911854714749
CENPF	0.771031792113336	TRUE	-0.0124334273713402	0.897058228070297
TAPBP	0.828352011236216	TRUE	-0.158294136073183	0.923166592473307
LRTM1	0.963773157992899	FALSE	0.00449201736356165	0.98436550831633
CASP9	0.99697848381196	TRUE	-0.00279805542631939	0.998299101725876
SLC39A8	0.0973325154308042	TRUE	0.0818888971613874	0.433181013685965
NTRK3	0.731879909995678	TRUE	-0.015968868639006	0.876786719433808
METTL13	0.658528505443998	FALSE	0.0156075878109081	0.838585445558294
PHLDB1	0.303299267583409	FALSE	0.0272759041942421	0.641557502348857
MTX2	0.979274062700323	TRUE	-0.00513055800004692	0.991719359624027
PLAGL2	0.877029991338453	TRUE	0.0173904729337444	0.944631909510822
MT1X	0.734023599934138	TRUE	-0.0282061920505692	0.877408138272527
KNTC1	0.464684317389813	FALSE	-0.014765268601884	0.737033917314742
NUP93	0.167904900421234	TRUE	-0.0378964348436437	0.525314645980203
TRIB3	0.777562419133502	TRUE	-0.0167844542046782	0.90031453799191
OPTN	0.360070327088585	FALSE	0.0303076224321135	0.676975201269685
NUP50	0.871507709225444	FALSE	-0.0117117493149674	0.941851881424111
PARK2	0.734819015785381	TRUE	-0.0108342905880549	0.877755435365922
TRIB2	0.170267683107131	TRUE	0.0459286128555276	0.52733188473758
TUBB2A	0.588035895725543	FALSE	0.0203621437727217	0.802568490807888
INHA	0.303372712954769	TRUE	-0.0239919588601545	0.641557502348857
HECW1	0.932698203622024	FALSE	0.00776058405965284	0.969462364182797
UNC50	0.810567973048149	TRUE	-0.0169269062465882	0.916168083655483
UCHL3	0.913058515755947	TRUE	-0.0135343041727491	0.960970112652396
CEACAM6	0.457988795312865	FALSE	0.122179333376261	0.733182966264658
KIN	0.327017731856892	TRUE	0.0479386585090213	0.657572984842224
UBA1	0.150681375715651	FALSE	0.0926172414821355	0.506557931944922
CNPY4	0.925119156460098	FALSE	0.00778912697296973	0.965834280001938
FLVCR2	0.117749843743883	TRUE	0.064005944031403	0.465176008090599
MRPL11	0.344297149227951	TRUE	-0.0308839310272142	0.667057181062751
CUZD1	0.198026804498645	FALSE	-0.0357152924117723	0.55456308624602
ANTXR1	0.989914005496264	FALSE	0.0013458111791822	0.995974703489098
CRB1	0.315141832953907	TRUE	-0.0256568097043375	0.647690746991241
INPP5B	0.300996748192652	TRUE	-0.0440668066552834	0.639857916714752
KLRD1	0.369577452686569	FALSE	-0.0497328117575415	0.682625628931912
TAS2R4	0.971363825823092	FALSE	-0.00021993960012923	0.987740509461756
KANK1	0.732167628469513	FALSE	-0.0148236790830287	0.876816065312877
IL6	0.93110930035531	TRUE	-0.00582365816786812	0.968521085838809
ZNF35	0.891276855159515	FALSE	0.00623438593783731	0.950063741583025
PTGIS	0.993015002848492	TRUE	-0.00225873150657296	0.99686390064706
CNTN5	0.0971239806290214	TRUE	0.0201480259727691	0.432967620343262
NMUR1	0.998301471422476	TRUE	0.00159378676709521	0.999270867272198
AP3B1	0.740496010649983	TRUE	-0.0218993825815304	0.880411477902921
HPCA	0.665024711885235	FALSE	-0.0128720876258113	0.84188552615557
SLC26A4	0.280597457065452	FALSE	0.012721214703181	0.628172668443269
NPM1	0.995969371037162	FALSE	-3.4978477549965e-05	0.998081899972637
CREB5	0.195673442820779	TRUE	-0.0661282339817614	0.551301332671625
IFI35	0.323724786996074	FALSE	-0.0575319592024951	0.655122675424904
CENPA	0.618836665167635	FALSE	-0.0145747998592691	0.816962089082258
LSM14A	0.980735636211726	TRUE	-0.00754136518936567	0.992552782845837
PF4	0.992189344722908	FALSE	0.00436044207056828	0.99686390064706
TIA1	0.020608999615663	TRUE	-0.101808007431579	0.244440843767785
LUM	0.590319547938113	FALSE	-0.00742976603845768	0.803653902517741
NTHL1	0.99928210551766	TRUE	-0.00102350588693234	0.999862571702187
TSHB	0.445606544334733	FALSE	0.017377459643813	0.724717815004523
PRDM2	0.934479279393835	FALSE	-0.00599062867170463	0.970335215114166
TAF13	0.910265590507346	FALSE	-0.00228844945734341	0.959336511828497
ZNF80	0.916178905813944	FALSE	0.00194249155316539	0.962029652265016
SMARCC1	0.479208138812072	TRUE	0.0232399630459548	0.745691682023658
ELF5	0.881989372667077	FALSE	0.0054215627041918	0.946256973998603
C22orf46	0.836467850567819	FALSE	-0.007589396638648	0.926271740593175
CYFIP2	0.609135579404159	TRUE	0.0348764637664551	0.811918224387417
IL9	0.877402175762235	TRUE	-0.0058790512883058	0.944631909510822
YARS	0.309934268230637	FALSE	-0.0315819742873034	0.644952223796511
IL2RA	0.338508235459166	FALSE	-0.0253071925688797	0.665096439695649
MORC2	0.174329164204773	TRUE	0.0442238286705203	0.529383608172983
YWHAE	0.638114180838833	TRUE	0.0534463983438285	0.82771748854906
DGCR14	0.00688967245181415	TRUE	-0.0386699545537019	0.15552284683168
SP140L	0.700042517374072	TRUE	-0.0293219866947716	0.860871315047451
COX11	0.99270286279877	TRUE	0.00709641060136288	0.99686390064706
COX4I1	0.923493044460536	FALSE	0.00679958092156197	0.965203026190249
CORIN	0.975240505361704	FALSE	0.00149846135874298	0.989375690283293
SLC25A15	0.125777821317618	TRUE	-0.0410362446994328	0.477803290287672
DSC1	0.805802811745942	TRUE	-0.00828601558400565	0.915584893598886
KRT6A	0.0660871034031715	TRUE	-0.028167023977681	0.378465487620486
PPM1A	0.838441065372751	FALSE	-0.0110174957122542	0.92732919364605
ZNF544	0.81931892325953	FALSE	-0.00951450603970195	0.920375123762409
ADCYAP1R1	0.624446408763241	FALSE	0.0120730120940817	0.820558329930049
BCL2	0.0477498698253815	FALSE	0.0471972173939825	0.337623228732861
ASPA	0.706966765317203	FALSE	-0.00908879831314671	0.864698609813326
KIFAP3	0.13178601431351	TRUE	-0.0447363769462368	0.485352943837398
CP	0.017749005951687	TRUE	-0.0335661444130175	0.227151217253024
RGR	0.884526904317235	FALSE	0.00791024436245366	0.947534300241203
ACSM3	0.807139508659137	TRUE	-0.0106856365495545	0.915584893598886
ST8SIA5	0.999287022938238	FALSE	-0.000638452500573815	0.999862571702187
ABCG4	0.631367563290485	TRUE	0.0169950770731853	0.82439852604224
MRPS15	0.916858851042972	FALSE	-0.00631665655794802	0.962205646866174
TPM2	0.0993865505417225	TRUE	0.0396223274378133	0.435973663285367
S100A8	0.913384321756172	FALSE	0.00730005692991707	0.961164189054625
PDLIM4	0.64166855739914	TRUE	0.0179536543553565	0.830176841836993
BLMH	0.507040693873095	FALSE	0.0164248801619546	0.757887480599397
ACVRL1	0.702104488083544	FALSE	-0.0127019529141106	0.86225092498422
HTR1F	0.99042720868359	TRUE	0.00329921996792537	0.996031373279887
KCNE4	0.0381574259361798	FALSE	-0.0303712527181275	0.311271320272759
TMEM50B	0.0535604706311348	FALSE	-0.101054742140878	0.347786552196209
COG7	0.287331602642124	FALSE	-0.0327242674796708	0.632033998189821
GRP	0.983519099755746	TRUE	0.00339638902736583	0.993580397796414
CA5B	0.622907153182618	FALSE	-0.0119227840927416	0.819159905976284
PTPRM	0.312514476484021	FALSE	-0.0158605961744542	0.646735264704011
CSGALNACT1	0.915382378613287	TRUE	0.0345086678895763	0.961735755959765
BPHL	0.789552956636915	TRUE	-0.00966377406615892	0.906075341519693
KERA	0.709787162430953	TRUE	0.00955357655426559	0.866126503830461
GUCY1A2	0.936326886408635	FALSE	-0.00359758372947993	0.971008831624979
IL1RAP	0.992990575013348	FALSE	0.00027451122181921	0.99686390064706
FOXO4	0.810807542065682	FALSE	-0.0142323958272019	0.916168083655483
ZFYVE9	0.909349541820086	TRUE	0.00781080997344354	0.958995019968187
PSG1	0.500994270152263	TRUE	0.0268201871123039	0.75582935340597
INPP5J	0.373646589125172	TRUE	0.0200624047131539	0.684455359303768
JAM2	0.390399505246627	TRUE	-0.0213894917099511	0.694480671524407
CALCB	0.944177973653928	TRUE	0.00494809190356183	0.974419322852002
CAV2	0.00790380060005655	TRUE	-0.0523444018271366	0.165335968498321
APOLD1	0.0549638194515171	TRUE	-0.0701920570307672	0.35051917887956
ACSBG1	0.870647587666025	TRUE	-0.0121100874980424	0.941363115599332
RECQL	0.589259643701392	FALSE	0.0264204514444724	0.803070296177521
MTMR10	0.96846804504394	FALSE	0.00357688459220462	0.985856824019502
RPS6KA1	0.873999841564798	FALSE	0.0200655709928137	0.942915467022099
RBM8A	0.96534652630509	TRUE	-0.00999949862372775	0.984966489614545
PFN2	0.774106124422503	FALSE	0.0128359843144761	0.898434711427007
ENO2	0.929851670713835	TRUE	0.00735314823202195	0.967983591883386
MTA2	0.617745215584834	FALSE	-0.0186528313628091	0.81667401183589
WDR55	0.953691487156956	TRUE	-0.00698244801825655	0.979578457190899
FAIM3	0.918927526131151	FALSE	0.0089904085942023	0.962994121758291
FGFR1	0.476480689333319	TRUE	-0.0270667751866709	0.743909858280821
METTL2A	0.507161838930033	TRUE	0.0168327736544671	0.757968642629187
ARHGAP22	0.0890796345589622	FALSE	-0.0334674235016745	0.42079241165159
CPOX	0.908957161150192	TRUE	-0.014578229850291	0.958995019968187
GUCY2C	0.202019815527271	FALSE	-0.0206349766063547	0.55811207104488
CD3D	0.986783517323356	TRUE	0.00813326179819152	0.994753691235026
LIM2	0.278089892688827	TRUE	-0.0267426993023614	0.626517244823884
ANXA2P3	0.0842485307497068	TRUE	-0.0452698578754482	0.412832363945949
NPY1R	0.978473351201963	TRUE	-0.00285536462106873	0.991413576023506
CTDSP2	0.823180934935764	TRUE	0.0187378427572282	0.921501957616882
CDX4	0.519117901507454	TRUE	-0.019790353079411	0.76490053722596
TRAIP	0.339375459934303	FALSE	-0.0199189416676591	0.665774799341707
SH3BP5	0.634991354919429	TRUE	-0.040775278281834	0.826676095625027
TSPAN5	0.141367158975232	TRUE	-0.0214943708291719	0.496426824286204
GSPT2	0.9410700136212	FALSE	-0.00947040970268319	0.973183434310386
KIAA0020	0.197709294213668	TRUE	-0.0503546492093392	0.5543584785086
CPEB3	0.142812632327389	TRUE	0.0329327840357068	0.497802778346223
AURKA	0.217700496841763	FALSE	0.0292377427142432	0.57209195400598
HK1	0.811683548337489	FALSE	0.0172915654071142	0.916701170776771
MET	0.904162247484688	TRUE	0.00749256532251017	0.956638585819621
TCN1	0.482686391097398	FALSE	0.106049242436762	0.748529628661579
CHRNB2	0.979453406584677	TRUE	0.00501407315196944	0.991719359624027
AGPAT1	0.95465328452449	TRUE	0.0109020573341052	0.979907887342347
KIF3C	0.918535927814827	FALSE	0.0058871186454783	0.962923197292553
HAO1	0.872298991064604	TRUE	-0.00743774040446389	0.941995365724522
PTBP2	0.889014733870638	TRUE	-0.0129544621548301	0.949181862390949
PGLYRP4	0.682495494876783	FALSE	0.0234128167219114	0.851542299340651
MS4A4A	0.835724646677364	FALSE	0.0458685296939048	0.926144093100256
CAV3	0.815303430219368	FALSE	-0.0133243959877553	0.918924222927503
ATG2B	0.479291185562275	FALSE	0.0171947229641028	0.745691682023658
MEIS1	0.999806878069379	TRUE	0.00215234153283461	0.999964289100277
RPAP1	0.136977097858033	FALSE	-0.0442658024280567	0.489499940943032
GYPA	0.743360405674446	FALSE	0.0082341220203581	0.881915294630112
SDPR	0.797837320950606	FALSE	-0.0588328972550133	0.911003156523871
ZNF440	0.144536502101827	FALSE	-0.0296694607005028	0.499039132701423
STX11	0.271168021538517	TRUE	0.0892248125735516	0.620289327461216
CASP6	0.509328976245227	FALSE	0.0330568584789654	0.759139567924017
WRNIP1	0.293146610354206	FALSE	0.0231804738424573	0.634600692449225
GABBR2	0.981857038197718	TRUE	-0.00367085190146721	0.992951125729986
RERGL	0.975984627703786	TRUE	-0.002442932104604	0.990042019460836
IKZF3	0.68983843523924	TRUE	-0.0109854287447844	0.855215182391037
LMOD1	0.363650473148172	FALSE	-0.0159990231388267	0.68000262661663
GNG12	0.796821920764243	FALSE	0.00883852219848745	0.910343955621738
BST1	0.967979040463413	FALSE	-0.00710039517438598	0.985674326823608
SRGN	0.0994676661891918	TRUE	-0.0423457569564691	0.435973663285367
VPS13B	0.847110375066019	FALSE	0.0166360214249956	0.931205481616441
ARMCX1	0.545898658952916	FALSE	0.0216499144154279	0.778955610335809
TTLL4	0.913086867776427	TRUE	-0.0112487430648347	0.960970112652396
PRKCZ	0.031886463469326	TRUE	-0.0396062066433283	0.292761626946306
MAGI1	0.359926660478279	TRUE	0.0219100509662549	0.676817313957414
RIPK4	0.916144696979141	FALSE	0.00740637973022509	0.962029652265016
KDELC1	0.374843654410729	FALSE	0.0120233797807097	0.685319606153379
RIMS1	0.999333497230875	TRUE	0.000697049900173052	0.999862571702187
NMNAT2	0.258174821970546	FALSE	0.0242279224473823	0.608742837663552
UBA52	0.936127013920577	TRUE	-0.00446185604073967	0.971000528761013
PREB	0.972166930752333	FALSE	0.0053599962241746	0.987762568669401
SEPT11	0.0340171393673288	TRUE	0.0727228688205463	0.298314263949065
CEACAM4	0.667878224922836	TRUE	-0.0192269747906799	0.843044772614943
NR0B1	0.987443232256445	FALSE	-0.00126723977495358	0.994753691235026
AGAP11	0.157201656000315	FALSE	-0.036121411138246	0.513839601437756
PYCARD	0.790881087179691	FALSE	0.022654658923682	0.907207177787909
RPS6KC1	0.892112063070681	TRUE	-0.01390960950055	0.950440789977995
RGS20	0.713839903596931	TRUE	-0.00973063053469849	0.867641833731976
ZCCHC4	0.594454517600885	FALSE	-0.0200713428985475	0.805682526230308
CAPN7	0.93962186040391	FALSE	-0.0124138372272649	0.972646729516153
ENY2	0.871811713372274	FALSE	0.00742478948706894	0.941922155114646
GUCA1A	0.857863576895519	FALSE	0.00843577837944132	0.935765873707601
LYVE1	0.186739757396335	TRUE	-0.0292105424312905	0.542259082353796
BAIAP2	0.214042190284017	TRUE	-0.0340132020098221	0.5700393942184
GFOD2	0.753066496788524	FALSE	-0.0159864433353092	0.887798334625956
HTR2C	0.974437878253174	FALSE	-0.00181486522539442	0.98909239114786
KLK7	0.808907918445778	FALSE	0.0102830875214703	0.916168083655483
IRF4	0.385434974096377	FALSE	-0.0557732589459949	0.691063060319362
ABCG2	0.988502368509468	FALSE	0.00220438114891986	0.995084193583883
ZCCHC10	0.87952614274046	FALSE	0.0239755321416388	0.945710412434724
CLEC1A	0.90740543978818	FALSE	-0.00827933767251434	0.958179244489744
DMBT1	0.992657367965533	TRUE	-0.00322952202120774	0.99686390064706
POLR3G	0.987883621639794	FALSE	-0.00105882443186144	0.994902956370337
KLRC1	0.999876101051146	FALSE	-0.000577046157729019	0.999964289100277
PHF10	0.117739879906139	FALSE	-0.0386914207229166	0.465176008090599
KLHL4	0.180621150969029	TRUE	-0.017452895342053	0.537587636872547
AMIGO3	0.651365378707433	TRUE	-0.0237456775843312	0.834463001826187
NCR2	0.578425043749352	TRUE	0.0268118809040638	0.797514782474939
METAP1	0.815353788418168	FALSE	-0.0214219849718509	0.918924222927503
RS1	0.0206918228002409	FALSE	0.0368414535815189	0.244910833749407
ULBP1	0.794869800584005	TRUE	0.0118749778958067	0.909121310149489
NFU1	0.924740716716832	TRUE	-0.0139142088735653	0.965705929899812
GSTM4	0.909634213351507	FALSE	0.00848727825556183	0.958995701232693
UPK3B	0.631033780685881	FALSE	0.0107955127552493	0.82439852604224
TRPC3	0.689027025120942	FALSE	-0.00597140638304162	0.854707082140506
PCSK2	0.880466789580609	TRUE	0.00794852405432646	0.945753193904748
MAGT1	0.41758800379966	FALSE	0.0472020734885299	0.709261590036601
POTEKP	0.12186371218517	TRUE	0.0556692131518286	0.472091777406095
RBM12B	0.0876996403482518	TRUE	0.0364710981963503	0.4184038099236
GPR21	0.913068052715055	FALSE	0.00605178618628697	0.960970112652396
RUNDC3B	0.388444782259428	TRUE	-0.010824265187289	0.69335014501144
RGS2	0.987298939240814	TRUE	0.00479680842500674	0.994753691235026
ITPR1	0.0368942779807456	TRUE	0.063642581708711	0.307606042664467
LPXN	0.926983636350978	TRUE	0.00833893483300586	0.966413728912889
SIDT1	0.862659271567769	TRUE	-0.0141451125517586	0.937132077568621
RNF125	0.858697603388152	FALSE	0.0243771453587653	0.935765873707601
AKR1D1	0.388229649654907	TRUE	-0.0115329885771684	0.69335014501144
CHRFAM7A	0.387219579507528	TRUE	-0.0266298184395946	0.692427505446437
MYH1	0.940437030908314	TRUE	-0.00354991384138325	0.973046399623083
HIST1H4D	0.332741390289977	TRUE	-0.0234078927505115	0.661911219007552
YEATS2	0.986403467141061	FALSE	-0.00388717463534771	0.994649080828145
WSB1	0.894609953745059	TRUE	-0.0327720872547595	0.951057778503208
BSN	0.187292869772862	TRUE	-0.0300065616659451	0.543010444989641
DDX28	0.927236961563151	TRUE	-0.0103648993992569	0.966443598415716
WSCD2	0.983541752332125	FALSE	0.00200953957132555	0.993580397796414
LILRB1	0.766608797069764	FALSE	-0.0314231167128449	0.895648558685577
ZNF587	0.39073134799411	TRUE	0.0438024136860746	0.694480671524407
MAGEA12	0.82050301018514	TRUE	-0.00804456295580367	0.9206958870138
EAF2	0.618719717353277	TRUE	0.047768503638129	0.816962089082258
BAZ1B	0.849850995720243	TRUE	0.014403735184509	0.932285974978616
BICD1	0.698943438838795	TRUE	0.0143928477735225	0.860138881375418
SLC35B1	0.907755105086672	TRUE	-0.0111646844339362	0.958261874016619
SF3B1	0.312740210277722	FALSE	-0.180285777002815	0.646735264704011
APOA1	0.427855050576296	FALSE	0.0191927278856974	0.716267479810417
RDH16	0.79795864728199	TRUE	-0.0146400276092842	0.911003156523871
SERPINB7	0.999689908287045	FALSE	-7.4044414558827e-05	0.999954469836521
HPN	0.945659450790014	TRUE	-0.00588298216407692	0.975157558431063
ARF6	0.700747438857477	TRUE	0.0233305138432884	0.861332224234036
AP3M2	0.036929323130298	TRUE	-0.0469383439223146	0.307672002185488
MIA2	0.9097120056047	TRUE	-0.00452059550846773	0.958995701232693
PDE6A	0.820249055228594	TRUE	-0.0109619908077119	0.920648569727339
PAFAH1B2	0.0119587903766219	FALSE	-0.0451245633659738	0.193780590549037
HCG8	0.714788263632429	FALSE	0.0158879146890482	0.868230657519218
TOMM22	0.506826689371272	TRUE	-0.0361818699703775	0.75786731251231
DLG3	0.222401821459423	TRUE	0.0410772862387061	0.576668211272311
SART3	0.138810495941627	TRUE	-0.0317084238548659	0.493562939317061
TRAF3IP3	0.863910503058418	TRUE	-0.0212750026532271	0.937674087697846
PPP2R5E	0.280846135291958	TRUE	0.0569940313557981	0.628233246809136
MOCS1	0.909259665304215	TRUE	0.00716858504381126	0.958995019968187
ARID4A	0.414281204285209	TRUE	0.0312772652894435	0.707850358516276
STAT4	0.578325929850902	TRUE	-0.0260788921837456	0.797514501218853
HSD17B8	0.414884335717362	FALSE	-0.019016338539116	0.707850358516276
PLEK2	0.946439490837645	TRUE	0.00607971820943078	0.975320181375341
ARHGAP6	0.998259716772955	TRUE	0.00325491254088339	0.999270867272198
CD74	0.98817182390272	FALSE	-0.00808378533202258	0.994928104353839
HS3ST3A1	0.517802797663492	TRUE	0.011370056171017	0.764100999922941
MGAT3	0.349553909523462	FALSE	0.0261546153776204	0.670966479902986
RNFT2	0.530930503043064	FALSE	-0.0155915172009653	0.771823201795552
C19orf40	0.217298327212656	TRUE	0.0477841527394167	0.57207934345584
FARSA	0.106828173664519	TRUE	0.0431350456338317	0.447696806325089
CTNNB1	0.00813772691489912	FALSE	0.125940198946706	0.166926263818315
DPP3	0.999542323909793	FALSE	-0.000662240964453884	0.999895051681795
GAST	0.84606911210371	TRUE	0.0132923838485706	0.930963383031923
RNFT1	0.186753685076941	FALSE	-0.0825299400110469	0.542259082353796
MAP1B	0.956442489139416	TRUE	-0.00380122734883992	0.98042526273186
SLC9A3	0.899981079437341	TRUE	-0.00779730303767013	0.954440382196027
AASS	0.992781039967481	FALSE	0.00177668687251353	0.99686390064706
VCAM1	0.0966365105514555	FALSE	0.0230021562083231	0.432423596346864
TBC1D29	0.999980328866611	TRUE	-0.000126066058643737	0.999980328866611
SLC6A1	0.830998941888096	FALSE	0.00702119217693877	0.92388440063429
CD22	0.144704893273864	FALSE	0.0219630212956216	0.499059231418942
ELAVL1	0.996906570024099	FALSE	-0.00382260996529027	0.998299101725876
ITIH5	0.448186107381565	FALSE	-0.0193519747377922	0.727054639744368
