id	PD_meta_logFC	PD_meta_se	PD_meta_p	PD_I2	PD_tau2	PD_meta_FDR
ABCB4	0.291539131709273	0.0461364376525026	2.63151198076184e-10	0	0	1.19726906349845e-09
ABCC6P1	0.0556124277299374	0.0256832899150284	0.0303635262408277	50.0664569227376	0.000661777428208653	0.0501260294991145
ABCD1P2	0.0438846655155001	0.0424294636592546	0.30099735498569	68.6543604310096	0.00249221814937224	0.378533576675202
AC078883.4	0.00614056394243676	0.0188768017515077	0.744956422914285	0	0	0.802189754042768
ACOT2	-0.102408337919	0.0327290735103791	0.00175419327572166	0	0	0.00375004663370755
ACSM2B	0.0357051053326618	0.0264189358501167	0.176536367650268	46.3912281659523	0.000647836640673924	0.238509993666133
ACTA2	0.353721114014026	0.0709107282320003	6.09256944654765e-07	0	0	2.05210963141469e-06
ACTBP9	0.126895767166753	0.0627871420542712	0.0432748965603234	0	0	0.0690016240567359
ACTG1	0.0281243852456115	0.0186446022019848	0.131440285289743	0	0	0.18437709106826
ACTR3BP5	-0.00438455061919806	0.0341438214150734	0.897821214910007	64.676372582409	0.00150801363940245	0.925512023436294
ACTR3P2	-0.0628806025741189	0.0168375823867349	0.000188059593256699	0	0	0.000467593094535254
ACY1	0.231251022816721	0.0313031374389207	1.4964765658901e-13	0	0	8.99957187376125e-13
ADAM1A	-0.442921615690006	0.0664456130435992	2.62999707582105e-11	0	0	1.28397048252162e-10
ADAM3B	0.0338700011491129	0.0246203786955796	0.168917725082068	0	0	0.229179552062946
AF279782	-0.0745248143513832	0.0219107823853519	0.000670698761549431	0	0	0.00152775156955821
AGAP11	0.0791979639673647	0.0216862215298414	0.000260211355801263	0	0	0.000633399630787949
AGAP4	0.0805669821566561	0.020820529597685	0.000109017049929242	2.92687864461373	2.53757765839859e-05	0.000281532886741489
AGAP9	-0.0940855822489639	0.0397234380638529	0.0178596277892819	28.0920803860896	0.000892569905716799	0.0307936836287419
AHCTF1P1	0.0478875397324337	0.0376970288634615	0.203968305266089	25.4227047945021	0.000722899690137138	0.270195819018645
AK023507	-0.0139560316488744	0.0357076004381411	0.695913993051999	0	0	0.761169616063169
AK055364	-0.00239057909905315	0.0117532079689943	0.838823955953986	0	0	0.87770983470682
AK055967	-0.155844113292674	0.0341338029502276	4.97871382807992e-06	0	0	1.49189735055222e-05
AK056973	-0.0315510214777276	0.0236022919274058	0.181295155602662	0	0	0.24406737446741
AK094915	0.0527094490714937	0.0284637205823103	0.0640528756925904	21.6069761061588	0.000352526103874735	0.0982558675672745
AK096803	0.112901308064251	0.0405613230231916	0.00537804995860632	42.6439250569322	0.00140651958708444	0.0103511083367196
AKR1C2	-0.80322802252799	0.0929802259597795	5.68576237979962e-18	0	0	4.75089183465949e-17
ALG10B	-0.169322517112731	0.0466378851230886	0.000282786347040265	13.5610571210452	0.000592800875410611	0.000679782394406612
ALPPL2	-0.016355739650544	0.0404431705786927	0.685909120169402	4.31812259519463	0.000142167403132593	0.753809968316471
AMY1A	-0.413871271802251	0.0612176178827035	1.37368080397035e-11	0	0	6.92016590521874e-11
AMY2B	-0.160980737691865	0.0456893730188524	0.000426090034695942	0	0	0.000992686970913602
ANKHD1-EIF4EBP3	-0.17029263305626	0.0297573826697068	1.04843077621502e-08	28.9523719993469	0.000512958412254469	4.22777886093202e-08
ANKRD20A11P	-0.178972782719492	0.0807609081093325	0.026685896977366	0	0	0.0444253725542741
ANKRD20A12P	-0.115290075800467	0.0517030620885505	0.0257573991196148	0	0	0.043003227348598
ANKRD20A2	0.156364706401761	0.0581863232700237	0.00720300016205934	0	0	0.0134466318814813
ANKRD20A5P	-0.114893939701698	0.045583204128375	0.0117177473473075	0	0	0.0210205868274211
ANKRD30BP2	-0.0610245497206309	0.0259941976950731	0.0188936858486456	0	0	0.0323838520758837
ANKRD39	0.00347634844254949	0.0244102044358201	0.88675321216676	0	0	0.915188291416763
ANXA8L1	-0.128096334032375	0.0492130303681099	0.00924403512618169	61.4935684550173	0.00297879745881608	0.0168584816886713
AP000662.4	-0.0806590345250993	0.0197777631131117	4.53722885064087e-05	0	0	0.000122448815875991
APITD1-CORT	-0.420014943061584	0.0434188229224685	3.90519677750798e-22	0	0	4.46528421007162e-21
APOA1-AS	0.119376033758227	0.0226020622722529	1.28030191105116e-07	0	0	4.65515632093496e-07
APOBEC3A_B	-0.119179319181581	0.0995460221774107	0.231217565437496	0	0	0.301467463413629
APOBEC3G	0.511320106355181	0.0847944203849997	1.6384304609662e-09	55.4191264261839	0.00797087938188785	7.03109170656605e-09
APOC4	-0.0146832797441666	0.0398215517575835	0.71233125098114	57.6626293606522	0.00183081944489292	0.77474805064496
AQP12B	0.0100284029639509	0.0437560924376324	0.818722236814741	34.3807824283632	0.00131662081711314	0.862464706822329
ARF1P1	0.00458068702728794	0.030108635838982	0.879077585499421	0	0	0.908345329130793
ARL17B	-0.0412551807317389	0.018431493414693	0.0252016076537771	15.957862377829	0.000108537676330734	0.0421157635598698
ARPC4-TTLL3	0.0103744665208286	0.0380401360571952	0.785065213614767	0	0	0.833038745558805
ASIC3	-0.0864952805109308	0.0231087641508347	0.000181862034954318	12.4021517432794	0.00013254552451692	0.000453480942253377
ATAD3B	-0.0520931202191827	0.0305024662929387	0.0876673236188669	0	0	0.130004956015009
ATP5G2P1	-0.0923881018986132	0.0318722533392972	0.00374713196182232	0	0	0.00750289786825714
ATP5J2	-0.204881379836515	0.0301793244473736	1.13070524073075e-11	0	0	5.77989914232367e-11
AX746733	-0.0747466941118158	0.0192817878457103	0.000105950767229138	0	0	0.000274429856101701
AX747182	0.018821962888282	0.0510474750786624	0.712340267509002	0	0	0.77474805064496
AX747197	0.164441292692846	0.0324833006118354	4.14156265108796e-07	0	0	1.41693619834466e-06
AX747639	-0.0665103842380998	0.0248820658421668	0.00751706464851588	0	0	0.0139056680017388
AZGP1P1	-0.136489384833798	0.0463353365522079	0.00322238606116823	0	0	0.00654264833447474
BAGE3	-0.186258396771241	0.0274018225811014	1.06598297857644e-11	0	0	5.46512807305559e-11
BAGE4	-0.0809392007166609	0.0494280112170839	0.101522523285631	0	0	0.147406971988661
BC016751	-0.00470235943241514	0.0281312479315356	0.867245834276588	37.0380534561369	0.000615755000414938	0.89932772074744
BC017255	-0.116967237878935	0.0188986531231568	6.04765316916373e-10	0	0	2.6881895672651e-09
BC021693	0.0089772998626238	0.0146699160521633	0.540568821479657	0	0	0.618097770876081
BC024173	-0.0042768075251494	0.025066542685984	0.864524013472074	0	0	0.897040439053412
BC031974	-0.0338397275884274	0.0187867242115485	0.0716623056798543	0	0	0.108492236299292
BC034802	0.013735215957327	0.024569677664898	0.576140439181038	0	0	0.651651767456445
BC037494	0.0629548562107409	0.0138990199314645	5.91386270160596e-06	0	0	1.76277030256054e-05
BC038570	0.0256975167290731	0.0515919819114032	0.618419700672229	59.7899712606388	0.00318378718806141	0.692088499528869
BC038779	0.0130590977649407	0.016658793545664	0.433089296357453	0	0	0.514848972003593
BC040327	0.0551675006583977	0.0201034073205455	0.00606610485747222	0	0	0.011560186669174
BC040634	0.00227320278535164	0.0286085464899795	0.936667644869915	20.6869075373694	0.000340611955967638	0.954237026250828
BC043213	-0.0699730161753895	0.0264594373864603	0.00818022602684377	9.90017447530041	0.000138958218813695	0.0150446908303222
BC043576	-0.0426679365845567	0.0391006162286196	0.275169764940752	0	0	0.350362675067419
BC043580	0.00341411850995784	0.0132175763008637	0.796174303141356	0	0	0.842209944528106
BC071802	-0.0410965438926998	0.0272750700656913	0.131876328840771	0	0	0.184839564133274
BCL2L2-PABPN1	-0.0141097879234822	0.0523945698664666	0.78769985640971	0	0	0.834261030128017
BMS1P18	-0.0294756975343745	0.0273574166181291	0.281288270504203	0	0	0.357181806482284
BOLA2B	0.0813993484320206	0.0326519140447676	0.0126689314693969	0	0	0.0225831824551916
BPIFB9P	-0.0126492390694478	0.0231416807969393	0.584653677594677	0	0	0.65896763402046
BTF3P12	-0.345310740415417	0.0324175327151958	1.70704786711267e-26	0	0	2.55762861469122e-25
BTF3P13	-0.173810738384715	0.0189692844381268	5.05931090837277e-20	0	0	5.05349560847809e-19
BTN3A3	0.584313324859173	0.0556337231980652	8.38000238612287e-26	0	0	1.19380689730177e-24
BX647249	0.208953908295219	0.0431551551231171	1.28589043434058e-06	0	0	4.12339035956443e-06
C15orf38-AP3S2	0.138103574881141	0.0208812090305123	3.74646297522489e-11	14.853255650247	0.000129576919518237	1.80870906970579e-10
C16orf52	-0.181554510902586	0.0272027301178504	2.4870597145328e-11	0	0	1.21760838981916e-10
C1orf56	-1.14646342183852	0.065207795988981	3.40265469043753e-69	0	0	3.94254256798695e-67
C1QTNF3-AMACR	-0.560322050271402	0.0462098747666765	7.73003502807388e-34	0	0	1.84038368202636e-32
C1QTNF9B	-0.0294486299582174	0.0145698380331626	0.0432585449595121	0	0	0.0690016240567359
C20orf187	0.0384274001690448	0.0273087764094452	0.15938448367169	0	0	0.217092658794198
C21orf2	-0.00411666153445105	0.0213045567098581	0.846779504988583	0	0	0.8844367666287
C4B	0.749127460198794	0.0504535372699403	7.18165360666271e-50	0	0	4.02635934463864e-48
C7orf55-LUC7L2	0.0705305311717219	0.0504249675310342	0.161896246917051	18.4546495754749	0.000940788551522279	0.220168761456835
C8orf15	-0.029578038964985	0.0392349237220251	0.450927178716116	0	0	0.532412660739545
C8orf44-SGK3	0.0283843762807529	0.0293270967251033	0.333116806679762	3.64683754647059	6.27774387471789e-05	0.412362542741757
CA5BP1	-0.26464204205399	0.0502036414892218	1.35408117359339e-07	0	0	4.90290224938605e-07
CADM3	0.00763263250374766	0.0285760696369353	0.789393129356508	51.3405984904459	0.000838486375069589	0.835545224617302
CALM2	-0.0593016077658342	0.0178654224244968	0.000902269412837099	0	0	0.00201044133270625
CAMK1	0.149619110664006	0.0304539633945118	8.97114845565555e-07	0	0	2.94742079696207e-06
CAND1.11	0.0107443624542539	0.0343092877976855	0.754157647475194	6.9935452013931	0.000168776482166587	0.808590987854341
CASC7	-0.316500256968306	0.0336967019313085	5.85269542675026e-21	0	0	6.20242966566583e-20
CASP1	0.0211710027472903	0.0582213176202194	0.716134513610149	0	0	0.777901115409024
CATSPER2P1	-0.15918193500814	0.020589542341944	1.06534838147489e-14	0	0	7.06708201146321e-14
CBWD2	-0.37014654124726	0.0369880763166906	1.41727168876555e-23	0	0	1.8111898493195e-22
CCDC144B	0.216525063813864	0.0391137670825593	3.0985288526024e-08	0	0	1.19938600129687e-07
CCDC169-SOHLH2	-0.0399682578758428	0.0104225584985724	0.000125674819288715	0	0	0.000320923061900323
CCDC74B	-0.0591678842950729	0.0237482270976205	0.0127217384869925	0	0	0.0226540793958945
CCL15-CCL14	0.235627715837892	0.0330022037150038	9.34960383881315e-13	0	0	5.25877393911238e-12
CCL3L1	0.546666570191427	0.0776663902117984	1.94110678849732e-12	0	0	1.07784140524228e-11
CCT6P3	-0.305934080241034	0.0382170927123258	1.19307930543953e-15	0	0	8.42915379208902e-15
CCZ1B	-0.184386857048233	0.0536019785142528	0.000581872556358336	61.1838848344327	0.00351695220142449	0.00133065066177735
CDC37P1	-0.0284142102033086	0.0383398355949354	0.45862398507774	0	0	0.539815061180909
CDK11B	0.0779034215616888	0.0288792610094256	0.00698505515250169	0	0	0.0131243522757275
CDY1B	-0.0735593290213426	0.02560886958734	0.00407346240898823	0	0	0.00807260851404965
CEACAMP3	0.0604765089752942	0.017812687718646	0.000685943540606869	0	0	0.00156043177169468
CELA2B	-0.0470761539507251	0.0160347058011648	0.00332590798517947	0	0	0.00672925271040969
CEMP1	0.0367599934334191	0.0312507994284318	0.239479130933971	0	0	0.311072294142931
CENPVP2	-0.0121633524583497	0.0143420429224447	0.396387490152006	0	0	0.478085675145168
CEP170P1	0.106365302482735	0.0341740879012106	0.00185538449752214	0	0	0.00395663589778341
CEP290	0.0639456017025051	0.0208775336125366	0.00219210174910002	0	0	0.00464052721064048
CFC1B	0.0238264445584553	0.0236793243546934	0.31431310857606	0	0	0.393854493659115
CFHR1	0.58108748282027	0.0518928452963364	4.17822927343742e-29	0	0	7.11937497768062e-28
CGB1	0.163952238028004	0.049900551242794	0.00101772746769274	0	0	0.0022590170355683
CH17-132F21.1	1.91042207779164	0.0992820692436288	1.63563739813691e-82	0	0	9.47579265987317e-80
CHL1-AS2	-0.0228739741724143	0.0273884191203087	0.403622241348635	0	0	0.484792989263253
CHRNA7	0.113683075568028	0.0320680854255589	0.000392533539625882	0	0	0.000919438398746338
CKLF-CMTM1	0.383476308996041	0.0392020665604078	1.34468121274778e-22	0	0	1.58983397806506e-21
CKMT1B	-0.424384442501007	0.0554851428164021	2.03156996578274e-14	0	0	1.32739421072572e-13
CLCNKB	-0.0692223165740687	0.0242024535912544	0.00423458937135883	32.0160070509204	0.000375080526925507	0.0083633140084337
CLEC18C	0.0472612707397467	0.0309374998679488	0.126602679857794	0	0	0.179181968723816
CLIC1P1	6.00676334940676e-05	0.032394790655468	0.998520533427277	0	0	0.998520533427277
CNN2P10	0.0489392490192915	0.0364697711506242	0.17962430388842	0	0	0.242005457486879
CNN3P1	0.040548716396827	0.0196296262752264	0.0388577904695708	0	0	0.0624744124293378
CNTNAP3B	-0.587178000145403	0.0666789894382676	1.29642161243434e-18	0	0	1.12659038120544e-17
COMMD3-BMI1	0.300646882279028	0.0548193229979834	4.15055457738393e-08	0	0	1.58891274350072e-07
COX6B1P3	-0.0323106881755754	0.0300094199998918	0.28162107835431	0	0	0.357268200131235
COX6CP1	-0.207781402632472	0.0204896685752948	3.64146970102677e-24	0	0	4.72304055252576e-23
COX6CP2	-0.0847670824269493	0.0179689585074342	2.38857005158619e-06	0	0	7.46642940585756e-06
COX7A2P2	-0.0419377935978418	0.045524427333818	0.356938093558395	26.5386084276333	0.00110041756201934	0.437887081671082
COX7BP1	-0.246728943277085	0.0477374603857911	2.36036377301622e-07	61.556754814273	0.0028135235277203	8.33803300305324e-07
CPT1B	-0.0593749688418064	0.0471174646996412	0.207616054398179	0	0	0.274400534254019
CR1L	0.230407293569124	0.0499418252152741	3.95918202245595e-06	55.1250904790184	0.0027498662844403	1.20508902890165e-05
CRYBB2P1	0.114025408788535	0.071828876188534	0.112408685390013	0	0	0.161060424738534
CSAG3	0.0562148132093071	0.0360535930992665	0.118948717151927	0	0	0.169453172467253
CSGALNACT1	0.392327870210031	0.0436361487323761	2.45233489530095e-19	0	0	2.27922890269147e-18
CSH2	-0.0401825475965428	0.0298812584356395	0.178708951533823	60.1517683638055	0.0010742096877339	0.241146085221882
CSHL1	-0.0178960608163017	0.0225296372860338	0.427000914508518	38.6521245779384	0.00039250898317153	0.507958651208627
CSNK1E	0.0877348411398872	0.0286841413336006	0.00222334354268206	0	0	0.00470093805009905
CST6	-0.181947371113323	0.0297609395468827	9.7389999608536e-10	3.63307801323355	6.4785090946331e-05	4.26357227505379e-09
CT45A2	-0.00463790027526296	0.0122558622868819	0.705116378699012	0	0	0.7692983466283
CT47A10	-0.0525124108129028	0.0404410926580585	0.194118531424502	0	0	0.258131604908787
CTAG1B	0.0118987547654215	0.0170872803932145	0.486208675925386	0	0	0.567515566661062
CTAGE4	-0.0974473032016483	0.0507279447467822	0.0547343882575697	0	0	0.0850879846079214
CTAGE8	-0.0863175675159506	0.0445295557411849	0.0525703979118491	0	0	0.0822388402977441
CTB-113P19.4	-0.460075722371281	0.0620536465918839	1.22397219472663e-13	0	0	7.3863322028989e-13
CTB-127C13.1	0.0437046720522734	0.0181027009872345	0.0157670986391671	0	0	0.0275963921801333
CTC-241N9.1	-0.0556286352318803	0.0188238628017847	0.00312447271267846	0	0	0.00635959219048939
CTC-265F19.1	0.334930971661095	0.0442945256028538	3.98591572799226e-14	0	0	2.49191422131314e-13
CTC-378H22.2	0.0644279901805745	0.0454176603849585	0.156025318522748	0	0	0.214025645870047
CTC-400I9.1	-0.0275740983818749	0.0517265850365112	0.593982345664636	45.6041944168532	0.00245748466401992	0.667969916724062
CTD-2036P10.3	-0.072286378653012	0.0262079805864934	0.00581238380087914	36.8874848915395	0.000506762127596802	0.0111377321344299
CTD-2199O4.7	0.0578001613896398	0.0276239554347869	0.0364034055088781	0	0	0.0591300175461963
CTD-2284J15.1	0.0383611195422008	0.0269422680485953	0.154496656061802	0	0	0.212432902084978
CTD-2314B22.3	-0.0579503256232761	0.0919114743875463	0.528366499247196	0	0	0.606940499465715
CTD-2647L4.1	0.00225865351234259	0.0221216429722883	0.918676089513589	0	0	0.940317457935582
CTD-3046C4.1	0.0951610424925221	0.0385455904556413	0.0135570022548279	26.0328657292707	0.000774636608557938	0.0239939612208666
CTD-3138B18.5	0.086748888965698	0.0303565695156385	0.00426771452546967	0	0	0.00841916895035901
CTRB2	-0.0193692979358137	0.0341767795249021	0.570891836227764	23.6416486075868	0.000552293938690624	0.648079693901929
CUL4A	-0.519774387175697	0.0491279087593734	3.68869064933153e-26	0	0	5.38734819204891e-25
CXorf40B	0.135101979519112	0.0259658398485679	1.96027169243715e-07	0	0	7.01018971492957e-07
CXorf51B	0.000633879739455428	0.0268634026463784	0.981174539423976	0	0	0.984573527435838
CYCSP33	-0.129517108462427	0.0176850110849495	2.4149092014785e-13	0	0	1.41794330816542e-12
CYP21A2	0.0964063661250845	0.0236987236095339	4.74187378088575e-05	0	0	0.000127575489646741
CYP2B7P	-0.217323274800018	0.0450659869777302	1.41887568950336e-06	0	0	4.51649441090995e-06
CYP2D7P	-0.0386236469773531	0.0246813287050413	0.117607919949707	0	0	0.167956092746583
CYP3A7-CYP3AP1	-0.0294719961821884	0.0190942825678165	0.122709875219634	0	0	0.174240002558598
CYP4A22	-0.0445247999924072	0.0116834464715583	0.000138444809723364	0	0	0.000350243201308889
CYP4F3	-0.127185072588351	0.0290033241055407	1.15884845488454e-05	0	0	3.35679769098223e-05
DAPK1-IT1	0.24230715778979	0.0566643240378517	1.9012286866951e-05	0	0	5.3816538395376e-05
DAZ2	0.0166269010450019	0.0247095432812471	0.501014790681033	0	0	0.581284183046486
DCDC5	-0.00559783265793194	0.0100842719028338	0.578822646089674	0	0	0.654092170938787
DDTL	-0.116786160597101	0.0406800564711558	0.00409375443742369	0	0	0.00809436315385936
DDX12P	0.336205962656181	0.0432745824706272	7.90255048461059e-15	0	0	5.32350106288884e-14
DDX19B	-0.232464345882215	0.0222576832604438	1.55715140210429e-25	0	0	2.18252349746553e-24
DDX39B	-0.168471321901068	0.0428809776650339	8.53663584608082e-05	0	0	0.000223780891410082
DDX47	-0.133461675574872	0.0336589168481411	7.33587474626833e-05	0	0	0.000193765202264656
DEFA1B	0.115508988184596	0.0400301210176242	0.00390728143363323	0	0	0.00780558061109719
DEFB103B	-0.34407231123147	0.0575808724014674	2.29439110179582e-09	0	0	9.70231565674241e-09
DEFB104B	-0.380330851325703	0.0549630133064168	4.52409999777937e-12	0	0	2.43432996784537e-11
DEFB105B	-0.148237880134537	0.0306061883314555	1.2763875329469e-06	54.3354104966015	0.00101827552040307	4.10048342377394e-06
DEFB106B	-0.0717621938023385	0.0391229459479333	0.0666133647972845	0	0	0.101824123146597
DEFB107B	0.0248694055742126	0.0171139396342406	0.146177501525365	0	0	0.202274281569335
DEFB4B	-0.563976890243435	0.116527527190362	1.29930780722758e-06	0	0	4.15874211595127e-06
DEFT1P2	-0.0371720030806179	0.0221656325536152	0.0935403884926059	0	0	0.137890750805894
DGCR6L	-0.0767543388813801	0.0464847900133024	0.0987036555638167	0	0	0.144115903230886
DHRS4L2	-0.322935717124444	0.0327273992027313	5.76150637819407e-23	0	0	7.15249863235807e-22
DKFZP434L187	-0.0417271008748301	0.0148450961830452	0.00494132747152811	0	0	0.00958485172490608
DKFZp667J0810	2.37351858796468	0.138964948933226	2.09189513521774e-65	0	0	1.91353355000444e-63
DKKL1P1	0.00546727387359324	0.0249151980719781	0.826310977415332	0	0	0.867751346675436
DLEU2L	-0.181594658716786	0.0830327726681164	0.0287407789477812	44.6381729593203	0.00615562673976441	0.0475728322011845
DMRTC1B	0.0266825612181965	0.0279106317780521	0.3390722844771	11.3172038894313	0.000176465756316502	0.419137717227027
DNAJA1P4	0.0498551763542333	0.0279964224761869	0.0749501075500699	18.6871150565722	0.000294090996635065	0.112684504257804
DNAJC25-GNG10	-0.209834683091314	0.0410687463108596	3.23265515692285e-07	0	0	1.1214280763936e-06
DNLZ	0.0264742379269209	0.0278623549812295	0.342021064095379	0	0	0.422182250992734
DPPA3P2	0.0112817412898675	0.0243390540790297	0.642988651532106	57.1320300580107	0.000676984383180849	0.713155249752903
DPY19L1	-0.0175596208768543	0.0392489001458705	0.654592475079931	19.1226136931845	0.000594122047303428	0.724176780196639
DSTNP1	-0.037867856230599	0.0284137407536359	0.182620291500631	0	0	0.245358923172637
DUSP15	0.04207224057315	0.0499556139892897	0.399680243264963	46.5160611089806	0.0023223343176002	0.480390223232715
DUTP1	-0.111404442112344	0.0298853801494032	0.000193216979058923	0	0	0.000478363403994884
DUX3	-0.0199948770816834	0.0312754596903143	0.522617895658466	0	0	0.601915446194863
DUX4	0.170189131570125	0.0531333310644943	0.0013597667749255	0	0	0.00296521286677605
DYX1C1-CCPG1	0.586961395250904	0.0536338433730878	7.11047994545474e-28	0	0	1.13376276561471e-26
EEF1DP5	-0.0858864654365399	0.0314033762358114	0.00623909496086661	0	0	0.01183793345195
EEF1E1-BLOC1S5	-0.253281126655656	0.032573633774775	7.50618650903249e-15	0	0	5.07616815280096e-14
EIF3CL	-0.344065678875096	0.0538379866449589	1.65062733551838e-10	0	0	7.56936757026634e-10
EIF3LP3	-0.189220562538181	0.0325568662621234	6.17302082078256e-09	0	0	2.53035617606606e-08
ELL2P3	0.152656167720621	0.0189219094975452	7.16385677472107e-16	0	0	5.16630003089843e-15
EPN2-IT1	-0.19661647509915	0.021003883223112	7.90167218490865e-21	0	0	8.27295557672966e-20
EPPIN-WFDC6	-0.0278284082547617	0.0211107343496944	0.187432928830889	0	0	0.250969514875258
EPR-1	-0.157699524284415	0.0588455571150745	0.00736467150729013	0	0	0.0136896246841393
EPS15P1	-0.034379912624724	0.0128135371588963	0.00729446893688204	0	0	0.0135736477647762
ERCC6-PGBD3	-0.235176961810506	0.0324190466657612	4.03792981438371e-13	0	0	2.29343856777741e-12
ESPNP	0.00578004760632255	0.0268391257625622	0.829487423916265	0	0	0.869510942561199
EXOSC7	0.436855350109445	0.0581371934279902	5.72535840572037e-14	0	0	3.51613883715265e-13
F8A2	0.112658628715582	0.0370203230605236	0.00234110715243416	0	0	0.0049081353810984
FABP3P2	0.0306169672039639	0.0168149905398575	0.0686351623902221	0	0	0.10445526465342
FAHD2B	-0.048231963196624	0.025987342012838	0.0634565395545557	0	0	0.0975132323128363
FAM115D	-0.204631544921873	0.0272153119899935	5.52027717576109e-14	0	0	3.40221337995488e-13
FAM133DP	-0.29963354880892	0.0500753409879566	2.18185627710042e-09	0	0	9.29427992549148e-09
FAM138B	-0.0130614596817775	0.0198383989077743	0.510285738789593	0	0	0.59007093414259
FAM153B	0.00878715733614835	0.0104205326870788	0.399086324775218	0	0	0.480008326961473
FAM156B	0.0502465724114356	0.0253210929783194	0.0472139253434893	0	0	0.0748020075177616
FAM182B	-0.0741473472981518	0.0174174271659007	2.07116041541996e-05	0	0	5.81530985783503e-05
FAM187A	0.0395846547946525	0.0227994721501096	0.0825268395690772	0	0	0.123117293709061
FAM205B	0.172703366365042	0.0413506516170432	2.95954200679207e-05	21.2696201185173	0.000727663457595057	8.166016427877e-05
FAM205CP	0.0841848721510876	0.053022618391948	0.112350519737254	24.5113992063661	0.00138362585160425	0.161060424738534
FAM209B	-0.0793603764166679	0.0190362434357751	3.06060454065642e-05	0	0	8.41666248680516e-05
FAM21C	-0.19056771397439	0.0223099577798494	1.32120519713328e-17	0	0	1.07805381813035e-16
FAM21FP	-0.157716948387455	0.0267455255502822	3.70288586287313e-09	0	0	1.54331310064113e-08
FAM223B	-0.110631631539179	0.0203278571496515	5.25776113951541e-08	0	0	1.98651931749517e-07
FAM224B	-0.223866747295572	0.0450492596701235	6.71684207353038e-07	0	0	2.2320978056971e-06
FAM225B	0.0705020831292767	0.0251264800233461	0.0050178164996981	0	0	0.00970073979585684
FAM226B	0.0163409049211714	0.0262083390299	0.532955863488435	25.7644693263713	0.00035478072795659	0.611551650922581
FAM230C	-0.0192210100916297	0.0188152460884996	0.306986497401403	0	0	0.385507610176039
FAM27B	-0.100594159166087	0.0198988929075979	4.29795561832493e-07	8.59383791078748	6.82705164307389e-05	1.46755341152234e-06
FAM27C	0.0116838449387593	0.0314579640416985	0.710331172045748	0	0	0.773531063292926
FAM27E3	0.00605271770633533	0.0222916591629989	0.785988138536667	0	0	0.833038745558805
FAM41AY2	0.171404382451984	0.0442141227596962	0.000105887769223256	0	0	0.000274429856101701
FAM45B	-0.207847755316083	0.0370012964572824	1.9395318084278e-08	0	0	7.64377841960889e-08
FAM47E-STBD1	0.361657852935826	0.0427596393357031	2.72175407666658e-17	0	0	2.1501857205666e-16
FAM66C	0.0301775269258248	0.0222585829027567	0.175172245143448	0	0	0.237110095061771
FAM71A	-0.0121825462785458	0.0401085179099283	0.761326265241271	0	0	0.814267722454971
FAM72B	-0.297234031630871	0.0637974138079291	3.17703707341578e-06	0	0	9.82507194590145e-06
FAM86B2	0.0349442603680633	0.0449426417554258	0.436846035344166	0	0	0.518251474012396
FAM87B	0.00545789113120209	0.0190970083877384	0.775032666446463	0	0	0.825877850572626
FAM90A1	0.0318078697213081	0.0243949407952991	0.192277375596225	0	0	0.256271532811533
FAR1P1	-0.045509687674852	0.0226516264818966	0.0445251024307262	0	0	0.0706708931731527
FAR2P3	0.140806039019812	0.0385720057961855	0.000261758530954342	48.0866804533959	0.00143087022900111	0.000636274582935169
FBLL1	0.0191588352453275	0.0389776527529406	0.623048925471645	0	0	0.696820484214748
FBXW10	-0.125003403935713	0.0530657484321504	0.0184911990079864	49.2510949925219	0.00277387887629381	0.031756624383281
FCGR1B	0.323519372807322	0.0404566083347609	1.27797777765715e-15	0	0	8.95615071600049e-15
FCGR2C	0.254241185005989	0.0326165566811399	6.44847504475951e-15	0	0	4.39507828540864e-14
FCGR3B	1.12418127633212	0.105221424208805	1.2100018826838e-26	0	0	1.82868110617778e-25
FDPSP5	-0.14760899843384	0.0229286244076576	1.21248910219528e-10	0	0	5.63450818078981e-10
FLJ00290	0.067645908789457	0.0332077547857938	0.0416448750919984	0	0	0.0667085648939108
FLJ30064	-0.0524007128162571	0.0187401549676528	0.00517117329413863	0	0	0.00998611020579216
FLJ32742	0.00555179537457631	0.0336323647912431	0.868886523824473	0	0	0.900325287171621
FLJ32955	-0.0453640140970047	0.0163280613262929	0.00546465998692839	0	0	0.0105061715235415
FLJ41757	-0.00856544851020369	0.0273461313171653	0.754110933793805	0	0	0.808590987854341
FLNB-AS1	-0.00687754253476856	0.0162425803656874	0.671983953044331	0	0	0.741058445679598
FNTB	-0.359219079119855	0.0294683843682682	3.51498414784605e-34	0	0	8.60428513937526e-33
FOLH1B	-0.0954199913126869	0.0213640772336357	7.95559212159114e-06	0	0	2.33956330073188e-05
FOXD4L1	0.103043134852673	0.0387267698483428	0.00779615499092268	0	0	0.0143687352854969
FOXO3B	0.0661536272729044	0.0466879623318312	0.156503063658683	0	0	0.214343833442703
FOXP1-AS1	0.0849287935660561	0.020885320670791	4.77378449107918e-05	0	0	0.000128235509203951
FRG1B	-0.0897708996628739	0.0629202328752073	0.153654454463439	0	0	0.211442155073204
FRMPD2P1	0.00628662995958249	0.0277036588141168	0.820482702353123	0	0	0.862673282933894
FXYD6-FXYD2	0.111635594894814	0.0422718503852397	0.00826868993060682	0	0	0.0151913140585567
GABARAPL3	0.0506351644899012	0.0374730744167202	0.176618159866693	0	0	0.238509993666133
GAGE12B	-0.0368529261947212	0.0379214454719277	0.331138699571638	68.822160606701	0.00198328447287632	0.411085042753933
GAGE12C	-0.0493742213098166	0.0431148910012295	0.252135461790594	70.6610288941147	0.00266002982022849	0.324511766712883
GAGE12F	-0.00806940524928038	0.04927297848184	0.869912695604796	76.8176990747835	0.00373991330828741	0.900481396641534
GAPDHP62	-0.168600626633796	0.0390630519045278	1.58799227887034e-05	0	0	4.55434089220571e-05
GAPDHP73	-0.0629557665703317	0.0649588445638845	0.332463423955774	0	0	0.411847064030745
GBAP1	0.245820082265528	0.0381381642733246	1.15209081501395e-10	0	0	5.39712624391979e-10
GCNT1P1	0.0337734111317743	0.0272723437258032	0.215576740645748	8.31132815437466	0.000123642595866493	0.283730266054506
GDF1	-0.0837611574871416	0.0238345097610323	0.000440946603250895	0	0	0.0010245524016712
GGT2	0.248756565565191	0.0354664800031481	2.31848204039239e-12	0	0	1.27921326546094e-11
GIMAP5	0.296100271915421	0.0204690836508085	1.99472441725439e-47	0	0	1.01965618740827e-45
GJA9-MYCBP	-0.136230869866584	0.0215894528737236	2.78916721051404e-10	6.30669048184226	5.9207941146608e-05	1.25584782691021e-09
GK-AS1	-0.0151787548683767	0.0312906517078188	0.627613125668062	0	0	0.699406260402824
GLULP4	0.138981422936042	0.0350811203370759	7.44131343657009e-05	0	0	0.000196251938585111
GMCL1P1	-0.288689597244161	0.0824384356305706	0.000461985788117483	66.360401330813	0.00901990499242743	0.00106772779221833
GMDS-AS1	0.00757044342536591	0.0218108074793564	0.728519219386502	0	0	0.786927534676034
GMPPB	0.227419199420766	0.0258222316495627	1.28415221475228e-18	0	0	1.12153595439169e-17
GNB1L	-0.22151847389594	0.0290633145850152	2.4991558515099e-14	0	0	1.61469623417257e-13
GOLGA2P3Y	0.0138785240697517	0.0412071196371324	0.736268291890609	0	0	0.794803907643403
GOLGA6B	0.00617374780014008	0.0326037318774859	0.84981295301202	49.0767459367495	0.00104654329000924	0.887064085101092
GOLGA6L11P	-0.0639706687399622	0.0365032176705996	0.0796936129825844	30.9851449094688	0.000825786560983109	0.119403016692872
GOLGA6L22	0.148262116974551	0.0921813950641848	0.107753392513731	52.6279240099661	0.00894548222837347	0.155415266546775
GOLGA6L5P	-0.563324625446703	0.0674553045088688	6.76417455680683e-17	0	0	5.24827472309387e-16
GOLGA8B	-0.165306229845186	0.0348715252176318	2.13258919673531e-06	0	0	6.67827031338012e-06
GOLGA8DP	-0.222491195062416	0.0365816073428783	1.18654941243896e-09	0	0	5.1814645196455e-09
GOLGA8M	0.0628249876291968	0.0414051111614844	0.129184787422593	49.5027920561682	0.00169762491444716	0.181794899993239
GOPC	-0.228572578303519	0.0756259769242218	0.00250772071306951	0	0	0.00523848389340722
GOT2P1	-0.0351936754581588	0.0264163877449735	0.182772543994484	0	0	0.245358923172637
GPATCH2L	-0.261030317374665	0.0543805362508713	1.58611102942584e-06	0	0	5.01211085298566e-06
GPR42	0.276927529703046	0.0281707782494759	8.33604019505293e-23	0	0	1.01314950062951e-21
GPR75-ASB3	0.449415935205936	0.0497292210312591	1.60646902428959e-19	34.9841258664148	0.00173390979104091	1.54256528409686e-18
GPR78	0.232648896591426	0.039772654873774	4.93145906654461e-09	0	0	2.05044876977381e-08
GPR89B	-0.139533642095962	0.0286772099059498	1.14073691557224e-06	0	0	3.69199396511089e-06
GPRASP2	-0.308755581305943	0.0510053658389112	1.41825310034423e-09	0	0	6.11643644763841e-09
GRIK1-AS2	0.0205146400461529	0.0172945204291653	0.235546067752202	0	0	0.306650985583017
GS1-103B18.1	0.0198530497547283	0.0210388469873631	0.345354806191018	0	0	0.42539096609496
GS1-18A18.2	0.0318370312152068	0.017647454012877	0.0712222094449915	0	0	0.107919965139839
GTF2H2B	-0.0797757465003706	0.0392862750764573	0.0422929097095178	0	0	0.067559813488182
GTF2IP1	-0.364168954737806	0.0303402081200221	3.43270575752686e-33	0	0	7.74810728127491e-32
GUSBP4	-0.119208767719331	0.035934077622731	0.000908498531835585	62.6212055384363	0.00161720568118217	0.00202172912718341
GUSBP9	0.133494488377503	0.0799057820163803	0.0947910933153052	34.3802631755818	0.0043966555955979	0.139261978175825
H1FX-AS1	0.0549646714876402	0.0247771583284414	0.0265302561960648	0	0	0.0442086148310265
H2AFB2	0.0378074276584203	0.0246291663042186	0.124767299188402	0	0	0.176872402927768
H2AFY	-0.0109174463792944	0.0215031332743838	0.611653779680863	0	0	0.68539927084806
H3F3AP4	-0.101206413301716	0.022718664189749	8.39833571090745e-06	0	0	2.46559247729006e-05
H3F3B	-0.471093844588522	0.0308111027427098	8.95025501428224e-53	0	0	5.36398041890432e-51
HADHAP1	-0.0230131368753658	0.0278014376681372	0.407801973360798	0	0	0.489137218565264
hADV36S1	0.0295435495214532	0.0142333711991831	0.037925991473442	0	0	0.0612596405026414
HAS3	0.0958898207962607	0.0314338694399122	0.00228441268686363	0	0	0.00479505948039733
HBA2	0.936002958896895	0.110111910073952	1.88825034914248e-17	0	0	1.51234060221642e-16
HBG2	0.687708011662362	0.0835405016420069	1.84065374473525e-16	0	0	1.40309482822362e-15
HEATR5B	-0.0903987607416457	0.0350646634156239	0.00993571168774679	19.9348200580218	0.000490285208830202	0.0179877780346916
HEPN1	0.19719682353783	0.0258977611705329	2.64847068395783e-14	0	0	1.69853950137222e-13
HERC2P10	-0.015403496129637	0.025656049358348	0.548249969540442	0	0	0.625645730178128
HERC2P5	-0.0152299751463722	0.0246617419706411	0.536868900513362	0	0	0.615486905733657
HERC2P9	0.0331508341162701	0.0441056375056875	0.452277500383767	0	0	0.533644464132375
HIST1H2AH	-0.038450123800171	0.0217400681539862	0.0769557403048993	0	0	0.115599893387999
HIST1H2APS4	-0.109754904272358	0.0246602212062632	8.55963718272887e-06	0	0	2.5087098522062e-05
HIST1H2BE	-0.0228542133986791	0.0406538518521733	0.574002922170274	0	0	0.650761303804263
HIST1H2BJ	0.000921037810629233	0.0825866425542391	0.991101870798868	0	0	0.992243693230664
HIST1H3A	0.153638231514597	0.0565170089361088	0.00655900813583369	0	0	0.0124178171460555
HIST1H3B	0.0827672948600946	0.0264122415736119	0.00172633865303445	0	0	0.00370416861601712
HIST1H3D	-0.0103126914819475	0.0404399715470893	0.798713573890733	0	0	0.843868809375133
HIST1H4B	-0.11251346599498	0.0246391734997373	4.9606172085331e-06	0	0	1.4890419185545e-05
HIST1H4G	0.00855314866331439	0.0167438679704354	0.609475178281293	0	0	0.683398619259928
HIST1H4PS1	-0.0582690726324725	0.0245277283729454	0.017518506564518	55.0894487288771	0.000662868474599789	0.0302956859792362
HIST2H2AA4	-0.119945454355177	0.0579474769626977	0.0384617555490921	0	0	0.0620097691505771
HLA-DPA2	0.0154262247625785	0.0174373228884862	0.376336239349286	0	0	0.457713354785905
HLA-DQA2	0.665847870023866	0.0915296553606708	3.47273027358724e-13	0	0	1.97888695589987e-12
HLA-DRB1	0.20249542298346	0.0513471130986487	8.02482762717517e-05	0	0	0.000211000762723607
HLA-DRB3	-0.0114277663496444	0.0928265595363807	0.902020942924809	0	0	0.92873957275078
HLA-DRB4	0.235247661050711	0.0551583993759761	1.9994947929688e-05	0	0	5.6231746766663e-05
HMGA1P4	0.169747521365405	0.0328513817669294	2.37709693684581e-07	0	0	8.38011049946861e-07
HMGB1P12	0.0785678932459919	0.0453188683306286	0.0829769235306416	39.8455347269181	0.00163798715771538	0.123576600767999
HMGB1P17	0.0136513928094092	0.0129785415563909	0.292871420009812	0	0	0.370458899546618
HMGB1P4	-0.0431696145300422	0.0368941131172148	0.241962770471754	0	0	0.313361620774894
HMGB3P19	-0.0192258604487762	0.0206246705570748	0.351244635773655	0	0	0.43203338780935
HMGB3P30	0.034975411014553	0.0382047276843954	0.359943173432954	0	0	0.440860631026409
HMGN2P9	0.141979028449421	0.031930269479094	8.72668657445578e-06	0	0	2.5490724817486e-05
HNRNPA1L2	-0.175429803413633	0.0255417378523731	6.49450048463846e-12	0	0	3.43083338671782e-11
HNRNPA1P10	-0.190611081275959	0.0269876088368715	1.63050077448131e-12	0	0	9.11193037314636e-12
HNRNPA1P3	-0.105540638424688	0.025443534446192	3.35343039426672e-05	0	0	9.14954792030699e-05
HNRNPA1P31	0.000386665871823342	0.0283310636456521	0.989110710577715	0	0	0.99082098846344
HNRNPA1P37	-0.279195072623311	0.036402161512253	1.72346875946415e-14	0	0	1.13033535998064e-13
HNRNPA3P1	-0.18526762607722	0.0289156810504265	1.48247447994845e-10	0	0	6.83432532135387e-10
HNRNPCL2	-0.00255044754584783	0.0351379883793743	0.942137345052586	0	0	0.957004503624427
HNRNPUL2-BSCL2	0.0583765747375462	0.0256421187772421	0.022810758941251	0	0	0.0384530543548926
HOXA9	0.137304593978757	0.0217375631049124	2.67611040290889e-10	7.92313680875352	7.49160375587058e-05	1.21438116977954e-09
HOXD4	0.0643578477310145	0.0178910850604959	0.000321658629571315	0	0	0.000763719533053203
HPR	-0.0598477201730546	0.0367552188407535	0.103465917858976	0	0	0.149728364062365
hsa-let-7b	-0.00912658127483756	0.0357865244698011	0.798701138422069	0	0	0.843868809375133
HSD3BP1	-0.00498788020899052	0.0156744574276349	0.750320271107428	0	0	0.805968251659277
HSFX2	-0.0682638936453344	0.0279774815757038	0.014688949734918	0	0	0.0258394682583881
HSFY2	0.0925057006820101	0.0263553057583157	0.000448197664099447	52.0189280244779	0.000723810840900007	0.00103862338693979
HSPA1B	-0.518510313033895	0.064800615608871	1.22786509335429e-15	0	0	8.63979567712453e-15
HSPB2	-0.3727481132584	0.0456041175925303	2.9941371388676e-16	0	0	2.22385057579141e-15
HTR7P1	0.0371672362564886	0.0263410793721446	0.158244913320051	0	0	0.216048436253141
HYDIN2	0.00658908164168645	0.0138911948683099	0.635260948198394	0	0	0.706387413927581
HYI-AS1	0.0117489107163367	0.018309083365476	0.521068985199759	0	0	0.600542371536593
ID2B	0.0894428934868825	0.0810095028317885	0.269548147480477	0	0	0.343708496200345
IDI2	-0.113288098307464	0.0295433292108106	0.000125747183632981	0	0	0.000320923061900323
IFITM2	0.283160360292473	0.0466070136161217	1.23611086079099e-09	0	0	5.38436259662844e-09
IFNA13	0.252373620198075	0.0588056089471083	1.77343156645486e-05	30.7592346355516	0.00213112779825352	5.036313827612e-05
IFNA6	-0.0190930696584982	0.0127571079648392	0.13448141362272	0	0	0.188187356583162
IFNL3	-0.030446904480719	0.0154848502918142	0.0492710994244367	0	0	0.0777776301541062
Ig alpha 1-[alpha]2m	0.985469903937468	0.0928669003456273	2.63096484917306e-26	0	0	3.87509907445999e-25
IGHA1	1.6162930748272	0.0891866674082901	2.11419213272306e-73	0	0	3.34042356970244e-71
IGHA2	1.70809144801741	0.0928592780455876	1.45642807399042e-75	0	0	3.16408999074418e-73
IGHD	1.52729817766088	0.0871942067305685	1.0807137125207e-68	18.2574036772537	0.00280243546785806	1.17392527022561e-66
IGHD3-16	0.368658967463596	0.0447969349822561	1.87905749230327e-16	0	0	1.41991387896656e-15
IGHE	0.526877949239884	0.0695513345360583	3.58071589530492e-14	0	0	2.26301244583271e-13
IGHG1	1.44362785525103	0.0791506580456042	2.53103792077658e-74	0	0	4.39894390630969e-72
IGHG2	0.694670075697074	0.0671484809547901	4.39612970818475e-25	0	0	5.8772872560193e-24
IGHM	1.67847960915597	0.0987934709374009	9.77505361504537e-65	0	0	8.09002056330897e-63
IGHV3-73	1.45524587783979	0.11112564250783	3.49364935057456e-39	0	0	1.16768510986511e-37
IGHV4-31	1.85826697438673	0.131618786781966	2.91919065750859e-45	1.99361370605957	0.000697176978014375	1.40932037854165e-43
IGHV7-81	0.00522462263595265	0.0145265491458522	0.719101203924986	0	0	0.780635785397642
IGKC	1.59980706198861	0.0904041547679359	4.48831540253931e-70	0	0	5.57192297829522e-68
IGKV1-17	2.49804022145063	0.135084007489496	2.37319528085849e-76	0	0	6.87435566355343e-74
IGKV1-37	2.15618410742228	0.116657494038129	2.82835287126277e-76	0	0	7.02239612893527e-74
IGKV1-5	1.35345964994852	0.079130746424521	1.38338428739076e-65	0	0	1.33573438415841e-63
IGKV1OR2-108	2.0305232846769	0.113133646403603	4.97451924076675e-72	0	0	6.65054956957893e-70
IGKV2-28	2.41935111591474	0.142496229295431	1.18774974227203e-64	0	0	9.38322296394903e-63
IGLC1	1.59605621568558	0.082565085678648	2.95306083131113e-83	0	0	2.56620986240937e-80
IGLJ3	2.04143006515806	0.109757442782376	3.24511033892314e-77	0	0	1.12800035380968e-74
IGLV2-5	1.51973975020732	0.0942358173822448	1.64871350031391e-58	0	0	1.14618562541823e-56
IGLV3-10	2.33991614986807	0.12944529604176	4.88216399475714e-73	0	0	7.07100085240659e-71
IGLV3-19	2.23187561021259	0.11996205577131	2.93532223905098e-77	0	0	1.12800035380968e-74
IGLV3-25	2.09074257139148	0.12593708740327	6.79887314926012e-62	0	0	4.9235173055892e-60
IGLV4-3	0.638293568677039	0.0518077218569147	7.03156799957115e-35	0	0	1.79718605636098e-33
IGLV4-60	1.26160693722117	0.101300028929712	1.32738945860322e-35	0	0	3.54923519854215e-34
IGLV9-49	0.702277784565023	0.0978874030714213	7.26553566659901e-13	0	0	4.09983798329515e-12
IGLVI-70	0.42453876754272	0.0459121195002325	2.31380921677801e-20	0	0	2.37952687500603e-19
IGLVIVOR22-1	0.112904619367874	0.0345256705449146	0.00107484989788906	28.4382794024475	0.000680174348181794	0.00237973136628177
IGLVIVOR22-2	0.0648963842128	0.0195188550483272	0.000884804390621183	0	0	0.00197659387005092
IL23A	0.0698919613963891	0.0360683004587705	0.0526516588667293	0	0	0.0822918912863089
INMT	0.119553872895768	0.0445014166339776	0.00722009797360526	29.1045408515238	0.00115343998928142	0.013464088281251
INMT-FAM188B	0.0752158075057616	0.0225378356983447	0.000845926863913209	0	0	0.00190196751549956
INO80B-WBP1	0.117531257760878	0.0396740368146551	0.00305228676494362	0	0	0.00627053711285108
INS-IGF2	0.450085213150326	0.065620415822227	6.93828510916681e-12	0	0	3.64312372197339e-11
IPO11-LRRC70	-0.040022418838977	0.0343814434493645	0.24439550409891	24.1518953707297	0.000571676042396835	0.31604120991362
IQCF4	0.0194532778075143	0.023028451598826	0.398250598466441	0	0	0.479334861589109
JAK1	-0.0682537237507606	0.0228095320129873	0.00276853758918243	0	0	0.00575564393540559
JMJD7-PLA2G4B	-0.266944015390247	0.0296249465521455	2.04587297134334e-19	0	0	1.93246044793192e-18
JPH4	-0.0437185622001834	0.0268273276142781	0.103180159016273	9.59838685876734	0.000138201784329583	0.149563900225424
JRK	0.0459388802670551	0.0192079608741127	0.016772446467176	0	0	0.0291505119599518
KALP	0.00977208967622695	0.0279773857892929	0.726875130895159	0	0	0.78612879744604
KCNA6	0.188403843817063	0.0666366600909877	0.00469378956279031	71.3703966696101	0.00633832568405888	0.00912506293079369
KCNJ18	-0.157015303893118	0.0213977386334469	2.16907748003688e-13	0	0	1.2866404983973e-12
KDM4C	0.250509171275012	0.0309189135484907	5.40035484077704e-16	0	0	3.94362046776072e-15
KDM8	0.0454189294131032	0.016293843913151	0.00531180690671652	0	0	0.0102349450153806
KGFLP1	-0.244298742270459	0.0723824486783068	0.000737861327743034	0	0	0.00166979555679348
KHDC1	-0.0106538419668538	0.0129135849156038	0.409365681450835	0	0	0.490336012654411
KIAA1549	-0.259155355467594	0.028829211984128	2.48737777892879e-19	0	0	2.29950137222246e-18
KIAA1841	0.158386345295312	0.0584239952094818	0.00670844551688014	0	0	0.0126456380784574
KIR2DL2	0.0589509674094755	0.035330275649524	0.0952030249361305	0	0	0.139631103239658
KIR3DL2	0.0578644184608154	0.0317104130792783	0.0680347546221928	40.0726512753611	0.000805999951128345	0.103723160994185
KLK9	-0.269619675278704	0.0502691382975793	8.16142915302718e-08	0	0	3.01799231233218e-07
KLRC2	0.289711155826603	0.0521751824651486	2.813516815098e-08	0	0	1.09149380014293e-07
KLRK1	0.210747575048954	0.0423065626712643	6.31130733536647e-07	0	0	2.11757763491639e-06
KMT2B	-0.00074407922352889	0.0208450873107273	0.971525028327779	29.0151563997079	0.000252555694211392	0.97809168536536
KRT17	-0.429530944090248	0.0838614668308919	3.02455132658721e-07	0	0	1.05344092296765e-06
KRT18P38	-0.0478900427047038	0.0195210410151893	0.0141570924233546	0	0	0.0249797224688226
KRT18P44	-0.0201065924359653	0.0184407869231176	0.275566629150032	0	0	0.350611128450041
KRT18P50	0.0106901366069157	0.0342688201915367	0.755079007238685	45.6533950169802	0.00108228850491696	0.809079725388924
KRT223P	0.0380286021315645	0.0157305875856313	0.0156277888348591	0	0	0.0274077668970587
KRT6B	-0.181819888509328	0.0257513269353381	1.6578196494292e-12	12.3826699629339	0.00016422915657141	9.23490561124345e-12
KRT8P11	-0.0120569887070317	0.0417368830784901	0.772672513873544	0	0	0.82386799332038
KRT8P17	0.00580620932389632	0.0157738328170089	0.712805219412998	0	0	0.774768900149963
KRTAP10-7	-0.0498726333191422	0.025798289455527	0.0532145235609455	0	0	0.083022299774617
KRTAP2-2	0.00952129412204065	0.0205384349422835	0.642945669864224	0	0	0.713155249752903
KRTAP2-4	0.0797749886310727	0.0353829651120003	0.0241574611654722	0	0	0.0405658623242422
KRTAP21-1	-0.00972520868134897	0.0138227893896017	0.481704711829216	0	0	0.563014653099649
KRTAP9-8	0.0821449248946867	0.0539177732366668	0.127628109095945	0	0	0.180339555779473
LDHAL6CP	-0.0310182299460685	0.0234115040495329	0.185199670214196	0	0	0.248170413903063
LEFTY2	0.0123138981143227	0.0177949381493403	0.488944354856204	0	0	0.570082659171964
LEPROT	0.254555050455259	0.0420357867420197	1.39830321233715e-09	0	0	6.04540045532828e-09
LGALS7B	-0.788933217431649	0.0742484225901156	2.26577470391589e-26	0	0	3.3657405430819e-25
LHB	0.0651108220124064	0.0372724869327785	0.0806569453088589	0	0	0.120638357097071
LIMS3	-0.25172449901797	0.0446953752709513	1.78128320526748e-08	0	0	7.03606866080656e-08
LIMS3L	-0.234989737721232	0.026074088415835	2.01622092247832e-19	0	0	1.91485899632094e-18
LINC00087	-0.134907733279457	0.0504709465678603	0.00751811653910189	0	0	0.0139056680017388
LINC00106	0.184275927353362	0.0284595539393183	9.48049782697802e-11	0	0	4.46534016891268e-10
LINC00415	-0.0583575451234846	0.0175684490867881	0.000894630280002771	0	0	0.00199597872483288
LINC00417	-0.0315276584318364	0.0193584357902305	0.10339214470421	0	0	0.149728364062365
LINC00459	0.161311599291658	0.023304037296363	4.45169173814989e-12	0	0	2.4102929099391e-11
LINC00504	-0.0208799329644663	0.0165617143074383	0.207404337716959	0	0	0.274329329491685
LINC00543	-0.0199947890906871	0.0161924444972142	0.216896702742301	0	0	0.285148615254251
LINC00673	-0.182022067360617	0.0330893293765666	3.77794308181334e-08	0	0	1.45589026079636e-07
LINC00869	0.124602326539783	0.0356619329415532	0.00047586436732665	27.5312673622335	0.000701965561225333	0.00109688630028345
LINC00894	0.0371975810954446	0.0286380839885891	0.193983357713431	0	0	0.258131604908787
LINC00908	0.0774539396860262	0.0198312825448857	9.39745803303204e-05	0	0	0.000244869296273009
LINC00984	-0.173910658480326	0.0378678192361394	4.37817928758353e-06	11.6547029842447	0.00033432992499976	1.32565777035195e-05
LINC00992	-0.0704218918311543	0.0255661831229356	0.00587830112202869	0	0	0.0112392600110956
LINC01001	0.272262052919739	0.0507272431782651	7.99789096388939e-08	0	0	2.96690606997323e-07
LINC01006	0.136182081383191	0.0281513397434333	1.31482963467784e-06	0	0	4.19297964233043e-06
LINC01123	-0.0368633726855774	0.0142571056655916	0.00972057085481549	0	0	0.0176350231165651
LINC01296	0.00447962266630078	0.0410650766081412	0.913134323048848	0	0	0.936299382571621
LINC01347	-0.00248838192092581	0.0378026129846515	0.947516627411788	0	0	0.960784071436224
LLGL1	-0.000731357598522647	0.0248591212836488	0.97652954981763	0	0	0.980478542797829
LOC100128361	-0.167860937789304	0.0435191694278175	0.000114706276587594	55.2925828131051	0.00209778020297456	0.000295185383833163
LOC100128374	0.0607379677168165	0.033913053556388	0.0732947675877299	37.321344661601	0.000858661220917813	0.110770700928239
LOC100128727	-0.0184481650936773	0.0141312481955054	0.191726967875717	0	0	0.25573405231619
LOC100128843	0.0937820621394519	0.0186692858284709	5.07820631425398e-07	0	0	1.72045274350359e-06
LOC100129617	0.034108267678877	0.0577520578636236	0.554789598598003	64.009852083139	0.00427072745953892	0.631863907184358
LOC100129637	0.227339647211548	0.0335348141311279	1.20832291226546e-11	0	0	6.15854903670781e-11
LOC100129924	-0.191752658991449	0.0301957960813797	2.14881777599337e-10	0	0	9.80221862119812e-10
LOC100130175	0.0191913480638519	0.0158136966212625	0.224904231395465	0	0	0.294118550914461
LOC100130468	-0.127374798142812	0.0275290561153784	3.71140029073649e-06	43.208894365471	0.000656113967549758	1.13563621572183e-05
LOC100131270	-0.0495462763955837	0.022629598413957	0.0285644628841006	0	0	0.047326059573467
LOC100132304	-0.0639604467304811	0.0364387759301947	0.0792105243655357	0	0	0.118781614622348
LOC100132731	-0.00715781703943609	0.0418512099687621	0.864200090140933	45.4013427957827	0.00159056078000262	0.897040439053412
LOC100287413	0.0359663378387131	0.0126432053955741	0.00444509350659997	0	0	0.00872946046832853
LOC100287576	0.0650966808533976	0.0322846433488092	0.0437648780731764	0	0	0.0695913614740902
LOC100287834	0.0285662600597864	0.0270633163928023	0.291181008353891	15.3763840096352	0.000226330579705482	0.368588923903177
LOC100287852	-0.0796240065952592	0.0336536649501634	0.0179822593729391	0	0	0.0309743972152311
LOC100288069	0.0397933823679837	0.0368033385003087	0.279588669711003	0	0	0.355468257467244
LOC100288570	-0.0448649810389156	0.0238746825515278	0.0602190329091784	0	0	0.093031714841024
LOC100288637	-0.107914492576109	0.0374640742942937	0.00397070955425221	0	0	0.00789598764907361
LOC100288778	0.131094615594928	0.0308162329998919	2.09913443164958e-05	0	0	5.88434781001125e-05
LOC100289097	-0.41566202385014	0.0352365300128787	4.07668370878611e-32	0	0	8.85659535733782e-31
LOC100293211	0.139362449423273	0.0217190646324884	1.39355669462842e-10	0	0	6.45867076070453e-10
LOC100294033	-0.172685897971872	0.0321104476744748	7.53711010941298e-08	0	0	2.81105093780252e-07
LOC100499221	-0.0210350468692113	0.0221611731414434	0.342526672809798	0	0	0.422506286262193
LOC100499484-C9ORF174	0.122437400618487	0.0215639471100687	1.36378148416712e-08	0	0	5.43635830156524e-08
LOC100505585	0.255572034275438	0.0372964402529994	7.259518924717e-12	0	0	3.80031442504764e-11
LOC100505650	0.0127853676610878	0.0359214352479662	0.721896090330718	0	0	0.782204117827174
LOC100505984	-0.0729405262143585	0.0387337798870562	0.0596835105277709	0	0	0.0923686031142172
LOC100506123	0.487432169831563	0.0598846099710094	3.96837686113759e-16	0	0	2.9101430315009e-15
LOC100506331	-0.0508118568391928	0.0188045300795205	0.00689015355649207	0	0	0.0129600507372113
LOC100506718	0.184118674343122	0.0369387342612932	6.21435279589534e-07	0	0	2.08908030159886e-06
LOC100506974	-0.113596299817689	0.0354783144698997	0.0013654729801341	0	0	0.00297392486149507
LOC100507022	-0.134607222746811	0.049649415334422	0.0067049429488796	0	0	0.0126456380784574
LOC100507258	-0.297795111962521	0.0334837440136842	5.90954085737539e-19	0	0	5.29421753098888e-18
LOC100507330	0.00101606677997006	0.0288459755604897	0.971901231660515	21.1983915124799	0.000352779850354574	0.97809168536536
LOC100507353	0.0405401756122134	0.0183154771277594	0.0268674536779814	0	0	0.0446848176960111
LOC100507424	0.124083579235129	0.0182068113245646	9.41140621018201e-12	0	0	4.86816190276677e-11
LOC100507616	0.021621565753361	0.0148897023902061	0.146469527867451	0	0	0.202517135587613
LOC100507855	-0.569607591689315	0.0418795624460615	3.94523373045334e-42	0	0	1.67239420086047e-40
LOC100509457	0.261478553879618	0.172145326822655	0.128777407558805	0	0	0.181482002308016
LOC100509620	0.138642630280626	0.0270504271362014	2.97001638211721e-07	0	0	1.03652378958227e-06
LOC100509764	0.0602830545428176	0.0396360869329818	0.128281578377618	71.4070377924323	0.00224549434658847	0.180968655211283
LOC100510710	0.0623014387851556	0.0265749289175758	0.019059306013074	0	0	0.0326034191444121
LOC100630923	0.0477087931728252	0.0210021477090037	0.023109775816923	0	0	0.0389193705133839
LOC100653049	-0.183947045420357	0.0634854362440545	0.00376187632800441	0	0	0.00752375265600881
LOC100653057	0.0302519578186094	0.0441282158098361	0.492998929353545	0	0	0.573515488096694
LOC100653061	-0.155967660291292	0.0319313138865297	1.03705525975423e-06	0	0	3.37528472182182e-06
LOC100653137	0.0243159948906853	0.0185531880236761	0.189989538305491	0	0	0.253806162624861
LOC100653149	-0.00603738723140613	0.0265155736317502	0.819885597172191	0	0	0.862567292908758
LOC100653233	0.0217098590156817	0.0223989495164902	0.332427658369172	0	0	0.411847064030745
LOC100653247	0.42448597908483	0.0555950375870044	2.25257809544432e-14	52.3927244160965	0.0032387440643763	1.46081370517993e-13
LOC100996332	0.113790872882735	0.0514418162339758	0.0269645489947449	0	0	0.0448034284444232
LOC100996497	-0.0275346881767009	0.0310281296021171	0.374857929469904	0	0	0.456554366796561
LOC100996542	0.00297257297829187	0.0136167916338541	0.827193808766916	0	0	0.868153888669625
LOC100996643	0.0127924645168166	0.0277233436901554	0.644488009506811	14.9002874428282	0.000229075072908082	0.714362347272218
LOC100996735	-0.0186917674544545	0.0384084150870825	0.626500621718419	0	0	0.699406260402824
LOC100996741	0.237458035260127	0.035383223080779	1.93249240669147e-11	0	0	9.59620515094221e-11
LOC100996761	0.246119912149752	0.0416319271971803	3.38375201174085e-09	53.2687305548208	0.0018466784212839	1.41709903527846e-08
LOC100996763	-0.27672011187131	0.0542965106016111	3.46059690222219e-07	0	0	1.19572910856107e-06
LOC100996919	0.0573698866424841	0.0131703840825136	1.32474848206417e-05	0	0	3.81826345245028e-05
LOC101059949	0.0113466008239172	0.0380928717857587	0.765804848121939	0	0	0.818050907213233
LOC101060351	-0.132359873381346	0.046647337236304	0.0045474288998699	0	0	0.00889024907533621
LOC101060386	-0.39793443639879	0.0336983600190573	3.51884943341691e-32	0	0	7.7414687535172e-31
LOC101060399	0.389467689057406	0.0515644966028573	4.25278710956134e-14	0	0	2.63976571300629e-13
LOC101060443	-0.166914379116666	0.0386647790329346	1.58191429110873e-05	0	0	4.54440832718508e-05
LOC101060817	-0.409561416999384	0.0354735400914932	7.77454721713417e-31	8.57342308967551	0.000215772549844805	1.51822056891901e-29
LOC101060835	0.259883863511339	0.048150638630895	6.76479180269451e-08	0	0	2.53935381276092e-07
LOC101926887	0.0314181280440055	0.0189078030796219	0.0965832152789403	0	0	0.141416704426957
LOC101926921	0.471365044082719	0.0318832064383978	1.85474608464286e-49	0	0	1.00735896722165e-47
LOC101927088	0.100271818725141	0.0216174444219007	3.51001696593544e-06	0	0	1.07590996239785e-05
LOC101927104	-0.0539191518425082	0.0111886254184211	1.44204222466567e-06	0	0	4.58184531347153e-06
LOC101927137	0.0377031032101979	0.0126445011825606	0.00286579151330888	0	0	0.00594361056101531
LOC101927144	-0.31859670340591	0.0395352584705243	7.72071985018032e-16	0	0	5.54488061967496e-15
LOC101927178	-0.502660281313275	0.0539847266251287	1.26446960830436e-20	0	0	1.31595699355269e-19
LOC101927180	-0.154809048907449	0.0258781222892973	2.20094322985199e-09	7.563259788792	0.000101311619588066	9.3526634070483e-09
LOC101927184	-0.363901631826056	0.0470658554181872	1.06074493400956e-14	0	0	7.06350457972646e-14
LOC101927266	0.0195699660120927	0.0340014528399299	0.564910838521019	0	0	0.642128866808065
LOC101927308	0.0293357167683971	0.0280979601715324	0.29646157465313	0	0	0.374183163941277
LOC101927338	-0.0353987337546334	0.0149790847709145	0.0181173646892664	0	0	0.0311762176534109
LOC101927371	-0.0701001047256148	0.0132684770566286	1.26942138748793e-07	0	0	4.63498817532356e-07
LOC101927446	-0.141794381687186	0.0193056958874609	2.06234125432766e-13	0	0	1.22751681507585e-12
LOC101927533	-0.0128239726673325	0.0176179196228367	0.466678661157248	0	0	0.547292518954992
LOC101927562	0.00453467177974843	0.0246715319871781	0.854168950623165	0	0	0.890015369414305
LOC101927587	-0.140969164222094	0.016748258277724	3.86429879373686e-17	0	0	3.02529337996156e-16
LOC101927733	-0.365236811778317	0.0313238919773653	2.04024696525025e-31	0	0	4.12319677395923e-30
LOC101927794	-0.031147630866497	0.0481156168053119	0.517405632072408	38.7240051183275	0.00179322386292981	0.597112210187149
LOC101927826	0.030436415390265	0.0145904078650912	0.0369735040265599	0	0	0.0599439832072398
LOC101927827	-0.00793277160953115	0.01980484025266	0.688753589276265	25.330581995215	0.000199183045514569	0.754762760505768
LOC101928042	0.0607973463236501	0.0227462296904129	0.00752090214133171	0	0	0.0139056680017388
LOC101928178	-0.188000518907848	0.02706949183779	3.78173416379163e-12	0	0	2.06039309613475e-11
LOC101928195	0.104330215376263	0.0434200245690745	0.0162694884571233	36.3590222950734	0.00137149452239634	0.028418463254754
LOC101928261	0.104353682604994	0.0286011682328971	0.000263692636472518	0	0	0.000640080729314576
LOC101928269	0.171290704864551	0.0152676265050334	3.28189799864603e-29	0	0	5.64746408083841e-28
LOC101928317	-0.0722135524829418	0.0201116162059159	0.000329868319323146	0	0	0.00077895535187993
LOC101928361	0.398279597394237	0.0318439266622191	6.81522303565432e-36	0	0	1.88013613269321e-34
LOC101928422	-0.201363983992014	0.0436313130011502	3.92857900812965e-06	31.5754242192902	0.00120219731767114	1.19787198528585e-05
LOC101928551	0.0555540246839892	0.0372401945729381	0.135757904502599	49.1890451382959	0.00136531828769599	0.189668197769708
LOC101928574	-0.00476129710597704	0.0431689418891901	0.912175814520994	54.8471353901828	0.00204431110147306	0.936299382571621
LOC101928615	0.921486193419565	0.0589906499649516	5.24717464749527e-55	22.1245685276075	0.00154124710321188	3.37762575457288e-53
LOC101928623	-0.160287409261177	0.0232637336463759	5.57875928986491e-12	0	0	2.97419743735742e-11
LOC101928634	-0.166480325478601	0.0333463980802433	5.96172210366355e-07	0	0	2.01193650799364e-06
LOC101928635	-0.0388554620773376	0.0307416502429157	0.206253190212941	0	0	0.273014504638303
LOC101928667	-0.335656917654718	0.0479358561749208	2.51956553923325e-12	62.8631845186636	0.0028890850154469	1.38138956062694e-11
LOC101928673	-0.0551401567596295	0.0293905479229847	0.0606389815210086	0	0	0.0935142412453531
LOC101928718	0.0100187417697519	0.0215325998808637	0.641729169706817	0	0	0.713123591400543
LOC101928841	0.0340120684191212	0.0194883604660372	0.0809412959043259	0	0	0.120959563440858
LOC101928879	-0.0112728544735601	0.0242740418903513	0.642361502316048	0	0	0.713155249752903
LOC101928882	-0.0240739673359186	0.0104047070961117	0.0206810370398589	0	0	0.0351699044767854
LOC101928910	-0.00336112210350241	0.0108536695073509	0.756807275161931	0	0	0.810431943457447
LOC101929038	-0.086372369337516	0.039900286005897	0.0304102441453807	0	0	0.0501451653934265
LOC101929047	-0.0236942533753302	0.0242020324225333	0.327570514164757	0	0	0.40723716281713
LOC101929115	0.184280006232768	0.0374565248992605	8.66162066212049e-07	0	0	2.86195754957517e-06
LOC101929134	-0.102327102331173	0.0211182748296702	1.26338355783501e-06	0	0	4.06622337688378e-06
LOC101929219	0.14044702216199	0.0317243067472673	9.55036652938956e-06	0	0	2.78032446031475e-05
LOC101929257	0.0259271208477108	0.0155544662096605	0.0955422040336417	1.45377288337978	7.04280488322335e-06	0.140010413668187
LOC101929344	0.0335820795978644	0.0170445704587285	0.0488096272522935	0	0	0.0771192110586238
LOC101929356	-0.566059459568778	0.0496715093723123	4.37477233721903e-30	0	0	7.83850961039864e-29
LOC101929368	0.173893224121684	0.040496129562876	1.75426946927864e-05	0	0	4.99823006164965e-05
LOC101929479	-0.412552172004494	0.0468337214296703	1.264134862456e-18	0	0	1.10962949037804e-17
LOC101929500	-0.017626887726645	0.0506868442349808	0.728019976125714	0	0	0.786877312504037
LOC101929572	0.0495713700496305	0.0150196487639775	0.000965351737057871	0	0	0.0021455004079368
LOC101929612	-0.189535843244034	0.113399735373591	0.09464352179718	61.0048804854753	0.0156976634890534	0.139162809546107
LOC101929668	0.0493669492530154	0.0228482202934836	0.0307225819477382	0	0	0.0505642494556524
LOC101929774	-0.135707700269647	0.0552674607231146	0.0140699727698099	0	0	0.0248512323922049
LOC101929800	0.0659677441759941	0.0135511570150729	1.1270337646641e-06	18.7938294070917	6.96882530512513e-05	3.65444903542202e-06
LOC101929858	0.00270485402198595	0.0235722468578495	0.908645342841822	0	0	0.933900417421104
LOC101929864	0.172787808523999	0.0228347564004456	3.82301566813071e-14	0	0	2.40517234000084e-13
LOC101929876	-0.108740216411697	0.0445120811379383	0.0145682743061194	0	0	0.0256531517163481
LOC101929910	-0.122448277170367	0.0390393390684396	0.00170956674781669	0	0	0.00368181785341439
LOC101929959	0.0100884706003696	0.0268621961881556	0.707241148413613	0	0	0.771132444129774
LOC101929964	-0.181717764132652	0.0247960609897254	2.32754785367977e-13	22.5909206343973	0.000278908113659785	1.37128073548998e-12
LOC101929974	-0.0478951664488144	0.0170426358428899	0.00494931119375417	0	0	0.00958963528957052
LOC101930007	0.0813346138343214	0.0422214368009854	0.0540566993119009	0	0	0.0841097076133247
LOC101930013	-0.0850320657641287	0.0250855054224918	0.000699719158174295	0	0	0.0015896887541267
LOC101930053	0.0283790521987487	0.0386112501056633	0.462342911043983	0	0	0.543675222864981
LOC101930064	-0.0486786516797914	0.0388353367065133	0.210037312289973	0	0	0.2771790803037
LOC101930071	-0.143448760380004	0.0398950466748315	0.000323578380391627	0	0	0.000767229502210979
LOC101930100	-0.0102721289794584	0.0261130535746211	0.694045174881746	0	0	0.75960359820181
LOC101930107	-0.201828508424388	0.0534335736319994	0.000158610731773416	18.6105211920153	0.00106351682789641	0.000398936978035018
LOC101930115	-0.109031681866229	0.0303082923743813	0.000321388292107923	0	0	0.000763719533053203
LOC101930123	-0.437819577280634	0.0349879030825489	6.30216113248436e-36	0	0	1.76663807229965e-34
LOC101930154	-0.12612923883148	0.053185489524442	0.0177161815145957	0	0	0.0306070809864486
LOC101930241	-0.338639305556836	0.0453567400434399	8.2587922583088e-14	0	0	5.05414822004954e-13
LOC101930243	-0.0238893438591728	0.0164979880702989	0.147612691769932	0	0	0.203935499440494
LOC101930279	-0.100874267771331	0.0203540018763096	7.19622260082103e-07	0	0	2.38683871760056e-06
LOC101930286	-0.0100340091690581	0.0138179801551684	0.467743143400286	0	0	0.548170993411799
LOC101930299	-0.0477494709915299	0.0158064083008032	0.00252030258180111	0	0	0.00525844644318167
LOC101930303	-0.316335686275131	0.0294270201160065	5.93660704181018e-27	0	0	9.13081684837707e-26
LOC101930322	0.00836640072074726	0.0157029611607642	0.594178073219448	0	0	0.667969916724062
LOC101930343	-0.0759871909713649	0.023910328816453	0.00148291200097375	0	0	0.00322162632211546
LOC101930344	-0.0762303322879284	0.0344882495141122	0.0270824294167498	0	0	0.0449563154979094
LOC101930388	-0.018904163680166	0.0278847907825311	0.497810905162934	0	0	0.578339139821644
LOC101930400	-0.300644069675701	0.0489677943212323	8.27146477228621e-10	0	0	3.63025398339228e-09
LOC101930404	0.093579222493269	0.0309443975400016	0.00249366805968483	56.9554503452762	0.00109079120098293	0.00521539721748765
LOC101930405	0.916562450782068	0.0793296947814699	7.05957993425137e-31	0	0	1.39426703701465e-29
LOC101930449	-0.00982890906135104	0.00974037030153013	0.312931532782743	0	0	0.392406207775185
LOC101930453	0.0437923080413841	0.0279946835151	0.117745248743295	0	0	0.168014156252748
LOC101930458	-0.00866638235113814	0.0410865522844966	0.832941972413011	0	0	0.87260587586125
LOC101930476	0.0399556281228064	0.0156800830281752	0.0108287489644169	0	0	0.0195637897091025
LOC101930489	0.380237146955686	0.0289292604383875	1.84988506662155e-39	0	0	6.30411812899659e-38
LOC101930531	-0.000350844676449458	0.0187564987155261	0.985076253753171	0	0	0.987918366429896
LOC101930568	-0.0245300988229651	0.0404068986464342	0.543799812855679	0	0	0.621383349601033
LOC101930591	-0.0860530470849042	0.0267579754309132	0.00130001021520071	0	0	0.00284920271629109
LOC101930595	-0.0753378368294462	0.0445927372762596	0.0911304913346934	0	0	0.134795569310381
LOC101930655	-0.199369294202417	0.0210357391267146	2.60083280798426e-21	0	0	2.84292290583437e-20
LOC102288414	-0.0945880622115232	0.0289675532461988	0.00109344056533632	0	0	0.00241473913920523
LOC102723489	-0.120507523701482	0.0375288402918452	0.00132244286500701	54.4069807536349	0.00153328465306551	0.00289436379803186
LOC102723532	-0.0487144182059464	0.015443833736038	0.00160885984860259	0	0	0.00348218980930424
LOC102723581	0.0544265499159505	0.0201034400801935	0.00678277796893746	0	0	0.0127719047779126
LOC102723678	0.142815995294158	0.0421999637249981	0.000713682521723112	21.8745310464353	0.00078008815372492	0.00161929532996706
LOC102723709	-0.0237039289618164	0.0238002613764826	0.319273242384569	0	0	0.399206399470778
LOC102723899	-0.103342231433721	0.0220428187789418	2.75552107012035e-06	0	0	8.58260863775835e-06
LOC102723983	-0.187320293834682	0.0290724736826796	1.16966282478147e-10	0	0	5.46471502545751e-10
LOC102724043	0.0370070469302901	0.0242218249858206	0.126552536376282	0	0	0.179181968723816
LOC102724250	-0.31807440737481	0.0625145135181492	3.61842203915918e-07	0	0	1.2453103968433e-06
LOC102724352	0.110989057770132	0.0421056506721006	0.00838981716881153	0	0	0.0153813314761545
LOC102724364	0.117996805824676	0.0353032635713272	0.000830642474705725	0	0	0.00187002152984268
LOC102724532	0.00806066537296202	0.0271842991932561	0.766833642271822	0	0	0.818646726209108
LOC102724562	-0.244381034218876	0.0617255886413256	7.52161193741626e-05	75.0332714417127	0.00571879264835684	0.000198069114351961
LOC102724614	0.415608692409156	0.0376553973390499	2.52897035297676e-28	0	0	4.10780418081645e-27
LOC102724660	0.00351683233067246	0.0174330564513998	0.840125034233734	0	0	0.878542304150559
LOC102724716	0.0326096256015975	0.0119062190738967	0.0061650125717035	0	0	0.0117358070642067
LOC102724851	-0.0415930717748159	0.031223107196411	0.182819220660854	0	0	0.245358923172637
LOC102724951	-0.365110161769451	0.0854156450423679	1.91556770696046e-05	0	0	5.41342548731266e-05
LOC102724984	0.140625179485105	0.0378541388663544	0.000203266252575969	0	0	0.000501813561046922
LOC102724993	0.0446373524384857	0.0479396330327295	0.35179363755948	0	0	0.43240264644864
LOC102725292	0.0436522571469545	0.0509092862109113	0.391195263238754	0	0	0.473136651015278
LOC102725315	0.0363949703094963	0.0370993719772233	0.326586276229676	36.8230420278786	0.00101523385376712	0.406304186175503
LOC102725420	0.0308302159803153	0.0405811935272497	0.447423862417203	43.8954368002615	0.00144584447351432	0.529715717221457
LOC102800447	0.0377375982655258	0.0144640319365142	0.00907900174096098	0	0	0.0165923291543535
LOC115110	0.0608298604291682	0.0205511101525592	0.00307708320549808	0	0	0.00628433679336741
LOC149684	0.0417243868396533	0.0152461585554605	0.00620560784560782	0	0	0.0117872638641163
LOC283140	0.0239136997340248	0.0147979411708953	0.106090999523421	0	0	0.153144648813709
LOC283454	0.0685428263745538	0.0269426673579574	0.0109583159132862	0	0	0.0197773136628155
LOC283788	0.0401875579001372	0.0395225612295816	0.309236330907359	0	0	0.38805252210613
LOC284412	0.0203483808265725	0.0269664800614925	0.450500709338561	0	0	0.532270722522379
LOC284570	0.0773990326608722	0.0214940022261726	0.000317044901049715	0	0	0.000755862877948428
LOC284930	0.0316677355979137	0.0222534080489644	0.154721358135372	0	0	0.212573692046859
LOC285389	0.0206836855644149	0.0140827077623087	0.141906226003325	0	0	0.196991230665957
LOC285835	0.0266037303741493	0.0303160302364058	0.380189799357495	0	0	0.461753928220354
LOC388692	0.249112151792298	0.0653575937313651	0.000138111662160167	0	0	0.000349909721332901
LOC389906	-0.172782209314388	0.0643591419459409	0.00726043136365041	53.7133635340895	0.00445038550433458	0.0135247906859854
LOC400499	0.18362773507757	0.0378101323591671	1.19433692010031e-06	0	0	3.85112721175202e-06
LOC401317	-0.0935337282579608	0.0309110755886315	0.00247896802887126	0	0	0.00519089931828706
LOC401320	0.0466898596531291	0.0193368693466568	0.0157546117743677	0	0	0.0275963921801333
LOC440934	-0.0628776090748118	0.0297385902970526	0.034485899429299	0	0	0.0561680341891809
LOC441124	0.04750614446651	0.0580053574116141	0.412788806231216	0	0	0.493755640213251
LOC441528	-0.235734553817923	0.0478907285933464	8.55145170866977e-07	0	0	2.83093772755582e-06
LOC441666	-0.0361647679368661	0.0115465077808266	0.00173563261766393	0	0	0.00371951848273725
LOC541473	-0.0110325380595149	0.0670186120908701	0.869243861837733	49.3194670088389	0.00443036401574037	0.900325287171621
LOC613037	0.0950680762602433	0.0441929584229661	0.0314600883793389	29.1752619460886	0.00114074556994637	0.0515826732106518
LOC642236	-0.205483500688715	0.0392688078986402	1.6701469291987e-07	0	0	5.98498012978834e-07
LOC642361	-0.25362793243509	0.04423789153807	9.8510574468329e-09	15.0617497645014	0.00059084395659317	4.00026585107373e-08
LOC642533	-0.0497517286026936	0.0327608131011495	0.128854310039178	46.6556285120641	0.00101060297602592	0.181482002308016
LOC643406	0.110824970819891	0.040317853050063	0.00598172363522299	37.6133151912515	0.00122300243652871	0.0114118942678568
LOC643923	-0.768119791626104	0.0575041200961412	1.06888479225925e-40	0	0	3.95259950839697e-39
LOC644135	0.0545035233201508	0.0151659358751974	0.000325874928368906	0	0	0.000770572279598856
LOC644450	-0.013386682827287	0.023955491305789	0.576288128067063	0	0	0.651651767456445
LOC648761	0.0795929618930311	0.0209320621489221	0.000143276549620144	0	0	0.000360890787304073
LOC653602	-0.732075797281333	0.0839748807931423	2.83671926883911e-18	0	0	2.42867886169575e-17
LOC653739	-0.00749577481763599	0.0234372174630968	0.749102070703332	0	0	0.805157327694738
LOC653786	-0.0463421255492836	0.0188611222398872	0.0140095486978043	0	0	0.024769680200187
LOC654342	-0.166388926132547	0.0363576630948456	4.72938961653131e-06	0	0	1.42702763082143e-05
LOC727820	0.238622833227184	0.0616156761601445	0.000107609012897531	7.68979220245211	0.000586078277654821	0.000278310214904626
LOC727924	-0.0304093282929614	0.010713153324908	0.00453255548952736	0	0	0.00887115027116954
LOC727983	-0.046344379041535	0.0201577550024514	0.0215001500475573	0	0	0.0363848693112508
LOC728026	-0.53271135940674	0.0462155875096172	9.68278727656985e-31	0	0	1.84930596556906e-29
LOC728613	-0.313970273756755	0.0393878145256707	1.57072311628254e-15	0	0	1.08970915310344e-14
LOC728715	0.328351942925571	0.0646785246692514	3.84094105437696e-07	0	0	1.31667762376867e-06
LOC728903	-0.32177051857223	0.0472973384556635	1.02361527800777e-11	0	0	5.27906039518547e-11
LOC730268	-0.201611076592653	0.0250218157566416	7.7926703636248e-16	0	0	5.5735230831193e-15
LOC90834	-0.0920977558191974	0.0155210811991833	2.96146030668784e-09	0	0	1.2432410659477e-08
LONP2	-0.138812792260922	0.0272965632021397	3.6693354583656e-07	0	0	1.26033696178645e-06
LPHN2	-0.217612179580608	0.0264681082324317	2.00680667026605e-16	0	0	1.50988311381922e-15
LRAT	0.0228476061144713	0.0153206206049824	0.135883355211435	0	0	0.189690981010019
LRRC37A16P	0.0521206374609008	0.0255054100338687	0.0410016799224123	0	0	0.0657388558165614
LRRC37A2	-0.0972915712397949	0.0353379600743805	0.00590204246874068	0	0	0.0112722525391992
LRRC37A4P	-0.033130697794316	0.0366481432473351	0.365984169402066	0	0	0.446685734846061
LRRC37A5P	-0.0640724825520516	0.0308897303893134	0.0380577236587302	49.0121120314718	0.000937094402488072	0.0614153423573566
LRRC37A7P	0.0125243188484322	0.0107214187960804	0.242742748424619	0	0	0.31413767443186
LRRC37B	-0.298086137279202	0.0327955466862242	9.97465420608129e-20	0	0	9.68488771517837e-19
LRRC3DN	-0.0892198053950043	0.0278059886699155	0.0013335772603208	0	0	0.00291175537492155
LRRC70	0.26505244734003	0.0656025361193128	5.33880052534457e-05	29.3712715717947	0.00252918491741579	0.000142751312508444
LRRC8C	0.212525258672767	0.0289899843571871	2.28460287269654e-13	0	0	1.35055775263489e-12
LRRD1	-0.511657340448319	0.0393209803886703	1.04126355050795e-38	0	0	3.35132601996817e-37
LSAMP	-0.0431252829386047	0.0166160386408579	0.00944806230140382	0	0	0.0172125076308594
LTA4H	-0.0481128505641099	0.0340394053365074	0.157524721158172	0	0	0.215403591953504
LUC7L2	-0.261707239553991	0.0321490293966033	3.93844510992126e-16	0	0	2.90043118688269e-15
LY6G5B	-0.288922232932995	0.0395906368093819	2.9263818705698e-13	0	0	1.67856491453806e-12
LY6G6F	-0.0528198716478617	0.0353876415275406	0.135539866485137	65.6550043896605	0.00164944788954265	0.189515919510192
LY75	0.294601746702237	0.0539353433633555	4.70460773049303e-08	0	0	1.78919217409122e-07
LYZL2	-0.0251976983730174	0.0278303981134157	0.365252451634039	0	0	0.446105945846774
MACC1	-0.0336151655918462	0.067017376994845	0.615956800577416	0	0	0.689776365595071
MAEA	-0.382391135439997	0.0459948983714923	9.27065541009072e-17	0	0	7.16106626788341e-16
MAFIP	-0.112164344106771	0.0542143923873669	0.0385551466490004	0	0	0.0621027292640988
MAGEA2B	-0.0434423570900777	0.0152980985213613	0.00451527706928792	33.2921884947754	0.000155849394021199	0.00885728165510428
MAGEA5	-0.0624378021186509	0.0144913695132622	1.6427646033594e-05	0	0	4.69592907999776e-05
MAGEA6	-0.0458436457057043	0.0322903310401226	0.155685452766202	36.2371816544021	0.000757388303802049	0.213729318252496
MAGEA9B	-0.0400701397527918	0.0205932834027641	0.05168035057219	0	0	0.0810653874498792
MAGED4B	0.0988239253818149	0.0368870584939272	0.00738214976517774	0	0	0.0137074533032894
MAGOHB	-0.213080775744051	0.0397021101540624	8.00620797938691e-08	0	0	2.96690606997323e-07
MALSU1	-0.191123035036549	0.0407524639347219	2.7340238190441e-06	0	0	8.53093967234947e-06
MAP2K3	-0.0708599274836036	0.0308386571120761	0.0215752776307414	0	0	0.036476490780378
MAPK1IP1L	-0.21021727638154	0.0578657051548801	0.00028031081005215	0	0	0.000675700676658304
MAPK8IP1	0.00923573976716739	0.0467356773100161	0.84334514448128	0	0	0.881379351237802
MAPK8IP2	0.026053045615185	0.0683633692022872	0.703131591396528	22.3602226781833	0.00209443648574767	0.767963250257255
MATN2	-0.422688815010947	0.0314629219852677	3.79592845389316e-41	0	0	1.43420079410137e-39
MB	0.032243196510673	0.0274839855234434	0.240730423088021	0	0	0.311998117320642
MBL1P	0.224476269179836	0.0275060070035683	3.32287574135116e-16	0	0	2.45751405892269e-15
MBNL2	0.162387879197285	0.0721971227797076	0.0244979154176764	18.6058670234158	0.00194092709026406	0.0410582227540228
MCFD2P1	-0.0412615132886405	0.0122893752276082	0.000786522259776505	0	0	0.0017752931006384
MED18	-0.0530191434456648	0.0457844148573478	0.246856985745117	70.9636841037639	0.00297511774620535	0.318749956333591
MED21	-0.337780270976966	0.050776561210184	2.88572777636983e-11	0	0	1.40094828919854e-10
MED26	0.049712541683241	0.0405351232733131	0.220045713150143	0	0	0.288633546758452
MEF2BNB	0.513270794154531	0.0589176787346032	2.99456326520214e-18	0	0	2.55125046809868e-17
MEIOB	-0.0312519444130671	0.0159372005481684	0.049885653757951	0	0	0.0786762851463874
MEMO1	-0.265328218243587	0.0296087700243978	3.2135009806104e-19	0	0	2.95506069010629e-18
MESDC2	0.0569886794626281	0.0186557317509865	0.00225244859680284	0	0	0.00473413124832917
METTL16	-0.147964303120395	0.0277896837337823	1.01268539347072e-07	50.9092147069853	0.000787014978846882	3.72103005042731e-07
METTL2B	-0.478080006478143	0.0540801912099849	9.5542663965001e-19	41.8109025456287	0.00244566944952687	8.42909390716608e-18
MFAP3L	-0.175622177067819	0.0158606560778696	1.69967874569499e-28	0	0	2.84042467309412e-27
MFRP	0.235500069906542	0.0250476817659982	5.34997464086724e-21	0	0	5.77531423964426e-20
MFSD2B	0.0260850882900761	0.0268766938642236	0.331774026368913	0	0	0.411579770042235
MGC45800	-0.00390651353958515	0.0169904075383249	0.818150319972808	0	0	0.862464706822329
MGC57346	-0.167901841334635	0.0154610272259485	1.79372451326807e-27	0	0	2.80855243609e-26
MIA2	-0.0444158013286949	0.0207623549636319	0.0324156861026982	0	0	0.0529994943052582
MICB	0.0964482942485392	0.0372202256566872	0.00956176572463199	0	0	0.0173930447893828
MIR1178	-0.15129736478209	0.0226668131707269	2.47501029778074e-11	6.55597878448188	6.74254194755319e-05	1.21513217444715e-10
MIR1182	-0.59847628731625	0.0528614280438638	1.02574738910742e-29	0	0	1.80075652754414e-28
MIR1199	0.149447564214271	0.0346854057513149	1.64247836510885e-05	0	0	4.69592907999776e-05
MIR1234	0.0792547231606269	0.0425707930104741	0.0626431430849986	0	0	0.0963484802493165
MIR124-1	0.115075510876175	0.0533439713520243	0.0309873165769906	45.7911686167664	0.00260605181072773	0.050951708808713
MIR1247	0.0536319702578937	0.0300641959643631	0.0744374775085671	52.0673564820519	0.000941999174553854	0.112204974770069
MIR1248	-0.141244622559013	0.05603896195154	0.011719763311721	0	0	0.0210205868274211
MIR1282	-0.0460099513843593	0.0222506461140596	0.0386585574148734	0	0	0.0622116414694908
MIR1302-10	0.00779471773390984	0.0277892962198389	0.779098890266724	0	0	0.828179737788114
MIR1306	-0.142835522351155	0.0261617604538193	4.76923490316287e-08	0	0	1.80981010080722e-07
MIR133A1	0.0242867747438465	0.0124413785067282	0.050926717166228	0	0	0.0801726761185727
MIR137HG	0.0340134571635714	0.0121210713307544	0.00501384657214586	0	0	0.00970073979585684
MIR145	0.470044872234175	0.0370207210856729	6.15934131230641e-37	0	0	1.81439579674382e-35
MIR146A	0.115211395151447	0.0396736514545117	0.00368454519916261	0	0	0.00741173559738959
MIR155HG	0.584122336388935	0.0876804909824129	2.70232870687224e-11	26.5940979129664	0.00409503242779561	1.31558747690307e-10
MIR15A	-0.0665333699976237	0.0288206128775548	0.0209694438756869	25.3354140404299	0.000422094170064469	0.0356255067995541
MIR17HG	-0.1771572719827	0.048574773553135	0.000265212152012009	0	0	0.000642871297345707
MIR181A2HG	-0.265687318796513	0.0390787949101747	1.05523977559902e-11	0	0	5.42605541417485e-11
MIR1908	0.341778025091888	0.0283763562042129	2.07418090366655e-33	6.98123233255401	0.000114087107372242	4.74332422443745e-32
MIR195	0.210092435957076	0.0311926901885255	1.63580873154658e-11	0	0	8.16964245812633e-11
MIR196B	-0.116919627505847	0.0258454546584753	6.07395707448573e-06	0	0	1.8045328073326e-05
MIR224	-0.0539246538355288	0.0521235055856397	0.3008765947759	0	0	0.378533576675202
MIR22HG	-0.38625424239492	0.0411115627430644	5.70711226579805e-21	0	0	6.08525221960553e-20
MIR23A	0.0627261515355497	0.0557660393844459	0.260669914928722	42.9347038478936	0.00267098788476806	0.334103475034011
MIR29B1	-0.0429185389183966	0.0346629984094954	0.215654592323362	0	0	0.283730266054506
MIR29C	0.692446743036099	0.0562300931126733	7.56617280542946e-35	0	0	1.90579830954151e-33
MIR3064	-0.118430552258929	0.0325412281753348	0.000273273822797906	0	0	0.00066057010295238
MIR3150A	0.126418490743558	0.0685945147809412	0.0653315647441259	34.6373913333594	0.0032597793197464	0.100040757291005
MIR3180-2	0.0798044536151715	0.0361177112282807	0.0271353223771424	12.8615345177157	0.000336249480705452	0.0450011357743067
MIR3190	0.219667566031541	0.0435441043414711	4.54199509145358e-07	0	0	1.54179442752858e-06
MIR3620	0.0840409307911365	0.0416419465990347	0.0435725507888124	0	0	0.0694125511191164
MIR3650	0.00835915176807716	0.0102474233234332	0.414653396632696	0	0	0.494964013288204
MIR3652	0.446150858501046	0.0841690549803145	1.15389934085586e-07	59.1479752398951	0.00838112170477043	4.22205695664735e-07
MIR3654	-0.0451976583822642	0.0291244272877178	0.120690592777858	0	0	0.171653232608771
MIR3671	-0.0138280444444007	0.0268705744713574	0.606820942820076	0	0	0.681301549496959
MIR4271	-0.178612208049087	0.0235375421013355	3.2388789406321e-14	0	0	2.05444218934985e-13
MIR4315-2	0.0379572548939949	0.0338233495148936	0.261768714903723	3.35109297575558	7.69004143195952e-05	0.335264573693935
MIR4321	-0.128542284468482	0.027967080290671	4.30266458364784e-06	0	0	1.30734808503146e-05
MIR4453	0.0560465735192285	0.0437573621082437	0.200246709028058	0	0	0.265670824649438
MIR4454	-0.122999466002775	0.032162720523408	0.000131151203560622	0	0	0.00033373468783069
MIR4458HG	-0.38286975889342	0.0274708936048757	3.75955836536525e-44	0	0	1.71950327342232e-42
MIR4467	0.168453681078307	0.0343049065961101	9.08520568464913e-07	0	0	2.97926178866419e-06
MIR4640	-0.305493263214509	0.0411244501059085	1.0983031620711e-13	0	0	6.67430383104748e-13
MIR4656	-0.0831597076929639	0.0259004976686771	0.00132394661647602	0	0	0.00289436379803186
MIR4683	-0.169678105353753	0.0244177170212354	3.6794971608146e-12	0	0	2.01099561808043e-11
MIR4697HG	0.0071024812213017	0.017716027618516	0.688488523821812	0	0	0.754762760505768
MIR4707	0.0124453583959857	0.031483006530517	0.692618548151662	0	0	0.75851987188884
MIR490	0.0239271088592349	0.0195552424695482	0.221116396577426	0	0	0.289819228696505
MIR492	-0.0155029178458759	0.025212812458011	0.538632302606931	0	0	0.61669495515866
MIR503	-0.0672172820774818	0.0420992471479465	0.110346294481613	0	0	0.158628502737009
MIR503HG	0.0903882980446164	0.0184945648610933	1.02233557736633e-06	0	0	3.33988577718548e-06
MIR548F5	0.115005705193667	0.0499124818879646	0.0212143821633252	0	0	0.0359713133657163
MIR600HG	-0.116031226248543	0.0186953099235661	5.4200015587743e-10	0	0	2.41537505362813e-09
MIR637	0.0358977343175411	0.0464988603078497	0.440106604725905	0	0	0.521763491823754
MIR646HG	-0.0282990843498553	0.0122814164693202	0.021210302118336	0	0	0.0359713133657163
MIR664B	-0.319389040182268	0.0245170777340227	8.56874712191399e-39	10.3000311843954	0.000124301040793517	2.80990235809179e-37
MIR6727	0.0821524698143829	0.0219781438833729	0.000185551439900273	0	0	0.000462017768691512
MIR6733	-0.404541972836275	0.0326783488734144	3.37393020177202e-35	0	0	8.75207565773099e-34
MIR6734	-0.418909136009426	0.0399026946560231	8.79806188882354e-26	0	0	1.24317329778661e-24
MIR675	-0.741545504804071	0.110057178425043	1.60780097249758e-11	0	0	8.05290515908008e-11
MIR6756	0.181402977577045	0.0248403498204301	2.81935238150265e-13	0	0	1.62252795995086e-12
MIR6758	0.0541898997516475	0.0370469707393844	0.143539912480258	47.9946071930504	0.00131757782627453	0.199100054182513
MIR6773	-0.456662493721747	0.0361945729724564	1.70446502987507e-36	0	0	4.85632823266043e-35
MIR6785	0.108942385933805	0.0206287706736561	1.28417876640608e-07	0	0	4.65950458457987e-07
MIR6791	0.258178460766846	0.0318801508739954	5.56831660462517e-16	0	0	4.04926119616676e-15
MIR6800	-0.104210509017607	0.0367024101090827	0.00452073927030423	0	0	0.00885799870551157
MIR6831	0.285973619311212	0.0270838082888215	4.62335938665833e-26	0	0	6.69616551167681e-25
MIR6837	0.166550034047264	0.0362449994596716	4.32505325864297e-06	0	0	1.31185734092871e-05
MIR6866	-0.0751610580369035	0.0214395225122876	0.000455366398497797	0	0	0.00105383062661674
MIR6884	0.0378638371958529	0.0322088320232316	0.239765501621002	0	0	0.311211681715685
MIR7112	-0.182951406600892	0.0372122462686879	8.81366601130638e-07	0	0	2.90116506205502e-06
MIR7113	-0.0335598144406768	0.0369189158882034	0.363342692501269	0	0	0.44439802925208
MIR7515HG	0.0997187127299649	0.0343711096758211	0.00371693415036461	0	0	0.00745962073133221
MIR8072	0.0117532005530565	0.0414047542555423	0.776516801317844	0	0	0.826445928163143
MIR8085	0.250504026932763	0.0521736889568001	1.57601265903187e-06	0	0	4.98927140509542e-06
MIR9-2	-0.0485486141939692	0.0137353149742914	0.000408418762007301	0	0	0.000954075011248238
MKLN1	-0.256948544832379	0.0424075626810444	1.36947857461926e-09	0	0	5.9503844067207e-09
MKRN4P	-0.154044594057075	0.0384064836019233	6.04875344564048e-05	0	0	0.000160991324479681
MLLT10P1	0.0180686377155452	0.0194165549474137	0.352071396746359	0	0	0.432438224413549
MMP23B	0.0165940399612469	0.0256724658752322	0.518036531146698	0	0	0.597443590665535
MOB4	-0.482500133975141	0.043583881287543	1.74211495143559e-28	0	0	2.88361503390006e-27
MPRIP-AS1	-0.00756266449686233	0.022828601041793	0.740432813474384	0	0	0.798803370464606
MRPL49P1	0.0440526878447744	0.0196093724659926	0.0246712406328353	0	0	0.0412691205196033
MRPL53	0.0273203578454326	0.0451894842752106	0.545462519247146	0	0	0.622873757195493
MRPS11P1	-0.0221196631753749	0.0169060427819943	0.190741747286516	0	0	0.254615327791064
MRPS31P5	0.181404577223652	0.0371922903396075	1.07450838022616e-06	0	0	3.49064591557581e-06
MSH5-SAPCD1	0.0174162920294982	0.0362274773763869	0.630695518971484	0	0	0.702209360648584
MSH6	0.0220460479217099	0.0149819069655535	0.141152848269657	0	0	0.196258920234131
MSTO2P	-0.00897176424420105	0.0254946022187566	0.724906972058508	0	0	0.784488367022221
MTCP1	0.00274097722944678	0.0235765456423171	0.907447560506729	0	0	0.933221219029997
MTHFD1	-0.00908888502226337	0.0253465969934184	0.719906291833561	0	0	0.780783063706354
MTMR8	0.0633413776430343	0.0168032606270304	0.000163516935633597	0	0	0.000410090092541402
MTND1P33	0.0359998174400438	0.0233743302026599	0.123525433572668	0	0	0.175254860040243
MTPN	-0.127591177296668	0.0366994808477836	0.000507723888238568	0	0	0.00116414791261033
MUC3B	0.00608756774053165	0.0338674239907496	0.857351196420178	45.4053902749928	0.00104171606111151	0.892795913348274
MXD4	-0.046548194844357	0.030714244450995	0.129639590468983	0	0	0.182145196633058
MYCBP	-0.148873228983276	0.0262543221667783	1.42441683561899e-08	0	0	5.66507199154647e-08
MYCLP1	0.0732523565619826	0.0403896493283171	0.0697328897087669	28.7210863224604	0.000937071735652635	0.105847827348329
MYCNUN	0.0433937972700266	0.0239736933110733	0.0702866515798406	0	0	0.106595288347088
MYH7	-0.00518102848849262	0.0438561412152874	0.905959187641369	0	0	0.932242195453345
MYL12B	-0.321795297958141	0.0348141051491211	2.39132984325148e-20	31.8402356524414	0.000793502680586636	2.44478309857122e-19
MYZAP	-0.00690785484063885	0.0386066265987096	0.857993253221629	29.1487366473701	0.000869458971829551	0.892929505448618
MZT2A	-0.134284813117941	0.0473730632999598	0.0045879676410738	0	0	0.00895561375569052
MZT2B	-0.178576350389967	0.0277262424729175	1.18925413005543e-10	0	0	5.54135034326096e-10
NAGPA-AS1	0.135927727159103	0.0459122234321861	0.0030704045951624	36.5605002040014	0.00154309985092943	0.00627807433693207
NASP	-0.639885797347762	0.0613759959001327	1.89322927650612e-25	0	0	2.6323459860541e-24
NAT8B	-0.0197897441891763	0.0176686792717794	0.262693903490103	0	0	0.336201770446096
NBL1	-0.00682546010870363	0.0439103706198606	0.876473875659444	0	0	0.906193691788289
NBPF1	-0.378148994667213	0.0364349363223543	3.09813841739652e-25	0	0	4.20669106987121e-24
NBPF11	-0.240877005424191	0.0306074532300832	3.54979597491981e-15	0	0	2.43855549581448e-14
NBPF12	-0.25106468983166	0.0362378232575762	4.26079067040433e-12	0	0	2.31414193286335e-11
NBPF14	-0.383012191165276	0.0316906683542782	1.25296071609793e-33	0	0	2.94276449267325e-32
NBPF5P	0.0764291544162593	0.019029175374568	5.90889905581107e-05	11.3035205402079	8.2047028951491e-05	0.00015751022329754
NCF1B	0.731222500668689	0.0620104585214241	4.29622140318492e-32	7.27521959745874	0.000559703561912205	9.21831209720418e-31
NCOA3	-0.0979014962241403	0.0142108421802304	5.61025088720358e-12	0	0	2.98183976818343e-11
NDUFA6-AS1	0.117507238137175	0.0326461602771215	0.000318927881615996	0	0	0.000759310490751508
NDUFAF6	-0.295853750462959	0.0300604510387935	7.42501505775578e-23	0	0	9.0878001199856e-22
NDUFC2-KCTD14	-0.0056734336235724	0.0209026296321353	0.786066480274131	0	0	0.833038745558805
NEAT1	-0.21492222767631	0.0422268108755839	3.58611248660997e-07	0	0	1.23663958367622e-06
NEDD8-MDP1	-0.0637035720761432	0.0332340997815397	0.0552616256077694	0	0	0.0857542011663422
NEIL1	0.13594422888219	0.0266456108719255	3.36194615445334e-07	26.1321203482898	0.000376009438478475	1.16395665666134e-06
NELFA	-0.230785145796098	0.0344344966326868	2.0537569709732e-11	28.9137098098418	0.000685827620470511	1.01404250441802e-10
NELFE	-0.176537660972482	0.0260887040249763	1.31640311431774e-11	0	0	6.65089712989603e-11
NF1	0.118789430730869	0.0207512459503724	1.0377051572145e-08	35.092919740748	0.000302232302886402	4.20403627794592e-08
NFE2L2	-0.185832321212303	0.0599130581634093	0.00192412968812615	39.633806356624	0.00284602344273927	0.00409319142957558
NHP2L1	-0.0504044298813175	0.0249805601487672	0.0436177023713691	0	0	0.0694208486460068
NHP2P2	-0.207200496957064	0.0278831360578673	1.07753034048999e-13	0	0	6.57104467288279e-13
NIPAL1	-0.795251784605582	0.0603711617394197	1.25993240140153e-39	0	0	4.46890308905276e-38
NLK	-0.024078675444515	0.0380654463795437	0.527021072072553	0	0	0.605795385755355
NME2	-0.305755449727222	0.0302757236178719	5.57911263161697e-24	0	0	7.18259092870392e-23
NNMT	0.739359564091235	0.0650252239790038	5.87514397886726e-30	0	0	1.04193879951748e-28
NOMO1	0.274967140294824	0.0307848332597451	4.18743093911101e-19	0	0	3.81034291736908e-18
NOP56	-0.229987426757141	0.0264368327865135	3.33327442224547e-18	0	0	2.82596631505494e-17
NPEPL1	-0.040700676868926	0.027506370588933	0.138958175918191	0	0	0.193672261223589
NPHP3	0.0403286974213883	0.0437844007916833	0.357011504446446	0	0	0.437887081671082
NPIPA1	0.00769564844064128	0.047708284104807	0.871852134280541	0	0	0.901951791297369
NPIPA5	-0.0750350930762478	0.0503993106497257	0.136536909756235	0	0	0.190450360478601
NPIPB3	-0.411668630408068	0.0656655516645799	3.62973279849949e-10	0	0	1.62589577417323e-09
NPM1P22	-0.1056409067047	0.025445203746596	3.30011605662864e-05	0	0	9.03244363215838e-05
NPY4R	0.0267121931725648	0.0311334745928849	0.390898281370939	0	0	0.473106694305496
NR2F2	0.137434221363391	0.0276112885487408	6.44224382709982e-07	0	0	2.15319610990375e-06
NRBP2	0.074443361338857	0.0301395509434281	0.0135129713826173	0	0	0.0239404120927512
NSF	0.108665975142806	0.0347088766103188	0.00174340686895091	0	0	0.00373157775644912
NSMF	-0.0284941520032214	0.0389013629304838	0.463880638210483	0	0	0.545114637734834
NSUN5P2	0.191015177997598	0.0309772277758519	6.9902144513435e-10	0	0	3.08304013920501e-09
NT5C1B-RDH14	0.0083925364705024	0.0101574524940132	0.408665565206716	0	0	0.489835001606395
NTF4	-0.227105703695449	0.0293287751655702	9.67600484289658e-15	0	0	6.46803708344394e-14
NTM	-0.121559845250066	0.0372266632562857	0.0010931064107679	0	0	0.00241473913920523
NUAK2	-0.536926342451953	0.0444598243818981	1.40297807090403e-33	0	0	3.25116784964161e-32
NUDT4P1	0.277159411384804	0.0524746329853902	1.2793551038166e-07	61.4038312341875	0.00338221171474098	4.65515632093496e-07
NUP62	0.0578178563029823	0.0333451851357864	0.0829324229530204	0	0	0.123576600767999
NUS1P3	0.0237720985268864	0.0875054772112948	0.785880291539647	74.0595976191276	0.0113431069689123	0.833038745558805
NUTF2P4	-0.0342790596715425	0.0362529478518483	0.344376962932769	0	0	0.424487348636279
NUTM2A-AS1	-0.1652477832449	0.0282869907079156	5.16305644511668e-09	0	0	2.13652192895542e-08
NUTM2B	-0.0475338077016929	0.0237586354227263	0.0454251569213277	0	0	0.0720336886215945
NUTM2G	0.142555597352009	0.0342598503441088	3.16842502279064e-05	0	0	8.68568247572575e-05
NXF2B	0.00576284945799404	0.0252631534047447	0.819558524890917	56.8915254278758	0.00072637063745429	0.862567292908758
OBP2B	-0.0271214606973001	0.0206398310766183	0.188834421823709	0	0	0.252457096253544
OBSCN	0.0358545259210151	0.0189902352672387	0.0590191519312793	0	0	0.0914218235798248
OMA1	0.0430618999987926	0.0574364368212758	0.45341649407101	23.8103890860581	0.00157649813963789	0.534625418382236
OMG	0.0457485163914858	0.0191638585124707	0.0169759191008399	0	0	0.0294322506855494
OPN1LW	0.0132101551460907	0.0192963923436167	0.493601438959996	0	0	0.573832308302657
OR1E2	-0.0564895744381161	0.0275229155969773	0.0401253628056245	0	0	0.0643932415107807
OR1E3	-0.00429121188969118	0.0227390449323672	0.850315745557203	0	0	0.887064085101092
OR2A1-AS1	-0.500396640173054	0.0637883120361525	4.34181204277849e-15	0	0	2.97089343714528e-14
OR2A4	-0.122646952281166	0.0343573740972545	0.000357333341548214	0	0	0.00084152486126124
OR2A9P	-0.0688628690677988	0.0255373477348932	0.00700607743866872	0	0	0.0131496356246288
OR2AD1P	-0.116563388527079	0.0303611488151916	0.000123421514520985	0	0	0.000315915452485232
OR2B4P	0.0593783694303807	0.0250522892126685	0.0177795526739513	0	0	0.0306860601264422
OR2F2	-0.053397999965087	0.0146599047016831	0.000270053290868656	0	0	0.000653694456169532
OR2H4P	-0.0275522862900598	0.0475749718763061	0.562498724232302	0	0	0.639805486070511
OR2I1P	0.192976224208578	0.0218201877652369	9.2409099358078e-19	0	0	8.19423544307855e-18
OR2N1P	0.135501401567793	0.044357955602239	0.00225266199215663	0	0	0.00473413124832917
OR4A1P	0.00761776445716733	0.0343537281302747	0.824512464796849	0	0	0.866386132900196
OR4F21	0.0694802356444496	0.0456046850986069	0.127625449786652	0	0	0.180339555779473
OR51A10P	-0.0543692533016717	0.028989807975542	0.0607293345113874	0	0	0.0935705526425455
OR51A1P	-0.095302439643057	0.0354418598777559	0.00716707902127242	13.7858227284911	0.000347677713223932	0.0134228268738917
OR51J1	-0.017202330122412	0.0271860097225543	0.526887724177	0	0	0.605795385755355
OR5G1P	0.0484871586239185	0.0348642389815646	0.164303701208588	23.9201499170296	0.000581552784919361	0.223268047459363
OR5V1	0.0778899286396331	0.0247825191897792	0.00167261094588425	0	0	0.0036066970520432
OR7D2	-0.0128325078618546	0.021480318762068	0.55023521301564	43.5421082417912	0.000401857451691221	0.627499212743558
OR7E111P	-0.0656202999353213	0.0359322350282798	0.0678165697414729	13.4061198056298	0.000348574502500876	0.103481297814469
ORM2	0.000685740760920593	0.0186559686082652	0.970678617875566	44.5682458476781	0.000310489345008186	0.97809168536536
OTUB1	-0.119617950054056	0.0340646264933822	0.000445584767877365	0	0	0.00103394703146977
OTUD7A	-0.153583379722686	0.0266296234553315	8.05093932076281e-09	0	0	3.28463205152248e-08
OVAAL	-0.094316932507378	0.0322812657328458	0.00348100426847347	47.4602017509825	0.000989152506487752	0.00701864204623619
OVCA2	-0.00720546129321747	0.017960101015576	0.688278260056203	0	0	0.754762760505768
P2RX5-TAX1BP3	-0.300118774093537	0.045620266004092	4.7480799243741e-11	0	0	2.27332311530639e-10
P4HA2	0.0276745339017281	0.0235771909276065	0.240481479089074	0	0	0.311908067654336
P775P	-0.0141186099572794	0.0131788241785518	0.284029934406058	0	0	0.359798852768024
PA2G4P2	-0.209116897624997	0.0234702228520499	5.10872699508763e-19	0	0	4.60050130438461e-18
PABPC1L2B	-0.0636877994048841	0.0190964445927659	0.00085280821252204	0	0	0.00191249119143652
PABPC1P1	0.0484807550210024	0.049346506286404	0.325875410701246	36.3223511040484	0.00176953061486159	0.405710217620892
PABPC4	0.272205160355474	0.0470353958572036	7.15519878511657e-09	42.3635302496221	0.00191239127225724	2.9260554090665e-08
PABPN1	0.10722824332573	0.0441114317956286	0.0150634782461055	0	0	0.0264447729209408
PAH	-0.00360239581897691	0.011046374416534	0.744336839909675	46.2973512176266	0.000112995799200791	0.802019484044027
PALM2	0.00401469540803129	0.0216588335839575	0.852946172591485	0	0	0.889274413895622
PALM2-AKAP2	0.858137803431868	0.0764235821939728	2.94769471814258e-29	54.3387966709563	0.00634741085503953	5.1230934201318e-28
PARD6G-AS1	-0.153225080736103	0.0234769476762708	6.72711042473003e-11	0	0	3.18575420113918e-10
PAX8-AS1	-0.316984008548796	0.0619577965963963	3.11871711264506e-07	0	0	1.08406606835542e-06
PCDH11Y	0.0278172946758263	0.0075019302140229	0.000208887546565733	0	0	0.000514230249194397
PCDH20	-0.0778337969564217	0.0188214266008911	3.54363997517399e-05	0	0	9.63825708427605e-05
PCDHA10	0.0612975648170169	0.0187143961154985	0.00105503843826328	0	0	0.00233884796645611
PCDHA3	0.00506368192346725	0.0143103104756694	0.723452422711012	0	0	0.783402062723825
PCDHA6	-0.00523800636802793	0.0210444221002982	0.803436308163979	0	0	0.848342833286145
PCDHB9	-0.164175378494216	0.0634111527213004	0.00962378860931858	0	0	0.0174776850606016
PCDHGA10	0.0461782571379429	0.0527027631442006	0.380920325728142	0	0	0.461995482285772
PCDHGA11	0.127436239883275	0.0602182919098721	0.0343245676624002	0	0	0.0560151160537573
PCDHGC3	-0.00900418050413969	0.0188628492054143	0.633112933453633	0	0	0.704449602011789
PCDHGC5	-0.0115944095671842	0.0304581899025705	0.703450802306991	55.1667120053926	0.00102840553489443	0.767963250257255
PCNAP3	-0.100934241354993	0.0138435938948711	3.07564081462553e-13	0	0	1.75837622888788e-12
PCSK6	-0.547179573683857	0.0347832731761124	9.25706191669086e-56	0	0	6.18798985046489e-54
PDCD4	-0.431239260934769	0.0493895260746267	2.51559501831141e-18	0	0	2.16440799100259e-17
PDCD6	-0.142449168567342	0.0211390592573712	1.59841712316087e-11	0	0	8.02904323714913e-11
PDCD6IPP2	-0.0907758766429763	0.0218774363079629	3.33504824373695e-05	0	0	9.1137010182623e-05
PDCL3P4	-0.490784396305734	0.0373123082377811	1.62651715046557e-39	7.50069424843574	0.00020979525340143	5.65377361501831e-38
PDE4C	0.0306864520116201	0.0311168579623271	0.324050641073457	36.5513979636632	0.000710310339138601	0.403727608735246
PDE5A	-0.0181434618339015	0.0106160608698409	0.0874402399726524	0	0	0.129778938575978
PDF	-0.187858433995443	0.0322952050978745	5.99439247719033e-09	0	0	2.462944237673e-08
PDIA5	0.657185176505191	0.0612040999906002	6.7783187236064e-27	43.8853521562473	0.00328825558126431	1.03339631066912e-25
PDPK1	-0.166011047860733	0.020077268329477	1.35532871058201e-16	0	0	1.04228376061572e-15
PDPR	-0.0437144576932579	0.0139481131921212	0.00172395739995403	0	0	0.00370364609023104
PDXDC1	-0.0206627802124917	0.0273064857799938	0.44923043945832	0	0	0.531130954951402
PELI1	0.0891783786119823	0.0612565535483509	0.14544300464673	20.3761617202277	0.00154166411730771	0.201418280538659
PER1	0.0875337857482858	0.0594580353097794	0.14096839316352	39.6543445033119	0.00280564181548927	0.196159381359646
PET117	-0.205628517310675	0.0238335889727766	6.26103703419887e-18	0	0	5.18175350735125e-17
PFDN6	0.117508598368769	0.0257229302423811	4.91829423697627e-06	29.1787158558845	0.000386556808282859	1.48145500586911e-05
PGA3	0.0367410667763216	0.0201176572472426	0.0678036683163791	0	0	0.103481297814469
PGM5-AS1	0.190168485995385	0.0486530396477597	9.28071347082337e-05	0	0	0.00024219039057494
PHBP8	0.0337398375572037	0.0208221636448486	0.105150466897325	0	0	0.151913143364548
PHC1	0.248328398923901	0.0199679732507243	1.65945553102212e-35	0	0	4.36989956502491e-34
PHLDB1	0.0975383400778044	0.0273624700871638	0.000364305947208192	41.1260891527736	0.000615948260562565	0.00085678448748016
PHOSPHO2	-0.0218809308111012	0.016087788081266	0.1737996530618	0	0	0.235435539377559
PHOSPHO2-KLHL23	-0.0886611978514281	0.0238387946580421	0.000199856329670056	0	0	0.00049409715642469
PI4KAP1	-0.0554778459963284	0.0336796539347923	0.0995125510497446	0	0	0.144851602784302
PIGL	-0.0676225211548677	0.0372014534057805	0.0691040814018761	59.6189129807604	0.00165048834856745	0.105076897179756
PIK3R2	0.729526737213154	0.0483635346462297	2.05656206479271e-51	0	0	1.19143495620324e-49
PILRB	0.0403906435991333	0.0457231981043261	0.377034715711013	0	0	0.458242192941077
PIR-FIGF	0.0207316702142549	0.0640354519110605	0.74612503525733	0	0	0.802950657137609
PISD	-0.0106752093912732	0.025685680273534	0.677695869228951	0	0	0.746883589549725
PKD1	-0.0450517419604906	0.0338129186428542	0.18273452107141	0	0	0.245358923172637
PLA2G10	0.0687788615011193	0.0275325357702443	0.0124863091050857	0	0	0.0222804981772473
PLA2G4B	-0.270444844041879	0.0395327702272234	7.86261073517685e-12	0	0	4.10366890622744e-11
PLD6	-0.080886888894458	0.0276139591497254	0.00339832524730231	0	0	0.00686777823233886
PLEKHA7	-0.223651392903432	0.0447236325476441	5.71097943863584e-07	0	0	1.93106658839476e-06
PLEKHJ1	0.0687748902723895	0.0234108570795544	0.00330619674632952	0	0	0.00669716776820594
PLG	-0.132289171756298	0.0316121423198568	2.8546980665987e-05	39.1188609415146	0.000782119367224215	7.91302271092273e-05
PLGLB2	-0.255393765171629	0.0559251890331568	4.95453668067253e-06	0	0	1.4890419185545e-05
PLK1S1	0.129310601091123	0.0301670858448383	1.81526781792103e-05	0	0	5.14671365015782e-05
PMF1	-0.167862447303003	0.0419355009709079	6.25781331623863e-05	0	0	0.000166300910452947
PMS2CL	-0.0277738042174463	0.0188192861438967	0.13999328548113	0	0	0.194958597889586
PMS2P1	-0.0650710109986977	0.0456053618977313	0.153629454942457	0	0	0.211442155073204
PMS2P4	-0.0380814653737031	0.0226261664739812	0.0923611702442199	0	0	0.136384913295919
PMS2P5	0.0790980162925317	0.0330428752353378	0.016674863918687	0	0	0.0290389914736253
PMS2P9	-0.117247107963123	0.0252370989246645	3.38722470398877e-06	0	0	1.04379371197384e-05
POC1B-GALNT4	-0.209487079269923	0.0323863976204627	9.90681902085848e-11	0	0	4.6535274211492e-10
POLR1A	-0.144715579667042	0.0378039703278678	0.000129161257732385	0	0	0.000329152882608337
POLR2J	-0.162779961677253	0.0664087006726376	0.0142387044898035	0	0	0.0250982438167125
POLR2J2	-0.0379179462399762	0.0423834406213251	0.370979247573725	0	0	0.452464513882901
POLR2M	-0.10295093370342	0.0281177823314005	0.000250823861933113	0	0	0.000611405150125877
POLR3E	-0.115108159620971	0.0263160207237183	1.21950335629166e-05	30.063492184662	0.000417835198932882	3.52661702701317e-05
POM121C	0.0916733291630115	0.0321670847833585	0.00437314624606931	0	0	0.00859788255166116
POM121L8P	0.152135975524214	0.0184680140853469	1.75392658972118e-16	0	0	1.34287419072045e-15
POPDC2	0.0771684131739837	0.0360256146413377	0.0321900275493834	0	0	0.0526801015827008
POU2AF1	1.1762465507551	0.0641329091367623	3.91259770745716e-75	0	0	7.55566090617838e-73
POU5F1B	0.0947533793537225	0.0396081895865576	0.0167446394793128	53.8418814885554	0.00169017238671517	0.0291313147297754
PP7080	-0.258668446024427	0.0652035327206761	7.27547589874112e-05	0	0	0.000192462360913426
PPAN-P2RY11	-0.0524284462253129	0.0252402967384275	0.0377856558445409	0	0	0.0610897394026159
PPCS	-0.0326106653216157	0.0271090214418756	0.228997554570026	0	0	0.299224163871631
PPIA	-0.416061910727279	0.0205461979856049	3.5474842366117e-91	0	0	6.16552760323113e-88
PPIAL4C	-0.0829109119540547	0.0179348533607599	3.78424549967305e-06	0	0	1.1558908046453e-05
PPIAP21	-0.174697368220814	0.0227412058062648	1.56654750011257e-14	0	0	1.03523177003637e-13
PPM1H	0.00415031882557581	0.0559358648644994	0.940852986251786	0	0	0.956563956622528
PPP2R3B	-0.041395407790529	0.0220581031123149	0.0605656532653214	0	0	0.093484107793187
PPP4R1L	0.0599701267904955	0.0208842490811754	0.00408466551214225	0	0	0.00808559072904695
PPT2	-0.100601146545396	0.0220479841412217	5.04692997117565e-06	1.88390088741655	1.83329461669966e-05	1.50973567812449e-05
PRAC2	0.0330976302479968	0.0207222557665452	0.110220666698964	0	0	0.158579071790398
PRAMEF2	-0.0143201760259522	0.0251358620874661	0.568873757768572	0	0	0.646210843792012
PRDM11	-0.0536625930534561	0.0353759085598806	0.129285671111417	0	0	0.181794899993239
PREX2	0.0899077884707866	0.0219808148185386	4.30844171522208e-05	0	0	0.000116455236408336
PRH1-PRR4	0.171253107919955	0.0188500124445374	1.03661021207482e-19	0	0	1.00090474921447e-18
PRIM2B	-0.0181124837635677	0.0330095321804115	0.583208155331693	52.7649323497513	0.0011522809556129	0.658192061017196
PRKAR1AP	-0.0318020459162764	0.0190458277746871	0.0949659788767075	0	0	0.139401073722734
PRKRIRP5	-0.0250662837799618	0.0135558873172265	0.0644423888362976	0	0	0.0987662008796167
PRKY	-0.478269815004322	0.0468581741308837	1.84950463847983e-24	0	0	2.41687147494583e-23
PRODH	0.231415978465582	0.0403567713956817	9.7942453606941e-09	0	0	3.98651017257291e-08
PRPF18	0.191396765266297	0.034428143388823	2.70841302964605e-08	0	0	1.05543090706835e-07
PRR20B	-0.00831590609527797	0.0251707335464573	0.741112877240706	0	0	0.79904105499029
PRR23D2	0.00581447245344387	0.0204303149882258	0.775950430938704	0	0	0.826349172163889
PRR4	0.203884714247785	0.0308295015866644	3.7584803330438e-11	0	0	1.80948443734906e-10
PRR5-ARHGAP8	0.119472516814469	0.0212742491557918	1.95623570383626e-08	0	0	7.69216663635161e-08
PRRT1	0.00940163712991647	0.0193552711440717	0.627151236514266	0	0	0.699406260402824
PRSS2	0.0203264536460659	0.0205337148899867	0.322219921943424	0	0	0.402311942771316
PRY	-0.0590890758417288	0.0474539872758118	0.213063114634372	47.2635935222899	0.00212954044459649	0.280958796080834
PSG3	0.0231079077705903	0.026614229546252	0.385255370111675	0	0	0.466927359312476
PSG6	-0.064897651801257	0.0258371529952364	0.0120118578992699	32.2312910955904	0.000430676208764299	0.0214779928281185
PSMA2	-0.153185527758459	0.0295428063512112	2.15776579406624e-07	26.6619353531602	0.000465470082845723	7.67307438359696e-07
PSMA6	-0.223838552425373	0.0233152484256102	7.95406619780765e-22	0	0	9.03540330182333e-21
PSME2	0.103131894672271	0.0337415254166241	0.00223917064675854	0	0	0.00471718616250466
PSPN	-0.0159518268217624	0.0227872163620714	0.483906054907097	0	0	0.565207475422402
PTBP1	-0.150293171124312	0.0287169422069361	1.66234286588167e-07	0	0	5.96932210930237e-07
PTCD1	-0.186989370968925	0.020754787655941	2.07078871003855e-19	0	0	1.94542204218756e-18
PTCHD3P1	0.0536465951674495	0.0279610537996327	0.0550326322591256	0	0	0.0854751696750316
PTENP1	-0.228441131072911	0.0320532297354223	1.02632102240855e-12	0	0	5.75401915143893e-12
PTGES3L	-0.117710593139872	0.0227900347870568	2.40435343194528e-07	0	0	8.4590410217022e-07
PTMAP1	-0.181863534232751	0.0311630852026149	5.35124588700402e-09	0	0	2.20913666309097e-08
PTPMT1	-0.207268115313804	0.0317440112523523	6.60507902888865e-11	0	0	3.13651020552144e-10
PURB	-0.0856276337413189	0.0253045148603625	0.000714672571862891	0	0	0.00161942754875842
PVT1	-0.0980215129139216	0.0142009058929392	5.11013037429944e-12	0	0	2.74117487362112e-11
PWRN1	-0.044198771506325	0.0126370782956163	0.000469558492576584	0	0	0.00108378839322457
PYCR2	0.224709481877373	0.0307608697974324	2.77177732498643e-13	0	0	1.60044816970977e-12
PYURF	-0.336427626078683	0.0285475964639995	4.67545870387898e-32	0	0	9.90969174066056e-31
QARS	-0.432827678819903	0.0252593524369611	8.08739858147868e-66	0	0	8.26817572624115e-64
QPRT	0.450421091245631	0.0337492233158701	1.24785565461829e-40	0	0	4.51827734943038e-39
QSOX1	-0.346788069751098	0.0368987352044598	5.5413372945246e-21	0	0	5.94496556659491e-20
RAB34	0.296696573898713	0.0389419129212226	2.55743098974803e-14	31.5734019844859	0.000958671223494485	1.64622780006744e-13
RAB3GAP2	-0.166119195334709	0.0355511599872763	2.972947277978e-06	0	0	9.22675423058172e-06
RAB43	0.278320882471209	0.0408095788675418	9.10474274960632e-12	0	0	4.72359489516889e-11
RAB4B	-0.00167557457499938	0.0225572240907037	0.940786745245149	0	0	0.956563956622528
RAB4B-EGLN2	0.163130183394865	0.0315441070748604	2.3222882734476e-07	0	0	8.22023832841533e-07
RAB6C	-0.37891321382022	0.036454997808963	2.6404454633137e-25	0	0	3.61346001199938e-24
RABGEF1	-0.107509704046641	0.0153036572239526	2.13914819625404e-12	0	0	1.18402533920049e-11
RABL2B	-0.0750474187571331	0.0319968207759658	0.0190033698317477	0	0	0.0325397603621453
RAD21-AS1	-0.0465498156402184	0.0191408904740954	0.0150175050709111	0	0	0.0263907217525213
RAD54B	-0.0933692246064995	0.0299730927186953	0.00183881654488716	0	0	0.00392612181205638
RAD9A	0.0354920631662779	0.0432844436059185	0.412231656176005	0	0	0.493428800574309
RALGAPA1P	-0.269318780799263	0.0280861966681361	8.89354558089083e-22	5.0155281705732	7.91323144582975e-05	1.00370014412911e-20
RAP2B	-0.235489023554486	0.0536554252785445	1.13918334315221e-05	0	0	3.30534332286901e-05
RASA4	0.169190877911997	0.0439311138606101	0.00011750361362819	0	0	0.000301656248871188
RBBP4P4	0.0495503250619787	0.0142178790319944	0.000492005544979097	0	0	0.00113259024791215
RBM28	-0.0825033033096187	0.0286737024936509	0.00401073720719592	42.4026429269534	0.000697323790973905	0.00795737587455081
RBM34	-0.423044321961205	0.0359686445887856	6.16476386616859e-32	0	0	1.29088669872301e-30
RBM4	-0.0594923234744314	0.0202102347513462	0.00324342435237421	0	0	0.0065776797251183
RBMX	-0.0441081227938768	0.0222460622911124	0.0473966536964033	0	0	0.0750231185103361
RBMY1B	0.0369332662763914	0.0173207719668998	0.0329813183247501	0	0	0.0538736195943756
RBMY2AP	0.0507752573567582	0.0193791836766477	0.00879058722045551	0	0	0.0160821479885807
RBMY2FP	0.0096825926213803	0.0141075833581426	0.492499005075668	0	0	0.57339743097747
RBMY2TP	0.109619911681337	0.0258512123458676	2.23105253887971e-05	0	0	6.23403426458673e-05
RDH14	-0.488949330486201	0.0429030469521967	4.34714612428262e-30	0	0	7.83850961039864e-29
RDH5	0.117453590995245	0.0364948035644269	0.00128923735961637	43.0439292995279	0.00114660017706761	0.00282915976138037
REPIN1	-0.0793950335314626	0.0407096458147097	0.0511432657641509	0	0	0.0804407202697685
RETSAT	-0.124452548552795	0.0696351580888078	0.0739037911018033	13.4507447860327	0.00130912664359444	0.11149721261713
REXO1	-0.0214136871000388	0.0349578380977901	0.540168944641165	0	0	0.618047153249733
RFFL	-0.0896167201155751	0.0328437167699947	0.00636075925360493	0	0	0.012055615684586
RFPL3S	0.00287989163610932	0.0319141625382752	0.928097554089823	0	0	0.948285449152329
RGL3	0.24126121950625	0.0430639680849072	2.11414069524433e-08	54.9324048394679	0.00203799460881439	8.29430367569896e-08
RGPD1	-0.378861465064218	0.0628404246379423	1.65033416197997e-09	0	0	7.06473096926402e-09
RGPD2	0.119205492624456	0.0329135838389986	0.000292592075015303	0	0	0.00070141382948496
RGPD4	-0.0576378349714817	0.0295756945826034	0.0513163999356152	0	0	0.080640057041681
RHD	0.0401080034177509	0.0204813943634296	0.0501988929151886	0	0	0.079098527549046
RHOXF2B	-0.044774126301535	0.0310810188429291	0.149708538477913	0	0	0.206502730059217
RIC8A	-0.00931722251926704	0.0225169311363208	0.679029808267716	0	0	0.747405830759525
RIF1	-0.271878650667713	0.0231921664158569	9.73231903704855e-32	0	0	1.99465814900382e-30
RIMBP2	0.0877895043801138	0.024263079626719	0.000296619928407439	0	0	0.000709113391433464
RIMBP3B	0.102314284361052	0.0231429609464345	9.82598321736734e-06	0	0	2.85577906886027e-05
RLIM	-0.217706388757016	0.0315788335029036	5.42219450521117e-12	0	0	2.89962278463293e-11
RNASEK	0.00405694479304789	0.0664423944545203	0.951311758423171	0	0	0.96350806301834
RNASEK-C17orf49	-0.0350196982658012	0.0430998651175292	0.416490708736771	0	0	0.496475206985259
RNF103	-0.268040922734796	0.0259412773321671	5.01800029958586e-25	0	0	6.6574690997559e-24
RNF103-CHMP3	-0.319924584707343	0.0278058777421228	1.23560751898322e-30	0	0	2.33422376955744e-29
RNF130	-0.00131943376230422	0.0334960171021892	0.96857884208322	0	0	0.977011043262122
RNF31	-0.0379564236475259	0.0443387352376303	0.39196701295724	0	0	0.473740381446233
RNF5P1	0.102726300363021	0.0295626826369197	0.000511112488833206	0	0	0.0011703735251543
RNH1	-0.141415941827302	0.0254000503974576	2.58352306723116e-08	0	0	1.00902541367365e-07
RP1-117O3.2	-0.0410409578583672	0.0121614480723295	0.00073902401706659	0	0	0.00167025193974218
RP1-179N16.6	-0.0148451604012833	0.0103647392898839	0.15206504007202	0	0	0.209586867284037
RP1-197B17.3	0.0336073791791073	0.0411048118428881	0.413584446154606	37.9346944851661	0.00128351607369012	0.49436710276252
RP1-206D15.3	0.0324223136397985	0.011440718785303	0.00459779254328609	0	0	0.00895847919308433
RP1-239B22.5	0.000417122376229759	0.026007775811497	0.98720377941576	0	0	0.989481066104147
RP1-274L7.1	0.0361451971901392	0.0212943399621612	0.0896194252965871	0	0	0.132786497157262
RP1-63G5.8	-0.0262484050862632	0.0186141771653773	0.158501372735023	0	0	0.216228717279018
RP1-74M1.3	0.0837269834841745	0.021322579334965	8.61258116623295e-05	0	0	0.000225431717875194
RP1-80B9.2	0.113425511118339	0.0272127852390113	3.07154090706525e-05	0	0	8.43339351734503e-05
RP11-1006G14.1	0.0258638800074576	0.0224597470050117	0.24949947810587	0	0	0.321684045213652
RP11-1008C21.1	0.0229419710942235	0.0308795089935665	0.457511170437306	0	0	0.539087738454263
RP11-108M9.4	0.0629336583636767	0.038825701501257	0.10503312699035	0	0	0.151869862486879
RP11-10K16.1	0.0298103370995245	0.0177603098794734	0.0932532979356543	0	0	0.137584237531551
RP11-10L12.4	-0.125872073589073	0.0305039260644926	3.68450787696439e-05	0	0	9.9901321219409e-05
RP11-1102P16.1	0.132420026447186	0.0251893860381012	1.46442511549226e-07	0	0	5.29141549007392e-07
RP11-1129I3.1	-0.0120818941056454	0.0127129809425653	0.341929939239951	0	0	0.422182250992734
RP11-114G22.1	-0.219926945666608	0.0212505337428999	4.21806005159648e-25	0	0	5.68293672067805e-24
RP11-11N9.4	0.060865972227652	0.0187738316259739	0.00118667179995585	0	0	0.00260737748207747
RP11-121A14.3	0.0520056278704835	0.0224011280523679	0.0202564833589826	0	0	0.0345154588999134
RP11-122K13.14	-0.0111332706829835	0.0229349266321765	0.627372307033837	0	0	0.699406260402824
RP11-144L1.4	-0.0446603035835596	0.0222219240188089	0.0444586473061548	0	0	0.0706299168355548
RP11-168O16.1	0.040999865612917	0.0119466245645401	0.000599323242573347	0	0	0.00136875663021351
RP11-171I2.2	-0.0450854261588214	0.0275548194543689	0.101795985789154	0	0	0.147680653841026
RP11-181E10.3	0.0220284323303605	0.0133432619804125	0.0987583663682312	0	0	0.144115903230886
RP11-18H7.1	-0.0556810788752036	0.0188922112760035	0.0032055849708235	0	0	0.00651614816291373
RP11-229P13.25	0.00688643688475354	0.0167860544052326	0.681624398517891	0	0	0.74978683836968
RP11-236J17.3	-0.0279678315562816	0.0518783897356665	0.58981530670132	19.4389886428082	0.0010487958122633	0.664354506187229
RP11-23P13.6	0.0510877945579238	0.0188041261109192	0.00659085396080968	0	0	0.0124509828085731
RP11-244K5.6	-0.0116298144923036	0.0205795868675555	0.571996165841268	0	0	0.64890948840217
RP11-259N19.1	-0.125316826865102	0.0234532988744053	9.1294977532174e-08	0	0	3.36166675743471e-07
RP11-260O18.1	-0.0143137973728053	0.0295214897683923	0.627775469636597	10.1243468765207	0.000176728885365995	0.699406260402824
RP11-268G12.1	0.0364900252703153	0.0169247414725953	0.031082361106089	0	0	0.0510596820438399
RP11-284F21.10	0.138771195233388	0.0278789896141465	6.43687401140488e-07	0	0	2.15319610990375e-06
RP11-298H24.1	-0.0231792615508354	0.020828865031208	0.26577576291355	59.8339593285234	0.000519713245631052	0.339645791135111
RP11-307L14.2	-0.0469450952362607	0.0158530599898266	0.00306379233795377	0	0	0.00627627465351069
RP11-308N19.1	-0.00744132292714829	0.0107564921428861	0.489064007379401	0	0	0.570082659171964
RP11-30L15.6	-0.125755269116556	0.0156409495259181	8.97431366548271e-16	0	0	6.36626822473835e-15
RP11-332H14.2	0.144856775328929	0.0298092083108468	1.17703968371275e-06	0	0	3.8024070079791e-06
RP11-337C18.8	0.0537962003474869	0.0217041454260284	0.0131893927546006	0	0	0.0234148770250213
RP11-340I6.8	-0.109946697008057	0.0194356905266516	1.54088129244148e-08	0	0	6.11427325630888e-08
RP11-362K14.5	0.0208619523569147	0.0199246382458394	0.295079761440495	0	0	0.37273145911271
RP11-363J17.1	-0.0938362808564669	0.026107583008047	0.000325370391985383	0	0	0.000770427440423155
RP11-382F24.2	0.00461687191104621	0.0163008354236817	0.777001177302856	0	0	0.826455352602426
RP11-38F22.1	-0.0137383007078526	0.00989455260181339	0.164993627604444	0	0	0.224030409981659
RP11-390E23.6	-0.242308017069966	0.0273288436044227	7.55596939987434e-19	0	0	6.73449990614441e-18
RP11-395B7.2	-0.0423655677898313	0.0635648491266635	0.505095626316741	0	0	0.58523746569233
RP11-396C23.2	-0.0593233278506417	0.0143518925544179	3.57304139673929e-05	0	0	9.70304054302014e-05
RP11-398G24.2	-0.183933572679793	0.0387800324908457	2.10579525844706e-06	64.4566184293573	0.00194411556796325	6.60626743534475e-06
RP11-3B12.1	0.016307041548132	0.0174324124375006	0.349559650677356	47.4067810820278	0.000288169630812147	0.430265349063205
RP11-3L10.1	0.0138271749987332	0.020475934090588	0.499492110956237	0	0	0.57990466856509
RP11-400D2.2	-0.0147671631393461	0.0122799319424574	0.229152682458654	0	0	0.299224163871631
RP11-408H20.3	0.0266670308237433	0.0158442982478406	0.0923619349535656	0	0	0.136384913295919
RP11-411B10.2	0.0361345980591225	0.0229923639854209	0.116045376998663	0	0	0.165997419937183
RP11-422J15.1	0.00252094941714785	0.0110039804243935	0.818795607742717	0	0	0.862464706822329
RP11-432J24.5	-0.0402114560114614	0.0225700644569536	0.0748099353897337	0	0	0.112571140872171
RP11-433J8.1	-0.0198239665645236	0.0166073324118534	0.232600197623189	0	0	0.303042836183735
RP11-438B23.2	0.0130662104074327	0.0135415782145494	0.334597062175071	0	0	0.41390013812119
RP11-443B7.1	0.00901390485700817	0.0217318796049188	0.678304449774217	0	0	0.74708056635462
RP11-449P15.2	0.0196073525802666	0.0173606464182178	0.258723339813215	0	0	0.332343802361691
RP11-452K12.7	0.0890413237854465	0.0299176536391917	0.00291831644918023	0	0	0.00601664767339887
RP11-458D21.1	0.191492465113028	0.0522136153376806	0.000244951325434623	0	0	0.000597928937647998
RP11-45P15.4	-0.198087643608251	0.0266785413984859	1.1279672478174e-13	0	0	6.83068667842036e-13
RP11-472K17.1	-0.00183170510237038	0.0211885926901158	0.931110529778746	0	0	0.950246682768914
RP11-473I1.9	-0.180350506701076	0.0378103094407236	1.84338894394113e-06	0	0	5.81453717707746e-06
RP11-481J13.1	0.0425884545017868	0.0637269802791536	0.503944981716209	42.2539101782483	0.00343416451549263	0.584293781336072
RP11-485M7.3	-0.0985884809960015	0.0195036271109397	4.30663041296459e-07	0	0	1.46763208975146e-06
RP11-492E3.2	0.135833672024503	0.0505446896587201	0.00720112023957639	15.0261894216234	0.000768825703499171	0.0134466318814813
RP11-495P10.3	-0.0261982395515959	0.0158213636290095	0.0977466353917203	0	0	0.142999707332331
RP11-4O1.2	0.000756868674150821	0.0223486023628237	0.972983616537466	0	0	0.9786056067901
RP11-500C11.3	-0.0825619397921867	0.0228118872134674	0.000295457245125224	0	0	0.000707306738330082
RP11-510M2.2	0.119934898225322	0.0258066508146617	3.36077469718001e-06	0	0	1.0374824908879e-05
RP11-526I2.1	-0.0397106043072601	0.0444656311891176	0.371823504210961	59.7350385348455	0.00236217354039559	0.45317619236932
RP11-532F6.3	-0.0142516877705988	0.0253776704025937	0.574399642171465	0	0	0.650786556775754
RP11-540O11.1	-0.0206416629133987	0.0180293127020445	0.252252817508115	0	0	0.324511766712883
RP11-544I20.2	0.0327992703286457	0.0130498121293558	0.0119576983715531	0	0	0.0214031717505245
RP11-547D24.1	0.0407589849319297	0.0141497839931304	0.00396997586866799	0	0	0.00789598764907361
RP11-550P17.5	-0.0174744707830104	0.019246280701476	0.363909849008543	0	0	0.444778704343775
RP11-566K11.5	-0.00381116897265325	0.0160192627634894	0.811949632268799	0	0	0.856811451659486
RP11-582J16.4	0.0630339456234709	0.0492958076609303	0.201007033447201	0	0	0.266476143502086
RP11-58G13.1	-0.00115592043024466	0.0173801486980483	0.946973319995969	0	0	0.960784071436224
RP11-617F23.1	-0.235231946664648	0.0321856584170521	2.6994977950703e-13	0	0	1.56390905594406e-12
RP11-61A14.1	0.00788677180823415	0.0142810848374796	0.58077503345763	0	0	0.655872000097051
RP11-661G16.2	0.0728414461986801	0.0391046463049269	0.0625000886874534	0	0	0.0962135997686395
RP11-709D24.6	0.0093010993547332	0.0290474742361336	0.748814163101369	0	0	0.805157327694738
RP11-716O23.1	0.00143184868387115	0.0138378282181548	0.917587171012735	0	0	0.939756336605854
RP11-732A21.2	-0.028689705605849	0.0131325949739065	0.0289168545146301	0	0	0.0478187375322808
RP11-73M18.6	0.171835965071704	0.0596824117194144	0.00398720040786287	47.2249592128155	0.00337314672046939	0.00791971921013219
RP11-752D24.2	-0.0119645499842216	0.0164179836538894	0.466156673696089	40.2569741332226	0.000217108119777584	0.547049492831737
RP11-758M4.4	-0.000761624353565584	0.0136385562640737	0.955466502214266	0	0	0.966589511553198
RP11-768F21.1	0.101492425874799	0.0191050017511915	1.08221435240744e-07	0	0	3.96811929216061e-07
RP11-770J1.4	-0.0195012983201344	0.010872799371472	0.0728793082015303	0	0	0.110238675068981
RP11-774D14.1	0.0633262179636306	0.0304749169861257	0.0377113524988135	53.3232567362119	0.000990460771084563	0.0610263786247094
RP11-774O3.2	-0.0282649669889366	0.0485001311906997	0.560040569991542	34.9956919445146	0.00164810431129885	0.637426660540472
RP11-774O3.3	-0.543178383915776	0.0638176231035574	1.71820927219718e-17	0	0	1.388952425618e-16
RP11-783K16.14	-0.0410375684287787	0.0391951714626917	0.295096943463227	54.6603382015701	0.00169171979016608	0.37273145911271
RP11-791G15.1	-0.0981821938408016	0.040887615770745	0.0163382886776435	0.980280661728032	3.28034522131611e-05	0.028509985664402
RP11-804F13.1	0.00120115428038763	0.014274282758875	0.932938653697024	30.3377520442073	0.000123630705824278	0.950995530865353
RP11-862G15.1	0.0495750904512727	0.0179837754168899	0.00583956701179277	0	0	0.0111774972097972
RP11-863K10.7	-0.0553068164411275	0.0271892460212823	0.0419371722707065	0	0	0.0670531788468149
RP11-875O11.1	0.0848249342209388	0.0222922840588973	0.000141732419833393	0	0	0.000357519514761156
RP11-90K6.1	-0.00414977080679948	0.00846981194798767	0.624170413185671	0	0	0.697625838017168
RP11-94M14.2	0.0426801947780963	0.0198011501167908	0.0311274041857137	0	0	0.0510853904388767
RP11-966I7.2	-0.0358216637030783	0.021790224416446	0.100190092903904	0	0	0.145593964437279
RP11-96B5.4	-0.00705804278435143	0.012894009509052	0.584111307712132	0	0	0.658783551462482
RP11-989E6.3	0.209950572112469	0.0305352688563671	6.16971933102321e-12	0	0	3.26919884064583e-11
RP13-1039J1.3	-0.0266036579415585	0.0240856404969697	0.269357079483785	0	0	0.343708496200345
RP13-452N2.1	0.0483519856352668	0.020631197816156	0.0190968786910241	0	0	0.0326355704670598
RP13-539F13.3	-0.0150971480060108	0.0146049488672798	0.301276037285496	0	0	0.378610088794066
RP3-486I3.7	-0.0344250234291806	0.0154501141317245	0.0258711541933476	0	0	0.0431516948061787
RP4-555D20.2	0.13706404732794	0.0293719290378121	3.0637666587005e-06	0	0	9.49166925636627e-06
RP4-564F22.5	-0.115163179951829	0.0363245295898814	0.00152230787889971	52.9808640454651	0.00139823104893789	0.00329896645078267
RP4-568F9.6	0.0371738726909481	0.0124882879145872	0.00291370029643428	0	0	0.00601426498242611
RP4-604G5.3	0.0213920175765518	0.048257513219662	0.65755681910042	44.5781315368023	0.0020767814840896	0.72653131061445
RP4-630C24.3	0.0244224722228775	0.0139457245774672	0.0799025839134098	0	0	0.119612998140832
RP5-1157M23.2	0.114223637611145	0.0486126334623137	0.0187900707455485	1.03776460652466	4.9596963008265e-05	0.0322380483275058
RP5-971N18.3	-0.0906626905676191	0.0337241227824776	0.00718032504668006	47.4639824810859	0.00108136720047298	0.0134331592369537
RP5-994D16.3	-0.0223334702299244	0.0257937363605699	0.386573199506918	26.5229927901265	0.000356469448594044	0.468198063235557
RP9P	-0.166246412134841	0.0321357673188914	2.30054804928648e-07	0	0	8.15990308093859e-07
RPEL1	-0.230219219337082	0.0447824629736926	2.73521271885126e-07	0	0	9.58427359952316e-07
RPL10	-0.350478698512783	0.0260113478941267	2.2227103650019e-41	0	0	8.58460136527399e-40
RPL10A	0.118482575875347	0.0372705875856959	0.00147792600956034	0	0	0.00321481277173451
RPL12	-0.133190154578576	0.0182136019089365	2.61875534689452e-13	0	0	1.52220628525173e-12
RPL13AP5	-0.0572989281709114	0.0469225144788967	0.222033268362434	0	0	0.290582696094812
RPL13P5	-0.0764349458930954	0.0256407584112038	0.00287314461744279	0	0	0.00595175845663358
RPL17	-0.217044716259191	0.0222484742525793	1.74758706416141e-22	0	0	2.03846061578022e-21
RPL17-C18orf32	-0.278853583604456	0.0466472212465771	2.25997923691202e-09	0	0	9.58010710671485e-09
RPL18AP16	-0.143216273366618	0.0439385013487525	0.00111620169421332	0	0	0.00246187632556186
RPL18P10	-0.100945757721516	0.0249512880874509	5.21640465879285e-05	0	0	0.000139693548489707
RPL21P28	-0.0418505901534023	0.0514493691623389	0.415970119027652	58.6784801684253	0.00310679710520303	0.49619496696641
RPL22P22	-0.00310112394741557	0.0411094474436314	0.939867978154532	64.712456680162	0.00218901109735994	0.956563956622528
RPL23AP22	0.00563807647682322	0.0207473346730185	0.785814687394944	31.9977961914546	0.000276216495955708	0.833038745558805
RPL23AP7	-0.264042227624215	0.0389845221050723	1.26137622727217e-11	0	0	6.41015170467554e-11
RPL26P37	-0.222125032124332	0.0405790185683327	4.40265585792737e-08	53.4333877628164	0.00176138792085865	1.68171777606105e-07
RPL27AP	-0.0329813192473782	0.0285200918073508	0.247507760891372	0	0	0.319352998091466
RPL28	-0.194751310209661	0.0348538364608933	2.30152631519564e-08	0	0	9.00912778335589e-08
RPL29P7	-0.418932954756078	0.0524508000843198	1.38082352078736e-15	0	0	9.63803726557601e-15
RPL3	-0.181528648107658	0.0438802818530413	3.52018594067336e-05	0	0	9.58947204528259e-05
RPL35P8	-0.0118207013069571	0.0405582816516777	0.770707365222535	0	0	0.82227710298144
RPL36A-HNRNPH2	-0.352800149468848	0.0308493356933328	2.75597854827993e-30	0	0	5.04199022832686e-29
RPL37	-0.383470075111824	0.0280979432439261	2.0857774993269e-42	0	0	9.06270323457539e-41
RPL7AP10	-0.158964913595877	0.0569883655029691	0.00528013177525138	14.6778667763612	0.0009543673446119	0.0101852042457124
RPL7AP71	-0.0863007362964663	0.0331138729569886	0.00915581473505651	0	0	0.0167151323629498
RPL7P25	-0.0600438707027766	0.0135206019278284	8.95763499906652e-06	27.8487362507431	0.000101845182644627	2.61214255509692e-05
RPL7P27	-0.118779219974872	0.0219371076554444	6.14484530925322e-08	0	0	2.31664666973581e-07
RPL7P52	-0.270865919846516	0.0321698580200832	3.76912556756855e-17	0	0	2.96413585359011e-16
RPLP0P1	-0.10570631097791	0.0470147022755519	0.0245527896893294	0	0	0.0411105476686459
RPLP2P1	-0.0879332836038666	0.0333054913729127	0.00828561943241148	28.0654634476046	0.000622691419426384	0.0152063427386813
RPS10-NUDT3	-0.0453876862523629	0.0369024367134887	0.218720555875715	0	0	0.287112028785493
RPS10P2	-0.270106398127575	0.0619958976651929	1.3195179270839e-05	0	0	3.80950524463757e-05
RPS11P1	0.0280865768230028	0.0391852497641536	0.473519721057279	0	0	0.554193451311482
RPS11P6	-0.171210061758487	0.0733608543431446	0.0196058398463912	47.0565803962877	0.0050649978521065	0.0334724456316581
RPS13	-0.0290543456397507	0.0142794427852921	0.0418813262357121	0	0	0.0670255478799886
RPS17P5	-0.115697064185192	0.0673380619493258	0.0857687901910715	35.0180957260805	0.0031855147863886	0.127625134719249
RPS23P6	-0.109557791879298	0.0349569712804227	0.00172396414671859	0	0	0.00370364609023104
RPS29P28	0.0246073771058526	0.0153223461501868	0.108278366977788	0	0	0.155913671754263
RPS2P45	-0.0734253797204275	0.0251308820249334	0.00348105261441634	0	0	0.00701864204623619
RPS4XP2	-0.22573848357485	0.034356180105854	5.01348001673781e-11	0	0	2.39379897502481e-10
RPS4XP3	-0.232852034730533	0.0558312080582339	3.03741438036641e-05	0	0	8.36612708886976e-05
RPS4XP9	-0.0855705480805004	0.0226843876545217	0.000161800141309392	0	0	0.000406370875138328
RPSAP19	-0.152785538129236	0.0241962738118876	2.71169102965782e-10	0	0	1.2241348076741e-09
RRN3	-0.0683850260509012	0.0286567942735563	0.0170167332274708	0	0	0.0294572533360002
RRN3P1	0.00346712862827368	0.0526522946733482	0.9474976260079	7.33708316430145	0.000408564524028622	0.960784071436224
RRN3P3	0.0513539470820124	0.038984939485988	0.187745938374063	0	0	0.251195104614412
RRP7B	-0.0129123920899213	0.0151149353728822	0.392949679129859	0	0	0.474598014126265
RSC1A1	-0.287113160968159	0.0244921376815571	9.75523260444907e-32	0	0	1.99465814900382e-30
RSPH10B2	-0.211169408663455	0.0311853010378695	1.27506449879514e-11	0	0	6.46082244578997e-11
RSRP1	0.00725976349632735	0.0653590909378446	0.911556843185202	44.6214833303152	0.00381667140334075	0.936299382571621
RTEL1-TNFRSF6B	0.155541783895508	0.0364622940541031	1.99164403747604e-05	0	0	5.61017396618048e-05
S100A11P1	-0.13197235822695	0.0429093717875682	0.00210074635736026	0	0	0.00446344397199527
SAA2	1.22338566900739	0.0719096179286239	6.59794030397217e-65	0	0	5.73361012415182e-63
SAA4	0.476756443233749	0.0431830146781639	2.44027267457495e-28	0	0	4.00112632868988e-27
SAP25	0.177022632118026	0.0393039617996596	6.67054750542552e-06	64.7521101941869	0.00200382426076517	1.9750275237529e-05
SAPCD1	-0.0625318001394486	0.0204541443999648	0.00223437388599762	0	0	0.00471279346342701
SAPCD1-AS1	0.127996306549965	0.0306466608264475	2.96006349226842e-05	0	0	8.166016427877e-05
SBDSP1	-0.4116103841203	0.0421502967140042	1.58638386427185e-22	0	0	1.86292915953006e-21
SCAMP4	-0.130223496205639	0.050421502126141	0.00980311856646734	0	0	0.0177662357335978
SCAMP5	0.0658595601531056	0.0468029318567397	0.159377754551178	45.5618899883157	0.00199642542541551	0.217092658794198
SCARNA16	-0.0998480832087793	0.0343195616896243	0.00362165394979105	24.1832800513004	0.000569741419370786	0.00729366693480515
SCGB1C1	-0.015226249647088	0.0229176300411736	0.506440580050602	46.8519369982496	0.000493563876460805	0.586404882163855
SCHIP1	0.0356970140170301	0.0578575747096493	0.537247375269453	0	0	0.615514791178846
SCLT1	-0.103602155932858	0.0282253926306205	0.000242047872357832	6.3379239241727	0.000101468804784855	0.0005916725768747
SCUBE1	-0.0428660732498071	0.027588782743399	0.120244043522489	0	0	0.171158188077056
SDCBP2	-0.134899494337175	0.035930369725233	0.000173708664869957	0	0	0.000434396632437389
SDHA	-0.443903155314858	0.0779140819683855	1.21689815904592e-08	0	0	4.88445496633212e-08
SDHAP1	-0.199993804947778	0.0382002064307179	1.64617574352165e-07	0	0	5.92350609159551e-07
SDHAP2	0.150226064784605	0.0205374552396535	2.57887746514706e-13	0	0	1.50405672296161e-12
SDHAP3	-0.0436632697698851	0.0310513886802374	0.159676149876886	8.44803172914019	0.000163397877016036	0.217319615102606
SEC22B	0.257781430164233	0.0432392946098699	2.495660977948e-09	0	0	1.05023215004204e-08
SEL1L2	-0.594850396763274	0.0613518242742317	3.14397746066217e-22	0	0	3.61869723617937e-21
SEMA3B	0.0819676269970915	0.036376783184396	0.0242405490434375	0	0	0.0406660948238363
SENP3-EIF4A1	-0.117169155929226	0.0635958677818025	0.0654163650235266	46.1065439059881	0.00372950692720311	0.100082431699726
SEPSECS-AS1	-0.236773808538428	0.0383302071063106	6.5243513210684e-10	0	0	2.89268433571859e-09
SEPT5	-0.468947587418354	0.0588315920245629	1.57374566990197e-15	0	0	1.08970915310344e-14
SEPT6	0.99220277106397	0.0729994876199326	4.47228862906867e-42	0	0	1.84735599697128e-40
SEPT7P2	0.181910318527285	0.0240414533519606	3.83332990897717e-14	0	0	2.40517234000084e-13
SERF1B	-0.271531267272376	0.030161286596184	2.20349806288387e-19	0	0	2.05896754478073e-18
SERHL2	-0.060209501661309	0.0252140423923442	0.0169433247301485	0	0	0.0294180803006974
SERP1	0.159214685308406	0.0289479926582142	3.79737256286851e-08	0	0	1.46014015802334e-07
SERPINB4	0.189053365049694	0.066993727577087	0.0047731695446262	0	0	0.00926901527213446
SETP4	-0.308905889560305	0.0951426892330317	0.00116725000910966	0	0	0.00256795002004125
SETSIP	-0.32458192948061	0.0330932337079947	1.03900792226285e-22	0	0	1.25402483950891e-21
SFTPA2	-0.0562853725725359	0.019008580249968	0.00306591322257225	39.1515886248531	0.000282960793932797	0.00627627465351069
SGK3	-0.476769090638632	0.0490466967406394	2.46041234445142e-22	0	0	2.85079776977104e-21
SH2D6	0.00200281462366863	0.0374388298807541	0.95733699469884	51.1432320678105	0.00144363661954906	0.967355637666618
SH3BP1	0.175699537152139	0.0326036076083609	7.08665761978638e-08	0	0	2.65444201361826e-07
SH3GL1P2	-0.0831599965000469	0.0179124755328296	3.44095030017422e-06	0	0	1.05660276001816e-05
SH3KBP1	-0.255795562577367	0.0181568243241634	4.49350769740077e-45	28.5978039157499	0.000188668991291873	2.11073415623852e-43
SHANK2	0.0469225831008893	0.0247515968666834	0.0579944821214171	0	0	0.0899147278563987
SHANK2-AS2	0.0388951094676279	0.0229405291495631	0.0899852182561845	0	0	0.133214914249786
SHC1P1	0.103998176768397	0.0190588909636004	4.85132711762726e-08	0	0	1.83695131382052e-07
SHMT1	-0.303238090080405	0.0368406413078247	1.85540395308045e-16	0	0	1.40816247618071e-15
SIRPAP1	0.164980469486477	0.0445482417867983	0.000212719439166529	0	0	0.000522922751444735
SIRT5	-0.0420294169556169	0.0261557255963422	0.108078139311689	0	0	0.155754399770908
SLC14A2	0.0880187863010223	0.0311207650163286	0.00467962756365856	14.6619050921615	0.000284883235970974	0.00910771859533995
SLC16A3	0.653033047613564	0.0451104381256399	1.71015888031171e-47	0	0	9.00683676964169e-46
SLC19A1	-0.000453974598158788	0.0148046443854485	0.97553723307724	0	0	0.980048387912279
SLC23A3	0.0357473132459339	0.0361572455778356	0.322828290072166	0	0	0.402493233963719
SLC24A5	0.011709115143666	0.0183298590191354	0.522953005612338	0	0	0.601915446194863
SLC25A16	-0.230328121662203	0.0505159725619119	5.12729240462261e-06	0	0	1.53113989677562e-05
SLC26A6	0.130704297798277	0.035986504012078	0.000281193284449271	0	0	0.000676889097469297
SLC2A3	0.735067876570439	0.0574180596333908	1.59715098034402e-37	0	0	4.78594552385847e-36
SLC35B2	0.261805448314619	0.0308869955979148	2.32597708733125e-17	0	0	1.84591240994598e-16
SLC35E2B	-0.0212593101362817	0.0326245431779265	0.514636348146556	0	0	0.594423485635205
SLC35E4	-0.10348665271837	0.0245008420281202	2.40217409354501e-05	0	0	6.67996571932996e-05
SLC35F6	-0.281504797641843	0.0535903896866456	1.49725269717167e-07	0	0	5.39880744332856e-07
SLC35G4P	-0.114070380126379	0.0323426079792807	0.000420394848286778	0	0	0.000980733216540161
SLC4A5	-0.0512665933125722	0.0606376974787736	0.397855477932573	0	0	0.479191143899384
SLC6A10PB	0.0640107443405005	0.0453202577789096	0.157829539600978	0	0	0.215650738857312
SLC6A8	-0.0226621244798764	0.0342308446213238	0.507946783034028	0	0	0.587757329502756
SLC7A5P1	0.0471144566166568	0.0229114939860359	0.0397470854383447	50.4858067506939	0.000530094751175395	0.0638451335414446
SLC9B1	-0.00974956163875569	0.0211791933617279	0.645274506317192	0	0	0.714778261299732
SLX1A	0.225984847672301	0.0280537431287952	7.92025697205248e-16	0	0	5.64156008910952e-15
SLX1A-SULT1A3	0.268534625353854	0.0413516951962313	8.363083561521e-11	0	0	3.94973892117486e-10
SMA4	0.0997443335023062	0.0655285101845005	0.127971072986394	0	0	0.180677274451951
SMAD1	-0.191069786969053	0.0495391581961998	0.000114813187267675	0	0	0.000295185383833163
SMARCE1P2	-0.154327758539464	0.0443819674978997	0.000506561300116735	0	0	0.00116301656486511
SMG1P2	-0.145736258745619	0.0492826809383565	0.00310497462096418	0	0	0.00633385667985417
SMG1P5	0.315892576660708	0.0857538207172259	0.000229859854122315	61.4887904514444	0.00904414451881393	0.000563464635352021
SMN2	-0.30136285667806	0.0615283634733014	9.68415972440672e-07	0	0	3.16969295687738e-06
SMPD4	-0.0689425269528669	0.0328822194573267	0.0360245116745733	0	0	0.05856931832592
SMR3B	0.016702811674019	0.0182189132213679	0.359255736769289	0	0	0.440328963684785
SNAI1P1	0.0913008081513901	0.015479848843195	3.67838985140599e-09	0	0	1.5367888369576e-08
SNAP47	0.0653663312539113	0.0218494842697582	0.00277460806176298	0	0	0.00576137253446124
SNHG10	-0.0343274051023823	0.0290808279847376	0.237835752061427	50.7832782465869	0.000859094409195948	0.309400102606856
SNHG15	-0.0600546921633055	0.0249427874783412	0.0160534674705016	0	0	0.0280693425188449
SNHG4	-0.125977498780176	0.0283201952722661	8.65415756173989e-06	0	0	2.53214239769426e-05
SNORA1	-0.293419959681581	0.0371733568204515	2.94330615556546e-15	0	0	2.02994686443364e-14
SNORA16A	-0.332189559763174	0.0389572699998046	1.50161273680356e-17	0	0	1.21953408250682e-16
SNORA17	-0.256897273362397	0.0259208829684566	3.73557625681196e-23	0	0	4.67081405348143e-22
SNORA21	-0.279486148920032	0.0268155942713299	1.95691808147967e-25	0	0	2.69930446477117e-24
SNORA24	-0.242662594409351	0.0393553781633874	7.00690940728411e-10	0	0	3.08304013920501e-09
SNORA28	0.0589111136180037	0.0778001287517126	0.448923458567358	0	0	0.53112931993878
SNORA41	-0.345167112259169	0.0283280312194947	3.75266303174156e-34	0	0	9.05851159606505e-33
SNORA45A	-0.346336983583578	0.0301129934988136	1.30022828288619e-30	0	0	2.42988898457656e-29
SNORA48	0.0204671446137552	0.0550018038032885	0.709805219976589	0	0	0.773442929353801
SNORA52	-0.0812627876875897	0.0299054668293503	0.00658125133282134	0	0	0.01244637085576
SNORA57	-0.0575397005774213	0.0193668862134845	0.00296797764505903	0	0	0.00610455046995573
SNORA60	-0.0892103844550179	0.029757303931186	0.00271817992620946	0	0	0.00565772061287669
SNORA64	-0.07861413977053	0.0452286760768574	0.0821847120564643	0	0	0.122712224702865
SNORA66	-0.00233948848686739	0.0154620532843252	0.879734996975034	0	0	0.9084845066801
SNORA68	-0.0331472194809428	0.0296760524512516	0.264007740752857	0	0	0.337634623567671
SNORA70	-0.0485041497932483	0.0152675000081758	0.00148830486592156	0	0	0.00322930568910321
SNORA71B	0.222147892535504	0.142172469819938	0.118164602636296	48.6501956438491	0.0196689554695111	0.168474224267336
SNORA73A	-0.498874154911005	0.0432307366189501	8.3116006612708e-31	0	0	1.60506243880985e-29
SNORA78	-0.0240103015241869	0.0550577011415347	0.662768946595162	0	0	0.731824923241672
SNORD104	-0.198744410672752	0.040682344480998	1.03284976770163e-06	0	0	3.36790412057306e-06
SNORD112	-0.00434219531648138	0.0247846951550825	0.860925124334222	45.8155188448354	0.000566173733378917	0.895444563789873
SNORD116-19	0.0629541680278768	0.0249113796998289	0.0115000595154363	0	0	0.0206905832689734
SNORD14C	-0.16886315590985	0.0390406414237455	1.52312565421094e-05	0	0	4.38276885267983e-05
SNORD16	-0.185299870762552	0.0251200268749944	1.62408143741164e-13	0	0	9.73328806283251e-13
SNORD19B	-0.162633541723405	0.0313461228030275	2.12206063785395e-07	0	0	7.57318560285456e-07
SNORD1A	0.01843707049474	0.0256613602458633	0.472463864112447	0	0	0.553330320638432
SNORD21	-0.296500729707097	0.0250705200577597	2.84199072648981e-32	0	0	6.33253831107602e-31
SNORD22	-0.218262623534776	0.0431995259523511	4.36221997108534e-07	0	0	1.48366698820867e-06
SNORD23	-0.328106851680424	0.0318459480086753	6.8341014786622e-25	0	0	8.9982336135719e-24
SNORD24	-0.0562025355498187	0.0195114697459221	0.00397061287967581	0	0	0.00789598764907361
SNORD32A	-0.160286355977377	0.0578447528459501	0.0055888741516852	77.3196257258696	0.00517613819023134	0.0107212618936301
SNORD35B	-0.0518439675907529	0.0289684982977563	0.0735074485812737	0	0	0.110995608717857
SNORD38B	-0.196069482021015	0.0259647399323529	4.30687546654271e-14	0	0	2.6638254664951e-13
SNORD3B-1	0.0212207790266564	0.0415138586065753	0.609229663579923	0	0	0.683398619259928
SNORD42A	-0.133103720167587	0.0133553985914637	2.1408538237873e-23	0	0	2.69623474329154e-22
SNORD44	-0.304139290400173	0.0329159437759978	2.46779454462691e-20	0	0	2.50820287635179e-19
SNORD45A	-0.127038462896973	0.0510939416870318	0.0129053575275831	0	0	0.0229575346805931
SNORD49A	-0.0288327904953591	0.0369356256379974	0.435024393962998	62.6056971230951	0.00170834491269326	0.51652311151634
SNORD4A	-0.103836279882101	0.0756678489025681	0.169981207098158	0	0	0.230442541292198
SNORD50A	-0.391294117026823	0.087282412182624	7.3573012562279e-06	0	0	2.17096597339968e-05
SNORD50B	-0.58181616533622	0.0625475747690876	1.37856781243912e-20	0	0	1.42616122501142e-19
SNORD54	-0.197051942142359	0.0201261395670477	1.23259644418777e-22	0	0	1.46729631506736e-21
SNORD68	-0.221321727668026	0.0225932351282503	1.17214875873209e-22	0	0	1.40496175356991e-21
SNORD73A	-0.263625287096116	0.0250034306896455	5.43971317420029e-26	0	0	7.8134061956695e-25
SNORD87	-0.344741914873544	0.0345845901023947	2.10256721714479e-23	0	0	2.66734439664061e-22
SNORD88C	-0.0690859348455428	0.0356059668877567	0.0523443422196057	0	0	0.0820328825768032
SNORD95	-0.193024393645327	0.0452322313694051	1.97757133888516e-05	0	0	5.57957627756886e-05
SNRNP200	-0.121073636608788	0.0164535276598314	1.85958345968797e-13	0	0	1.11063781887893e-12
SNRNP35	0.0349349521051974	0.0239944112566673	0.145403111933206	0	0	0.201418280538659
SNURF	0.463681877957222	0.0609752586932356	2.86169872500451e-14	54.0872257359422	0.0040235239571564	1.82184336412375e-13
SNX18P3	-0.0031909159567351	0.0238296994115061	0.893477694575711	5.69637744627984	6.5321853383575e-05	0.921581147283434
SNX29	-0.0380458596161424	0.0142413596162971	0.0075512007631523	0	0	0.0139468511438456
SNX29P2	0.0229177928523643	0.0429186694441695	0.593354053646944	0	0	0.667907607019682
SNX8	0.0549829125550061	0.0344939111781945	0.110938514459319	0	0	0.159348048041567
SOD2	0.605436964358082	0.0442075943692151	1.08288561581835e-42	0	0	4.82578256485203e-41
SOGA3	0.111454833827905	0.0159077778794374	2.44684290396833e-12	0	0	1.34576359718258e-11
SOHLH2	0.160426023593799	0.0243621034753028	4.54687850656671e-11	0	0	2.18300410066656e-10
SOS1-IT1	0.0606435845485155	0.0168191503735499	0.000311400020692563	0	0	0.000743424774675377
SOX5P	-0.0714369305944597	0.0213116090577691	0.000802243481106101	0	0	0.00180842953328457
SP140	0.886961736335501	0.0655476129896015	1.01833421891389e-41	0	0	4.02242016470987e-40
SPAG11B	-0.0127270144381732	0.0126966598569347	0.316154906285815	7.10929854497946	2.29467913954611e-05	0.395876964787281
SPANXA2	0.109771097574428	0.0204289772790487	7.73069927366053e-08	20.2631821099239	0.000174187168569272	2.87707823075417e-07
SPATA31A3	-0.0665832602797778	0.0221862812543474	0.00269005744664365	0	0	0.00560589909144683
SPATA31D3	0.112115295447274	0.067986948128982	0.0991331173614988	32.6976096768584	0.00302346525789278	0.144541407696548
SPDYE2	-0.427807581379213	0.0503966972417017	2.08778184237826e-17	0	0	1.66447928534561e-16
SPECC1L-ADORA2A	0.362649382383938	0.0379251982806453	1.15248769100556e-21	0	0	1.29227329481785e-20
SPEG	0.0618576838054272	0.024499557541001	0.011574800548965	0	0	0.0208035194975193
SPG7	-0.0953004229504597	0.023403135960726	4.65867816180231e-05	0	0	0.000125531513879262
SPHAR	-0.531887209007298	0.0344385339391089	8.21152548039359e-54	0	0	5.09701117318716e-52
SPIN2B	0.056529516811927	0.0425290739334275	0.18378298980609	41.1608964002585	0.00148919045489054	0.246462065033167
SPN	0.0515834689062871	0.048078016912178	0.283310716917092	68.938371387427	0.00318741993471226	0.359149544859159
SPON2	-0.281994973655522	0.0484736750827753	5.97389136605465e-09	0	0	2.46033724981113e-08
SPTLC1	-0.191149751939648	0.0422576304765865	6.08432810757711e-06	0	0	1.8045328073326e-05
SRCAP	0.00317194896114762	0.0289166016604409	0.912652847300311	0	0	0.936299382571621
SRGAP2B	-0.0971177066610426	0.0271637647208946	0.000349870894032008	0	0	0.000825068675478466
SRGAP2C	-0.478668032461238	0.0523601996356593	6.14044318431445e-20	0	0	6.02942952222515e-19
SRMP1	0.00327836662299099	0.0304950548040471	0.914388469281049	0	0	0.937032523355226
SRSF2	-0.316888569626008	0.0344811725299592	3.92143577439722e-20	11.2008364459279	0.000266626002632516	3.96247405575719e-19
SRSF9	-0.102332610702181	0.0411790788519697	0.0129528461054874	27.0353919965352	0.000917307251748277	0.0230184524860297
SS18	-0.268031697074744	0.0312794659590325	1.04446859247439e-17	11.1830448319415	0.000219584444179289	8.56267176283254e-17
SSU72P8	0.0184451684374628	0.0352792158299272	0.601089877350949	37.2652195328279	0.000928913898500205	0.675303301122139
SSX2B	0.0966204154005322	0.0450711442211825	0.0320544355424786	67.5707193523683	0.00274530454338171	0.0525076427642109
SSX4B	0.0485441923193654	0.0163934104260444	0.00306441332845032	0	0	0.00627627465351069
SSX5	0.170655244608693	0.0316715055205677	7.11313599104474e-08	0	0	2.65863018331952e-07
ST20-MTHFS	0.0705347443151321	0.0230656275285533	0.00222817792321928	28.4048239095432	0.000303113498590577	0.00470543527406453
ST7	-0.039946565282457	0.025157040626867	0.112311646299559	0	0	0.161060424738534
STAG3L2	-0.330893448094863	0.0352690013710017	6.47386023874535e-21	0	0	6.81913278481177e-20
STAG3L3	-0.322950198351235	0.0567483407859529	1.26357604284589e-08	0	0	5.06012710245659e-08
STAMBPL1	0.0505223136302733	0.0132496323622895	0.000137228663747912	0	0	0.000348180171669885
STMN1	-0.117260655313535	0.0337102315524968	0.000504249932676998	0	0	0.00115924124734474
STON1-GTF2A1L	-0.00170016995333407	0.023031153380641	0.94115325996808	0	0	0.956563956622528
STRC	0.0259004579196709	0.0167378024584697	0.121761315717653	0	0	0.173034478100803
SUMO1P2	-0.13943462534573	0.0364990830487933	0.00013333123620874	0	0	0.00033878609434326
SUMO2	-0.224035620482309	0.0288765770132287	8.60172560930229e-15	0	0	5.77212320809552e-14
SUN1	-0.164561111371115	0.0463692737547787	0.00038680607839385	0	0	0.000907245565787465
SUPT20H	0.159919438213258	0.0491757573700804	0.00114597044682989	0	0	0.00252433033788385
SUZ12P1	-0.276968953976258	0.0557012557971825	6.6128902461775e-07	0	0	2.20598910707418e-06
SYNE3	0.424240184015281	0.0466301151999266	9.20214709485021e-20	0	0	8.98501778137621e-19
SYNJ2BP-COX16	-0.25432284002567	0.0311139098754148	2.98509518974844e-16	0	0	2.22385057579141e-15
SYS1	-0.10758779532787	0.030372227988391	0.000396641600166662	0	0	0.000927810364858222
SYVN1	0.771805378050613	0.0610951359767544	1.39154636152092e-36	16.3623688267704	0.00122149947659916	4.03084596053895e-35
TAB1	-0.0540243847335641	0.0277538875649265	0.0515884706553568	0	0	0.080994364949422
TAC4	-0.143653967336528	0.0618722703837355	0.0202446389407378	0	0	0.0345154588999134
TAF9	-0.186071623537301	0.029256408053113	2.01714769619459e-10	0	0	9.22579656838473e-10
TARDBPP1	-0.0102410529861426	0.0164302566007022	0.533084436793849	0	0	0.611551650922581
TARS2	0.0210784837896153	0.0203123606307191	0.299401785559477	0	0	0.377072683552443
TAS2R45	0.0974070394959296	0.046077112818879	0.0345152246916256	0	0	0.0561680341891809
TAX1BP3	-0.398119542242689	0.0346348494118358	1.40157847029256e-30	0	0	2.59142912911538e-29
TBC1D26	0.0135579545695461	0.0163627024144744	0.407337037423638	0	0	0.488916968951853
TBC1D3P1-DHX40P1	-0.31767473533803	0.0578842958037098	4.06282774032831e-08	0	0	1.55876260765797e-07
TBC1D8	0.0290252038813876	0.0298021238406195	0.330090940168231	0	0	0.410077236606422
TBCAP2	-0.0713440319835241	0.0184039359596236	0.000105942038109584	13.5860913349105	9.24351849569158e-05	0.000274429856101701
TBCD	0.0564239358819385	0.0236377690363774	0.0169853552575409	0	0	0.0294322506855494
TBRG4	-0.00178487263337779	0.028892207307946	0.950740454496941	0	0	0.963490909571827
TCEB1P28	-0.0415024047327062	0.0163725234369836	0.0112485410015789	0	0	0.0202590303220146
TCEB1P3	-0.0781315938098045	0.0196250679598799	6.85642065870215e-05	0	0	0.000181930673356097
TCP1	-0.424620401516732	0.032981022739429	6.2490506075338e-38	0	0	1.93943749212388e-36
TCRA	-0.0193917571199646	0.0186224412566535	0.297731128671453	0	0	0.375512845886056
TCRAV5.1a	0.0721527666774047	0.0211139959082182	0.000632465517578074	0	0	0.00144255258471219
TCRBV10S1P	0.038671950470499	0.0182786717660384	0.0343714265288479	0	0	0.0560389674551011
TCRBV11S1A1T	0.0368544614771873	0.0129095585339492	0.00430612731670957	0	0	0.00847570699483719
TCRBV6S2A1N1T	0.0734637407611823	0.0199678176530054	0.000234051920700443	0	0	0.000572932729827282
TCRVA13	0.0469601304685948	0.0187373386285943	0.0122025288277749	0	0	0.0217965006193964
TCTE3	-0.280864745764229	0.0306631497764865	5.2049769049061e-20	0	0	5.16928563470103e-19
TDG	-0.280100763343955	0.0489423193634924	1.04610550334216e-08	0	0	4.22777886093202e-08
TDGF1P3	0.0253081408852985	0.0309979710190534	0.414245623215982	0	0	0.49481710869373
TEN1-CDK3	-0.115422890671676	0.0202134991073109	1.12851093739119e-08	0	0	4.54016668793028e-08
TEX41	-0.0347117743118084	0.0245072832612075	0.156662503884316	0	0	0.214393253347197
TEX9	-0.0164493694546262	0.0164814649354959	0.318253837667468	0	0	0.398218264842376
TGIF2-C20orf24	-0.204531750665036	0.0299134933235847	8.06201803151532e-12	0	0	4.19514590981246e-11
THOC3	-0.0798325011057127	0.0447903890249979	0.0746908958062443	0	0	0.112489408068676
THRA	0.00572534058342999	0.0453986940468461	0.899642911603804	0	0	0.926840178048258
THRB-IT1	-0.42502854372056	0.0464412386574337	5.59077257391428e-20	0	0	5.52088791674035e-19
THRIL	-0.0781041701251227	0.0497450042048482	0.116394004149715	42.6538799778527	0.00211101959375051	0.16635919343109
TIAF1	-0.189828033902849	0.0442185258024641	1.76312682266862e-05	0	0	5.01524454631434e-05
TIFAB	0.196506103984026	0.0312421557348649	3.17928145286035e-10	0	0	1.42780133464374e-09
TIGD7	0.0878857057722761	0.0286901673605718	0.00218933020261375	0	0	0.00464031206358865
TIMM23B	-0.127991144059873	0.0199710137611617	1.46625570403564e-10	0	0	6.77753301493071e-10
TISP43	0.115087576017006	0.0271726777891292	2.28129654832304e-05	10.9506198076605	0.000161733439723364	6.36419486514517e-05
TM9SF1	-0.106171933283338	0.02344211240227	5.92323277730354e-06	27.3948902869788	0.000301270698203345	1.76277030256054e-05
TMBIM1	-0.207036448645932	0.0316295587817201	5.92318127660091e-11	0	0	2.82040796129654e-10
TMC5	-0.20548699064607	0.0307128504300956	2.22277518754347e-11	0	0	1.09438619715313e-10
TMCO6	-0.155402553574574	0.0548273011952752	0.00459116907728438	0	0	0.00895561375569052
TMED7-TICAM2	0.0860596744059657	0.0358709885754958	0.0164334414421358	0	0	0.0286472630154785
TMEFF1	-0.041403300798683	0.048810234274405	0.396298533533955	38.0113783621795	0.00181149875454606	0.478085675145168
TMEM110	0.288997877229352	0.045218436631294	1.64641201044663e-10	0	0	7.56936757026634e-10
TMEM110-MUSTN1	0.0874773200232881	0.0237461019547628	0.000229728263279072	0	0	0.000563464635352021
TMEM135	-0.365786923108777	0.0533131410863032	6.8331132396632e-12	0	0	3.59877297288928e-11
TMEM14C	-0.12264882016333	0.0330412386398217	0.00020563432442306	0	0	0.000506939653684084
TMEM164	-0.101242494362914	0.0239295914719573	2.32810654889132e-05	0	0	6.48437368905947e-05
TMEM179B	0.209239580708926	0.031518063876958	3.16420193765683e-11	0	0	1.53186155087676e-10
TMEM183B	-0.168503743288413	0.0266791405552509	2.68531234320809e-10	0	0	1.21538355533741e-09
TMEM189-UBE2V1	-0.0487992669961199	0.0215816566765457	0.0237502454310677	0	0	0.0399592706284565
TMEM198B	-6.97161108886273e-05	0.0258689512919887	0.997849725697959	0	0	0.998424193012696
TMEM199	-0.0161872715004721	0.0182757245774327	0.375765575499521	0	0	0.457339334886671
TMEM247	-0.0101174993219216	0.0147435792103914	0.492567528451877	0	0	0.57339743097747
TMEM256-PLSCR3	-0.00174033476769445	0.0384292599362039	0.963878780092531	60.7927952746349	0.00179558656803112	0.97283468048828
TMEM263	0.0551435422371393	0.0190121119713956	0.00372635907376693	31.0765329148108	0.000224908263358087	0.00746991011557893
TMEM53	0.0508188522749243	0.0262795804591512	0.0531405330502511	0	0	0.0829813534962591
TMLHE-AS1	0.0482059705194607	0.0222636346654599	0.0303697980797282	0	0	0.0501260294991145
TMPPE	0.279283989172018	0.0341666560157389	2.97914256425561e-16	50.2884450766772	0.00117411117779554	2.22385057579141e-15
TMSB15B	0.0245079643160433	0.030825163043049	0.426576521879134	0	0	0.50780136645612
TMX2-CTNND1	-0.108092726247916	0.0394762384211846	0.00617817757203683	0	0	0.0117480006785558
TNFAIP8L2-SCNM1	-0.00528547205475529	0.0306112712220495	0.862915349432252	0	0	0.896441648125077
TNFRSF10C	0.320932505169088	0.0529915198328945	1.39288722116179e-09	0	0	6.03700246977354e-09
TNFRSF6B	0.491091799352734	0.0400566528179188	1.48626405288496e-34	0	0	3.69018131987722e-33
TNFSF12-TNFSF13	0.140721835826895	0.0313158885595848	7.00211395256491e-06	0	0	2.06967245740779e-05
TNFSF13	0.501992518214298	0.0297493930950999	6.98485467709961e-64	0	0	5.27812062121701e-62
TNNI3K	0.0112040213693859	0.0199922555073487	0.575194304863132	0	0	0.651262346483468
TNPO1	-0.277785807652105	0.0291045278428759	1.36872678564887e-21	0	0	1.52490202144727e-20
TNXB	0.0635501721776988	0.023929020710868	0.00791256317870379	0	0	0.0145678334794356
TOMM6	-0.268568144705817	0.0185883373965198	2.57297286195378e-47	0	0	1.27766480973591e-45
TOMM7	-0.32665206301714	0.0303434203120523	5.02689635977123e-27	0	0	7.80066595828786e-26
TP53TG3B	-0.139939617702365	0.0420833986647821	0.000883257603595126	0	0	0.00197567788294508
TPM3P4	0.0193804821098188	0.0195991889442603	0.322740927996615	0	0	0.402493233963719
TPSB2	0.385328519096837	0.069393399449209	2.81109943187455e-08	0	0	1.09149380014293e-07
TPT1	-0.109500633016362	0.0140724278862858	7.18294395072877e-15	0	0	4.87654554154945e-14
TPTE2P1	0.0907423544506938	0.0187536355599061	1.30721361601625e-06	0	0	4.17635526587545e-06
TPTE2P2	0.0172782758985934	0.013305205000013	0.194077710627027	0	0	0.258131604908787
TPTEP1	-0.145365978906932	0.0401015010510418	0.000289016172974759	0	0	0.000693798492583054
TRAC	0.2565403021171	0.0269940808474184	2.02803399667413e-21	0	0	2.23083739634155e-20
TRAJ17	0.497126725618733	0.057293100962031	4.06688821695775e-18	0	0	3.41461435800607e-17
TRAPPC10	-0.180025867542657	0.0336262286490778	8.61577173511902e-08	11.1990873488393	0.000253460362837012	3.17923806276791e-07
TRAPPC2P1	-0.165605743669634	0.0306374325601269	6.46855246642568e-08	0	0	2.43340783260776e-07
TRAPPC4	-0.0576059228362853	0.0183190336960965	0.00166317488882712	1.26233036168503	8.50109325404528e-06	0.0035952710905243
TRAV12-1	0.0279924727365852	0.0226875662626582	0.217268346716798	0	0	0.285421305059557
TRAV12-2	0.080677506551885	0.017377704902131	3.44073712217905e-06	0	0	1.05660276001816e-05
TRAV12-3	0.0281476044875292	0.0155166386753388	0.0696735394808044	0	0	0.105847827348329
TRAV13-1	0.118592698673264	0.0246905320342991	1.56177102868909e-06	0	0	4.95320811653585e-06
TRAV13-2	0.0263710411359197	0.0174068771984062	0.129777900906029	0	0	0.18219223891331
TRAV16	0.0371196757852297	0.0225207004875977	0.0993020069551347	0	0	0.144666293451822
TRAV20	-0.0554156122827655	0.0234925354889164	0.0183311488895929	0	0	0.0315128949259273
TRAV21	0.00768359674915674	0.021445913393012	0.720135357377035	0	0	0.780783063706354
TRAV23DV6	0.112886504367833	0.0189025328024783	2.34318561570955e-09	0	0	9.88460339830875e-09
TRAV24	0.0348397955620154	0.0151953665985972	0.0218600564064529	0	0	0.0368861922664225
TRAV25	0.101604099045393	0.017888346103613	1.34769901713308e-08	0	0	5.38459975121215e-08
TRAV26-2	0.0974706451440388	0.0313893061579417	0.00190138694881049	16.429016723075	0.000323969988594872	0.00404976779048116
TRAV30	0.0508780371159467	0.0270708444277435	0.060184392210081	18.0433911892933	0.000265018747799883	0.093031714841024
TRAV34	0.0116929240755755	0.0138154979169273	0.397350360932152	0	0	0.478914651387018
TRAV39	0.0646224292976833	0.0172168150322153	0.00017441834946701	0	0	0.000435544671513883
TRAV40	0.0251768035432386	0.020014559635339	0.208419087173383	0	0	0.275252563455426
TRAV5	-0.00639608392890076	0.0167620264894806	0.702771599795594	0	0	0.767963250257255
TRAV8-1	0.00138214309458807	0.0229417706415955	0.951959946265933	0	0	0.963603020739774
TRAV8-6	0.140324390302101	0.0399252468021587	0.000440287338980851	0	0	0.00102439008721381
TRAV9-2	0.102552752903428	0.0253927756852251	5.37577309494374e-05	37.586499227985	0.000485436886435074	0.000143519103517853
TRBV5-2	0.0919036168017797	0.0400040501730706	0.0215983668814706	46.7715829059082	0.001501517023503	0.0364800404664683
TRBV7-3	0.0770928687872052	0.0265609457895971	0.00370209457794349	0	0	0.0074384281808853
TRDC	0.43358228857336	0.0499161963325173	3.7475006991983e-18	0	0	3.16172631806148e-17
TREX1	-0.118390852259543	0.0216699971579278	4.67223186059877e-08	0	0	1.78077609072822e-07
TREX2	-0.152478724162441	0.0341189952849964	7.85760726058047e-06	0	0	2.3146646472693e-05
TRGC2	0.436325209673068	0.0506419257838126	6.94009890890366e-18	0	0	5.71653644723913e-17
TRGV7	0.0366261699003912	0.0213876842424063	0.0868066253476809	0	0	0.128948645174589
TRIM13	-0.250246303380321	0.0223981188650824	5.55010427187064e-29	22.9511821630816	0.000230352064248321	9.36512740243803e-28
TRIM39	-0.210261022861486	0.0340693514823812	6.76197618431423e-10	0	0	2.99041084181632e-09
TRIM39-RPP21	-0.0391079246615543	0.0246871291207058	0.113161348026208	0	0	0.162005290666845
TRIM43B	-0.0151112506701896	0.013015680830212	0.245640486367357	0	0	0.317414992792912
TRIM48	0.0927279189949417	0.02433987071	0.000139128267272968	0	0	0.000351460651919212
TRIM49C	0.0469452161168735	0.0157845071860036	0.0029381815358595	0	0	0.00605042595891447
TRIM59	-0.919029623414073	0.070743080629172	1.37457964912851e-38	0	0	4.3436716912461e-37
TRIM6-TRIM34	-0.147671607427335	0.0309924565808945	1.89078869037672e-06	0	0	5.95324410122236e-06
TRIM74	-0.0215425451017483	0.0194908100135929	0.269044001766238	49.7201693892331	0.000377861586245953	0.34356978329884
TRIOBP	-0.0870854584923411	0.0526079225983057	0.0978499235539712	0	0	0.143030418113374
TRIP6	-0.0341677037269914	0.0187353594351966	0.0681972069482293	0	0	0.103879706990379
TRMU	-0.030550257019307	0.0348494088515205	0.380684213070626	0	0	0.461995482285772
TROVE2	-0.206974023389447	0.0401529153164899	2.54111894226874e-07	0	0	8.92215095285469e-07
TRPV1	0.0441700081502995	0.0195898896012644	0.0241499724382733	0	0	0.0405658623242422
TSNAX-DISC1	0.235946003957615	0.0216804531204976	1.39080960085373e-27	0	0	2.19747916934889e-26
TSPY10	-0.00358105837589328	0.0174142445347673	0.837072437940391	0	0	0.876404757313494
TSPY13P	0.0396431703716796	0.026445460180405	0.133859648195086	30.9020556645472	0.00043593988059469	0.18746822607821
TSSK2	-0.0743794662569252	0.0143448207603561	2.15887996178303e-07	0	0	7.67307438359696e-07
TSTD2	-0.0401859465383819	0.0296884547201696	0.17586774467732	0	0	0.237866257003254
TTC21B	-0.0202426325361833	0.0259352043793111	0.435091965051738	0	0	0.51652311151634
TTC34	0.0957745047158345	0.0204630296345401	2.86360735434442e-06	0	0	8.90330873318533e-06
TTC3P1	-0.129981706314175	0.0468863005582923	0.00556660332940249	38.1983540768078	0.00168083242050304	0.0106903387696149
TTC4	-0.171926043230303	0.0349483110103504	8.67931305129813e-07	0	0	2.86236168560838e-06
TTTY14	-0.0973433662509549	0.0501957314003404	0.0524677662225715	0	0	0.0821522321575039
TTTY1B	0.0713850676781253	0.0278988885520491	0.0105062399053069	0	0	0.0190008792460182
TTTY2B	0.0613972675324984	0.019532760281031	0.00167056222289342	0	0	0.0036066970520432
TTTY4B	0.0392396276170954	0.0187741808552058	0.0366101944138816	0	0	0.0594103808509115
TTTY6B	0.0624954631528135	0.037334184466117	0.0941409261596752	29.462890799139	0.000822673191086808	0.138541007337439
TTTY7B	-0.00783075782323388	0.0175410701112785	0.655290870397913	0	0	0.724488252386497
TTTY8B	-0.0679352601704358	0.0262187700512914	0.00956717538472378	56.2396215208066	0.000773703606639916	0.0173930447893828
TTTY9B	0.0347894314104148	0.0269294239734859	0.196400670631945	0	0	0.260767276973507
TUBA3D	-0.274497780445671	0.0299128847148241	4.45027473714559e-20	0	0	4.47085404228846e-19
TUBB2B	-0.585848931988432	0.0594915954612913	7.02061368342315e-23	0	0	8.65377771758116e-22
TUBB4BP7	-0.0400137676491665	0.0540064396250922	0.458749623339587	54.0302786674175	0.00315200855310457	0.539815061180909
TUBB8P2	-0.129239890600218	0.0229062272094668	1.67960100782194e-08	0	0	6.64953656399666e-08
TVP23C	0.0793771039816693	0.0296924092835747	0.00751061352257208	0	0	0.0139056680017388
TXNDC12	0.0646093949157815	0.0599735972686555	0.281347464369532	65.3252466690391	0.00470097708874112	0.357181806482284
TXNDC5	0.7509381969709	0.0601881977284606	1.00296332181442e-35	17.3946070016319	0.00126334355555792	2.72367227080228e-34
TXNRD3NB	-0.0896420412667434	0.026897134613256	0.000859850978008323	0	0	0.00192580025744648
U47924.30	-0.0625875098517559	0.0248607328260264	0.0118182670574675	0	0	0.0211754104596686
U50535	-0.0310221024033677	0.0440038696008553	0.480819084584297	20.7092968814893	0.000805238117642459	0.562357718040046
U73166.2	-0.012485494798058	0.0275237784196535	0.650098212212691	0	0	0.719662861672393
UBA6-AS1	0.0682417180970005	0.0294270905791867	0.0203944926915165	0	0	0.0347165801154317
UBA7	0.289148532505225	0.0323499072915823	3.95716572575904e-19	0	0	3.619765279668e-18
UBBP1	-0.0866682292698134	0.0874072484344151	0.321419479449271	19.2499804517416	0.00295699509842701	0.401601046213395
UBBP2	-0.175393349202931	0.0341658443257834	2.84270872265289e-07	0	0	9.94090092549443e-07
UBD	0.951309695818471	0.0741654581999641	1.15974800826487e-37	0	0	3.53621410239358e-36
UBE2V1P9	-0.0267408868172672	0.0257557544806133	0.299154136779967	0	0	0.377034002700205
UBE2V2P3	0.101283979925277	0.0439866183078031	0.0213008565110785	0	0	0.0360827374427431
UBE3A	-0.00795055148304426	0.0197041364638838	0.686582957333126	0	0	0.753809968316471
UBXN6	-0.099342413600057	0.0368652849475479	0.0070443255919759	0	0	0.0132071606028631
UCK2	-0.223738763962786	0.0259196322888287	6.02782549082221e-18	0	0	5.01261277657847e-17
UGT1A10	-0.39617135482214	0.0518542188862358	2.17055138969113e-14	0	0	1.41289075478771e-13
UGT1A3	-0.0601042771697062	0.0165316039974453	0.000277205699307264	0	0	0.000669143757494478
UGT2A2	-0.0326558294773663	0.0151130234978072	0.0307127950685856	0	0	0.0505642494556524
UQCC2	0.0198758100427816	0.0218080521346396	0.362085829157074	0	0	0.443172655686616
UQCRHL	-0.196427189464526	0.0291857483779522	1.6937954363197e-11	19.3154080361071	0.00033966759242685	8.43500420723104e-11
URGCP-MRPS24	0.0377240498344132	0.0260803092549091	0.148049021895923	0	0	0.20437585389604
USP15	-0.20671621116781	0.0285736950212757	4.6726968755436e-13	0	0	2.6453248109755e-12
USP32	0.0375270754668029	0.0218800871341217	0.0863223869006483	0	0	0.128339014913025
USP32P2	0.121259910341486	0.0282303164978463	1.74395091080771e-05	0	0	4.9769896272312e-05
USP4	0.100380831817146	0.0236705490780115	2.22776216906107e-05	0	0	6.23403426458673e-05
USP6	0.00281070141436263	0.0310005045653861	0.927757739596312	49.0440524959455	0.000943095893197785	0.948285449152329
USP6NL-IT1	-0.151629562589692	0.0362830860606096	2.92703372342447e-05	0	0	8.10061243839447e-05
UTP14A	-0.0822216539792797	0.0285063694556481	0.00392252835004474	0	0	0.00782704279262658
UTP14C	-0.0129912211456389	0.0421108665260106	0.757701560182799	0	0	0.810889970195631
VCY1B	0.096840929225211	0.0502094701485261	0.0537633561664264	55.3092863646482	0.00278886533892229	0.0837282374706534
VMP1	0.334401711339978	0.0483130325937221	4.46686584014008e-12	0	0	2.41099777334269e-11
VPS72	-0.0430913759047096	0.0332075215886016	0.194411405761964	46.6531064667333	0.00102893797851637	0.258323412243343
VSIG10	-0.260556388276157	0.0342360283163611	2.72846656703664e-14	0	0	1.74340988731973e-13
VSTM2A-OT1	-0.0253435321884959	0.015133485057983	0.0939997909762141	0	0	0.13845053959039
VTI1A	0.0712802089992758	0.0485181968450375	0.141793784708372	58.8951275776563	0.00277718070414729	0.196991230665957
VTN	-0.00739465217764622	0.0183035087314308	0.686211327081724	0	0	0.753809968316471
WAC-AS1	-0.190229073034279	0.0259903115611352	2.49397473721002e-13	0	0	1.45943706844142e-12
WASH2P	-0.0023343501320621	0.0430179012235833	0.956724335874507	0	0	0.967298950407152
WASIR1	-0.0387501401841477	0.0196519114508315	0.048629529929343	0	0	0.0769045705343022
WDR33	-0.103975854355306	0.0256900371526861	5.18069354901867e-05	0	0	0.00013895131771905
WHAMMP3	-0.0605356162607369	0.0156862616353855	0.000113782689776573	0	0	0.000293404027940184
WIBG	-0.346350844864031	0.0407241901726439	1.81918451625921e-17	0	0	1.46376976354561e-16
WNT3	-0.0409844333951686	0.0153689921186421	0.00766008727575911	0	0	0.0141329423410502
WSCD1	0.0213978119727808	0.0190091271564182	0.260309507751658	0	0	0.333887767138289
WTH3DI	-0.179490934334751	0.0361074454155985	6.66006166399224e-07	0	0	2.2174688069001e-06
WWC2	-0.111225502457075	0.0283870483719715	8.92208906580679e-05	0	0	0.0002331818164868
XAGE1E	0.0595476751528836	0.0361940439045198	0.0999215444364659	0	0	0.145325225297555
XCL2	0.493822994944305	0.0524724532756941	4.91016838732566e-21	0	0	5.3336704107325e-20
XGY2	-0.582846668668632	0.0529994794300309	3.94116481804274e-28	0	0	6.34235597570211e-27
XKR4	-0.0302485623467812	0.0213296248809878	0.156147594340173	0	0	0.214025645870047
XKRY2	0.00381985458752554	0.0120387710074442	0.751018967980787	0	0	0.806220485701426
YLPM1	-0.250507179047541	0.0527324873721002	2.0288579318327e-06	0	0	6.37641064290278e-06
YME1L1	0.131504164381324	0.034240176524469	0.000122714360708547	0	0	0.000314568670960847
YY2	0.0408148068549326	0.0231060362668915	0.077326556552295	0	0	0.116056610784014
ZBTB1	-0.48089203900481	0.0504170351745024	1.45214092384604e-21	0	0	1.60752925200282e-20
ZC3H11A	-0.0992698440227611	0.0266094567740949	0.000191007075440919	0	0	0.000473566757655233
ZC3H12A	0.543249678472752	0.0602239743004171	1.87252115609063e-19	0	0	1.78815481828875e-18
ZCCHC2	-0.0263856458974663	0.0223823459347631	0.238454042256935	0	0	0.309972419927115
ZDHHC11B	-0.642440448381186	0.076800308948206	6.0076008752476e-17	0	0	4.6821570946997e-16
ZEB1	0.197142820877419	0.0327426777107241	1.73370291744042e-09	0	0	7.40338002582666e-09
ZFP41	-0.0420033125749765	0.0343770038346399	0.221766882178342	0	0	0.290452781632222
ZFY	0.0150213091932036	0.0690367120633158	0.827752967142247	41.8146618963631	0.00398633698656901	0.868216449543286
ZFY-AS1	-0.0545501190537047	0.0138565680876867	8.25857530448541e-05	0	0	0.000216818789715946
ZGPAT	0.101621424248999	0.034121283407494	0.00289907404776009	0	0	0.00599832225596076
ZIC1	-0.0307780314664428	0.0159370291500008	0.0534549051886853	0	0	0.0833225338277445
ZIM2	0.0477404590407116	0.0355700533551874	0.179546344560503	0	0	0.242005457486879
ZMYM6NB	0.65332854164772	0.048073067747755	4.57055856557911e-42	0	0	1.84735599697128e-40
ZNF131	-0.329060800306849	0.0368984563919406	4.74741883945051e-19	0	0	4.29740309529426e-18
ZNF263	0.000650347225574896	0.0178267599459717	0.970898417110376	0	0	0.97809168536536
ZNF273	-0.0667678939089304	0.0145873188985241	4.71423406593866e-06	0	0	1.42492848810459e-05
ZNF280D	-0.0790412767371269	0.0210050780610249	0.000167913804927822	0	0	0.000420510364502241
ZNF286B	-0.198740444522146	0.0360624583928446	3.56787438112335e-08	0	0	1.3779923720872e-07
ZNF320	-0.135775956833901	0.0406999011141248	0.00084985001055457	0	0	0.00190831953274398
ZNF33B	-0.0217387117741232	0.0189786334320522	0.252030734851107	0	0	0.324511766712883
ZNF37A	-0.0336987653611522	0.0440665315989255	0.444435492086704	13.1058280364968	0.000511145524967315	0.526536390761208
ZNF395	-0.293344366004401	0.0485123305832251	1.47750878753168e-09	0	0	6.35621354636152e-09
ZNF410	-0.186239212399468	0.0318472428515945	4.97843879000959e-09	0	0	2.06504215203739e-08
ZNF44	-0.218619465348245	0.0249333877787251	1.81639912493421e-18	0	0	1.57059785031625e-17
ZNF559-ZNF177	0.174487804543386	0.0439201573547483	7.10204403428034e-05	0	0	0.000188160861761879
ZNF562	-0.311745453578877	0.0385777895272214	6.42605329934974e-16	0	0	4.65353359761244e-15
ZNF587	-0.0662327798149803	0.0252626793499737	0.00874760174530039	0	0	0.0160203707411297
ZNF595	0.0622423623405046	0.0251839144968698	0.013454280480004	0	0	0.0238607545655581
ZNF625-ZNF20	-0.0304152231985931	0.0268306538007608	0.256962466105335	0	0	0.330326010422391
ZNF638-IT1	-0.00475004175653258	0.0474857727456185	0.920319841103838	46.5843590216552	0.0021110370057814	0.941445487839005
ZNF664-FAM101A	0.134141690552461	0.032659343564227	4.0031280392595e-05	57.3139335996541	0.00122274713463784	0.000108371285548801
ZNF670-ZNF695	0.080799376338173	0.021654915523963	0.00019055044549809	0	0	0.000473109534679543
ZNF674	0.149224902270423	0.0238699971282958	4.06352968003988e-10	0	0	1.81553074136486e-09
ZNF70	0.280234218378847	0.0788683738468648	0.000380591285994891	49.7941625337403	0.00619652621249006	0.000893875209539352
ZNF707	-0.00770086540994706	0.0254668367872822	0.762356314398564	41.5139605366758	0.000538525218111149	0.814867942450618
ZNF717	0.0592813864052654	0.0193269504930533	0.00216008266277027	0	0	0.00458391168241115
ZNF718	0.156303969495763	0.0206915422506939	4.22080879003649e-14	0	0	2.62930669429513e-13
ZNF720	-0.164258731172894	0.0244972227511476	2.01133332960402e-11	0	0	9.95925164345237e-11
ZNF729	-0.0650644150503371	0.0523106236308028	0.21356993349544	0	0	0.281413604560329
ZNF75A	0.0263950601881157	0.023387172987606	0.259061255604723	0	0	0.332532099144024
ZNF75D	-0.0227303777719309	0.0280083476547852	0.417045726379922	20.7805152013341	0.000326096159072474	0.496796074330571
ZNF768	-0.0273100112853877	0.0459249148296988	0.552066376385734	0	0	0.62917466371043
ZNF77	0.0809428134979012	0.0207900168505854	9.88693184196855e-05	0	0	0.00025723783744523
ZNF775	0.391333201817358	0.0335926836625781	2.31193664295343e-31	0	0	4.61855848902652e-30
ZNF780B	0.0524608528487861	0.0717309516986458	0.464561810564007	63.9771831990298	0.00658373279518565	0.545546234297463
ZNF783	-0.00225145946858124	0.0471899191282384	0.961946884237705	75.2597966977738	0.00335485657163318	0.971448974320239
ZNF785	0.147851401353332	0.0350470981640382	2.45770663860513e-05	0	0	6.82347306373116e-05
ZNF788	0.09462319170363	0.0331356424578812	0.00429513023160913	0	0	0.00846364664686697
ZNF8	0.00809341437759564	0.0466892098332078	0.862379020211059	0	0	0.896420297324654
ZNF806	-0.0800871637546991	0.0384946997654899	0.0374822166417915	0	0	0.0607121085959306
ZNF816-ZNF321P	0.0196127481248633	0.016359808460464	0.230591227130546	0	0	0.300876541105772
ZNF846	-0.170499033105037	0.0222245046984072	1.69773232377203e-14	0	0	1.11767377981659e-13
ZNF861P	0.0449063453203319	0.0409265600647129	0.272535567428962	0	0	0.347263061724
ZNF890P	0.0726887706172508	0.028612269724275	0.0110701845124669	0	0	0.0199584861853397
ZNRD1-AS1	-0.00137661914158124	0.015585731114062	0.929617888045671	15.2477179614293	7.42712965663084e-05	0.949280781094816
ZP3	0.0440721871523761	0.0676488686824797	0.514733800852119	0	0	0.594423485635205
ZPR1	-0.0741366022443625	0.0400268042937908	0.0640008552709265	0	0	0.0982558675672745
ZRANB2	0.0015709103251131	0.047357593484996	0.9735380288493	61.5181082785434	0.0027593847036802	0.9786056067901
ZRSR1	0.116643543452422	0.039470931634764	0.00312490893594818	0	0	0.00635959219048939
ZSWIM8	-0.00311650366769802	0.036933674710708	0.932753442990368	0	0	0.950995530865353
ZSWIM8-AS1	-0.0105541058018018	0.024530411547644	0.667016870942989	0	0	0.736047823300898
ZXDB	0.0506163527983843	0.0169993191659388	0.00290560573143054	0	0	0.00600468818219534
